tool		SPF Monday 11 August 2025 06:41:43 PM IST	SPF Monday 11 August 2025 06:41:43 PM IST	SPF Monday 11 August 2025 06:41:43 PM IST	SPF Monday 11 August 2025 06:41:43 PM IST
run set		SV-COMP25_assert_java.ReachSafety-Java	SV-COMP25_assert_java.ReachSafety-Java	SV-COMP25_assert_java.ReachSafety-Java	SV-COMP25_assert_java.ReachSafety-Java
sv-benchmarks/java/		status	cputime (s)	walltime (s)	memory (MB)
jayhorn-recursive/Ackermann01.yml	false	false	3.103402	3.1063541630001055	123.346944
jayhorn-recursive/Addition.yml	true	true	3.615201	3.628252900999996	112.566272
jayhorn-recursive/InfiniteLoop.yml	false	false	1.706995	1.7147883479999564	103.387136
jayhorn-recursive/SatAckermann01.yml	true	true	229.884584	229.9259450510001	174.063616
jayhorn-recursive/SatAckermann02.yml	true	true	234.117264	234.18120417799992	175.640576
jayhorn-recursive/SatAckermann03.yml	true	true	235.263177	235.32037389899983	175.337472
jayhorn-recursive/SatAddition01.yml	true	true	4.124588	4.132088305000025	118.390784
jayhorn-recursive/SatEvenOdd01.yml	true	unknown	2.427641	2.4307633109999642	101.019648
jayhorn-recursive/SatFibonacci01.yml	true	true	15.949588	15.964148953000176	129.159168
jayhorn-recursive/SatFibonacci02.yml	true	true	2.183353	2.1980584590000944	56.516608
jayhorn-recursive/SatFibonacci03.yml	true	true	21.796109	21.811909081000067	130.859008
jayhorn-recursive/SatGcd.yml	true	TIMEOUT	900.931078	901.0065073510002	153.870336
jayhorn-recursive/SatHanoi01.yml	true	true	99.460878	99.48144224300017	140.185600
jayhorn-recursive/SatMccarthy91.yml	true	true	206.858147	206.888057635	161.415168
jayhorn-recursive/SatMultCommutative01.yml	true	true	6.754407	6.777424338999936	120.512512
jayhorn-recursive/SatPrimes01.yml	true	unknown	162.131782	162.15819551100003	209.698816
jayhorn-recursive/UnsatAckermann01.yml	false	false	3.057042	3.0793180810001104	101.675008
jayhorn-recursive/UnsatAddition01.yml	false	false	2.954195	3.7362873730000956	101.412864
jayhorn-recursive/UnsatAddition02.yml	false	true	6.88814	6.9108852080000815	108.220416
jayhorn-recursive/UnsatEvenOdd01.yml	false	unknown	2.931302	2.9356082770000285	107.954176
jayhorn-recursive/UnsatFibonacci01.yml	false	false	4.324987	4.335293024000066	103.366656
jayhorn-recursive/UnsatFibonacci02.yml	false	false	10.722774	10.729854270000033	119.980032
jayhorn-recursive/UnsatMccarthy91.yml	false	false	2.998504	3.0071606249998695	101.163008
jbmc-regression/ArithmeticException1.yml	false	false	2.984307	3.008070029999999	100.380672
jbmc-regression/ArithmeticException5.yml	true	true	2.410906	2.435547277000069	55.394304
jbmc-regression/ArithmeticException6.yml	false	false	2.917882	2.9321800519999215	101.150720
jbmc-regression/ArrayIndexOutOfBoundsException1.yml	false	unknown	2.797965	2.8034425310002007	100.237312
jbmc-regression/ArrayIndexOutOfBoundsException2.yml	false	unknown	2.923217	2.927304658999901	107.933696
jbmc-regression/ArrayIndexOutOfBoundsException3.yml	false	unknown	2.703168	2.718057419999923	81.625088
jbmc-regression/BufferedReaderReadLine.yml	false	false	2.972257	2.9777512320001733	103.034880
jbmc-regression/CharSequenceBug.yml	false	false	2.934006	2.948565977000044	103.538688
jbmc-regression/CharSequenceToString.yml	true	true	3.020792	3.0321521670000493	108.118016
jbmc-regression/ClassCastException1.yml	false	false	2.371685	2.3841265359999397	55.111680
jbmc-regression/ClassCastException2.yml	true	true	2.354278	2.3648024280000755	54.243328
jbmc-regression/ClassCastException3.yml	false	false	2.388339	2.401903018999974	54.472704
jbmc-regression/Class_method1.yml	true	true	2.364784	2.3884813510001095	54.968320
jbmc-regression/Inheritance1.yml	true	true	2.439082	2.4557954469999004	53.231616
jbmc-regression/NegativeArraySizeException1.yml	false	false	2.554426	2.5661773150000045	55.562240
jbmc-regression/NegativeArraySizeException2.yml	false	false	2.574459	2.5893585589999475	53.714944
jbmc-regression/NullPointerException1.yml	true	true	2.627141	2.651633585999889	55.107584
jbmc-regression/NullPointerException2.yml	false	false	2.409625	2.4293794779998734	52.731904
jbmc-regression/NullPointerException3.yml	false	false	2.32629	2.3422695570000087	55.119872
jbmc-regression/NullPointerException4.yml	false	false	2.474742	2.492406014000153	55.242752
jbmc-regression/RegexMatches01.yml	true	true	2.484444	2.492330187999869	54.456320
jbmc-regression/RegexMatches02.yml	false	true	2.457624	2.476642507999941	55.529472
jbmc-regression/RegexSubstitution01.yml	true	true	2.492231	2.5123890419999952	53.444608
jbmc-regression/RegexSubstitution02.yml	false	unknown	2.579335	2.599071691000063	53.456896
jbmc-regression/RegexSubstitution03.yml	true	true	2.582464	2.604457547000038	55.140352
jbmc-regression/StaticCharMethods01.yml	true	true	2.501525	2.516299226000001	53.592064
jbmc-regression/StaticCharMethods02.yml	false	false	2.960366	2.9744350779999422	101.195776
jbmc-regression/StaticCharMethods03.yml	false	false	3.021703	3.046554320000041	101.281792
jbmc-regression/StaticCharMethods04.yml	false	false	2.469587	2.4826950399999532	52.928512
jbmc-regression/StaticCharMethods05.yml	false	unknown	2.646689	2.654428338999878	53.903360
jbmc-regression/StaticCharMethods06.yml	true	true	3.054316	3.0647186979999788	102.432768
jbmc-regression/StringBuilderAppend01.yml	true	unknown	2.780076	2.796785769000053	54.976512
jbmc-regression/StringBuilderAppend02.yml	false	unknown	2.756999	2.771997104000093	54.853632
jbmc-regression/StringBuilderCapLen01.yml	true	true	2.56429	2.5815261549998922	54.534144
jbmc-regression/StringBuilderCapLen02.yml	false	false	2.848988	2.861434892000034	80.760832
jbmc-regression/StringBuilderCapLen03.yml	false	unknown	2.511803	2.534677410999848	54.169600
jbmc-regression/StringBuilderCapLen04.yml	false	unknown	2.446962	2.4692427500001486	54.894592
jbmc-regression/StringBuilderChars01.yml	true	true	2.613089	2.622241678999899	56.623104
jbmc-regression/StringBuilderChars02.yml	false	false	3.023587	3.042319391999854	80.883712
jbmc-regression/StringBuilderChars03.yml	false	unknown	2.39887	2.422358852000116	54.788096
jbmc-regression/StringBuilderChars04.yml	false	unknown	2.597445	2.6111753580000823	53.166080
jbmc-regression/StringBuilderChars05.yml	false	unknown	2.556401	2.577625320999914	54.112256
jbmc-regression/StringBuilderChars06.yml	false	unknown	2.50885	2.5223981339997863	54.841344
jbmc-regression/StringBuilderConstructors01.yml	true	unknown	2.956203	2.9767445949999	102.064128
jbmc-regression/StringBuilderConstructors02.yml	false	unknown	2.464957	2.4756070260000342	53.567488
jbmc-regression/StringBuilderInsertDelete01.yml	true	true	2.531944	2.53656054399994	53.235712
jbmc-regression/StringBuilderInsertDelete02.yml	false	unknown	2.447119	2.4563477189999503	55.816192
jbmc-regression/StringBuilderInsertDelete03.yml	false	unknown	2.777412	2.792595001000109	52.846592
jbmc-regression/StringCompare01.yml	true	true	2.595239	2.6097575940000297	55.054336
jbmc-regression/StringCompare02.yml	false	unknown	2.572568	2.597103742000172	54.931456
jbmc-regression/StringCompare03.yml	false	unknown	2.583746	2.601588892000109	55.365632
jbmc-regression/StringCompare04.yml	false	unknown	2.423222	2.4335445560000153	52.977664
jbmc-regression/StringCompare05.yml	false	false	2.425909	2.4493826299999455	55.947264
jbmc-regression/StringConcatenation01.yml	true	true	3.012077	3.026051081999867	83.259392
jbmc-regression/StringConcatenation02.yml	false	false	2.744484	2.768386302999943	80.302080
jbmc-regression/StringConcatenation03.yml	false	false	3.116003	3.1340764560000025	90.779648
jbmc-regression/StringConcatenation04.yml	false	false	2.903128	2.9274809410001126	83.144704
jbmc-regression/StringConstructors01.yml	true	true	2.675102	2.6986509850000857	55.062528
jbmc-regression/StringConstructors02.yml	false	false	2.959407	2.975323499000069	82.558976
jbmc-regression/StringConstructors03.yml	false	false	3.049826	3.072390528000142	81.104896
jbmc-regression/StringConstructors04.yml	false	false	3.079933	3.0916193660000317	80.527360
jbmc-regression/StringConstructors05.yml	false	false	2.904203	2.9171122359998662	82.219008
jbmc-regression/StringContains01.yml	false	false	2.962	2.9671824009999455	82.391040
jbmc-regression/StringContains02.yml	false	false	3.075746	3.0906896700000743	80.523264
jbmc-regression/StringIndexMethods01.yml	true	true	2.762301	2.782869374000029	54.996992
jbmc-regression/StringIndexMethods02.yml	false	false	3.04496	3.056539310000062	103.407616
jbmc-regression/StringIndexMethods03.yml	false	unknown	2.914977	2.9297032389999913	99.852288
jbmc-regression/StringIndexMethods04.yml	false	TIMEOUT	900.852465	901.0069271270002	498.524160
jbmc-regression/StringIndexMethods05.yml	false	unknown	2.925485	2.930288507999876	98.488320
jbmc-regression/StringMiscellaneous01.yml	true	true	2.561175	2.5739855910001097	53.989376
jbmc-regression/StringMiscellaneous02.yml	false	false	2.927965	2.9426158570001917	103.849984
jbmc-regression/StringMiscellaneous03.yml	false	false	2.079743	2.0835544490000757	101.965824
jbmc-regression/StringMiscellaneous04.yml	true	true	2.233598	2.257693935999896	54.800384
jbmc-regression/StringStartEnd01.yml	true	true	1.767944	1.7914076609999938	54.775808
jbmc-regression/StringStartEnd02.yml	false	false	2.745941	2.7596017740002026	82.898944
jbmc-regression/StringStartEnd03.yml	false	false	2.22441	2.237365860999944	82.681856
jbmc-regression/StringValueOf01.yml	true	true	2.348933	2.364221110000017	53.559296
jbmc-regression/StringValueOf02.yml	false	unknown	1.198184	1.212331003999907	52.539392
jbmc-regression/StringValueOf03.yml	false	false	1.751469	1.7644301380000798	53.493760
jbmc-regression/StringValueOf04.yml	false	false	2.530037	2.550318880000077	81.690624
jbmc-regression/StringValueOf05.yml	false	false	2.158855	2.172460780999927	101.748736
jbmc-regression/StringValueOf06.yml	false	false	2.638351	2.662561111000059	79.925248
jbmc-regression/StringValueOf07.yml	false	unknown	1.831426	1.8482323769999311	54.059008
jbmc-regression/StringValueOf08.yml	false	unknown	2.578127	2.5917553899998893	77.398016
jbmc-regression/StringValueOf09.yml	false	unknown	2.029216	2.0338476360000186	77.664256
jbmc-regression/StringValueOf10.yml	false	false	2.72297	2.7468534080001064	85.782528
jbmc-regression/SubString01.yml	true	true	1.784821	1.805313678999937	53.374976
jbmc-regression/SubString02.yml	false	false	1.957793	1.961550829000089	82.685952
jbmc-regression/SubString03.yml	false	false	2.883321	2.9029631890000474	89.890816
jbmc-regression/TokenTest01.yml	true	true	1.853247	1.88013689599984	61.841408
jbmc-regression/TokenTest02.yml	false	unknown	2.355093	2.378323301999899	53.927936
jbmc-regression/Validate01.yml	true	true	1.769503	1.7794003829999383	54.222848
jbmc-regression/Validate02.yml	false	unknown	1.73386	1.7467619770000056	54.079488
jbmc-regression/aastore_aaload1.yml	true	unknown	2.618177	2.6305873450000945	100.384768
jbmc-regression/array1.yml	true	unknown	2.804935	2.819266609999886	101.011456
jbmc-regression/array2.yml	true	true	2.168183	2.1782428009998966	100.450304
jbmc-regression/arraylength1.yml	true	unknown	2.520176	2.524700287999849	100.892672
jbmc-regression/arrayread1.yml	true	unknown	2.704728	2.718438383000148	100.810752
jbmc-regression/assert1.yml	true	true	2.054561	2.0578728780001256	109.662208
jbmc-regression/assert2.yml	false	false	2.710399	2.7310576840000067	101.527552
jbmc-regression/assert3.yml	false	false	2.668914	2.6835760199999186	101.634048
jbmc-regression/assert4.yml	false	false	2.212021	2.2353100800000902	109.322240
jbmc-regression/assert5.yml	true	true	2.89125	2.903455003999852	113.119232
jbmc-regression/assert6.yml	true	true	2.182803	2.196155417	113.537024
jbmc-regression/astore_aload1.yml	true	true	2.275366	2.298984965000045	53.481472
jbmc-regression/athrow1.yml	false	false	1.85668	1.878220894000151	54.341632
jbmc-regression/basic1.yml	true	true	2.226304	2.241792601000043	53.948416
jbmc-regression/bitwise1.yml	true	unknown	2.560204	2.5649216029999025	97.562624
jbmc-regression/boolean1.yml	true	true	2.098659	2.11218520899979	101.019648
jbmc-regression/boolean2.yml	true	true	2.589506	2.6038292380001167	101.433344
jbmc-regression/bug-test-gen-095.yml	false	false	2.578022	2.5866757710000456	80.900096
jbmc-regression/bug-test-gen-119-2.yml	true	true	1.826447	1.8387823299999582	53.051392
jbmc-regression/bug-test-gen-119.yml	true	false	2.576355	2.5989582619999965	101.371904
jbmc-regression/calc.yml	true	unknown	2.885833	2.904315663000034	118.067200
jbmc-regression/cast1.yml	true	unknown	2.159047	2.1688739279998117	102.141952
jbmc-regression/catch1.yml	true	true	1.725103	1.7380058559999725	54.661120
jbmc-regression/char1.yml	true	unknown	2.547511	2.572761659999969	102.985728
jbmc-regression/charArray.yml	true	unknown	2.121528	2.1439709310000126	114.917376
jbmc-regression/classtest1.yml	true	true	2.045958	2.059482219000074	53.293056
jbmc-regression/const1.yml	true	true	1.725704	1.7449656859998868	53.047296
jbmc-regression/constructor1.yml	true	true	1.632831	1.6522791399997914	54.108160
jbmc-regression/enum1.yml	true	true	1.984222	2.004862855999818	54.784000
jbmc-regression/exceptions1.yml	false	false	1.627804	1.6305539810000482	53.792768
jbmc-regression/exceptions10.yml	false	false	2.003763	2.026614036999945	53.313536
jbmc-regression/exceptions11.yml	false	false	1.617806	1.63655691200006	53.522432
jbmc-regression/exceptions12.yml	false	false	1.557159	1.5766667890000008	54.841344
jbmc-regression/exceptions13.yml	false	false	1.551197	1.5684004719998939	54.726656
jbmc-regression/exceptions14.yml	true	true	1.466747	1.4796315819999108	54.525952
jbmc-regression/exceptions15.yml	true	true	1.942591	1.9643861100000777	53.055488
jbmc-regression/exceptions16.yml	false	false	1.575873	1.594889405999993	52.998144
jbmc-regression/exceptions18.yml	true	true	1.962769	1.9788263299999471	55.476224
jbmc-regression/exceptions2.yml	false	false	1.524176	1.5450303400000394	53.981184
jbmc-regression/exceptions3.yml	false	false	1.510623	1.531959026000095	54.001664
jbmc-regression/exceptions4.yml	true	true	1.582589	1.6018850190000649	53.370880
jbmc-regression/exceptions5.yml	true	true	1.544399	1.5529725540000072	55.799808
jbmc-regression/exceptions6.yml	false	false	1.982937	2.001010051000094	54.124544
jbmc-regression/exceptions7.yml	false	false	1.9831	2.0059484660000635	53.641216
jbmc-regression/exceptions8.yml	false	false	1.496455	1.4993970279999758	53.075968
jbmc-regression/exceptions9.yml	true	true	1.53504	1.5578116090000549	53.338112
jbmc-regression/fcmpx_dcmpx1.yml	true	true	1.547411	1.5591427879999173	53.567488
jbmc-regression/iarith1.yml	true	true	1.556488	1.5781494269999712	52.858880
jbmc-regression/iarith2.yml	true	true	1.947047	1.9702925389999564	53.645312
jbmc-regression/if_acmp1.yml	true	true	1.947698	1.9590498950001347	53.350400
jbmc-regression/if_expr1.yml	true	true	1.769096	1.7721859860000677	100.818944
jbmc-regression/if_icmp1.yml	true	true	1.933625	1.9449380920000294	101.019648
jbmc-regression/ifxx1.yml	true	true	1.544798	1.5577435980001155	53.096448
jbmc-regression/instanceof1.yml	true	true	1.526842	1.5479369619999943	53.170176
jbmc-regression/instanceof2.yml	true	true	1.904655	1.9266899700000977	53.506048
jbmc-regression/instanceof3.yml	true	true	1.4778	1.500879912000073	53.596160
jbmc-regression/instanceof4.yml	true	true	1.430166	1.434553729000072	52.776960
jbmc-regression/instanceof5.yml	true	true	1.863103	1.8757840880000458	53.379072
jbmc-regression/instanceof6.yml	true	true	1.524932	1.5411493750000318	52.969472
jbmc-regression/instanceof7.yml	true	true	1.514777	1.5242988380000497	55.009280
jbmc-regression/instanceof8.yml	true	true	1.559967	1.578712835999795	54.996992
jbmc-regression/interface1.yml	false	false	1.470891	1.4836955190000936	53.166080
jbmc-regression/java_append_char.yml	false	false	2.310452	2.330291281999962	101.253120
jbmc-regression/lazyloading4.yml	true	true	1.497	1.5190027789999476	54.603776
jbmc-regression/list1.yml	true	unknown	2.256902	2.2602858139998716	99.291136
jbmc-regression/long1.yml	true	true	1.544622	1.5625015579998944	54.149120
jbmc-regression/lookupswitch1.yml	true	true	2.349111	2.362100982999891	102.223872
jbmc-regression/multinewarray.yml	true	true	1.524442	1.5386339770000177	56.770560
jbmc-regression/overloading1.yml	true	true	1.506265	1.5178863040000579	53.678080
jbmc-regression/package1.yml	true	true	1.562457	1.5786271069998747	54.804480
jbmc-regression/putfield_getfield1.yml	true	true	1.920825	1.937862983000059	54.222848
jbmc-regression/putstatic_getstatic1.yml	true	true	1.938974	1.957060355000067	53.080064
jbmc-regression/recursion2.yml	true	true	1.529768	1.5501428170000509	53.813248
jbmc-regression/return1.yml	false	false	1.612996	1.634399252999856	53.800960
jbmc-regression/return2.yml	false	false	1.833928	1.846163734999891	101.076992
jbmc-regression/store_load1.yml	true	true	1.557132	1.575669980999919	53.006336
jbmc-regression/swap1.yml	true	true	1.940322	1.9557517069999903	58.294272
jbmc-regression/synchronized.yml	true	true	1.548428	1.5700015810000423	53.964800
jbmc-regression/tableswitch1.yml	true	true	3.456612	3.460552679000102	102.715392
jbmc-regression/uninitialised1.yml	true	true	1.490497	1.5122466440000153	54.071296
jbmc-regression/virtual1.yml	true	true	1.514086	1.5244956740000362	53.010432
jbmc-regression/virtual2.yml	false	false	1.51254	1.5156795719999536	53.006336
jbmc-regression/virtual4.yml	true	true	1.512315	1.5330223319999732	55.386112
jbmc-regression/virtual_function_unwinding.yml	true	true	1.937748	1.9539526460000616	53.706752
jpf-regression/ExDarko_false.yml	false	false	1.931145	1.9441719689998536	100.679680
jpf-regression/ExDarko_true.yml	true	true	1.861518	1.8645082380000986	100.511744
jpf-regression/ExException_false.yml	false	false	1.877322	1.8973072999999658	100.892672
jpf-regression/ExException_true.yml	true	true	1.792651	1.8034807179999461	100.605952
jpf-regression/ExGenSymExe_false.yml	false	false	1.944293	1.9598614399999406	54.919168
jpf-regression/ExGenSymExe_true.yml	true	true	1.946539	1.958419380000123	52.654080
jpf-regression/ExLazy_false.yml	false	false	1.847373	1.859605060999911	100.364288
jpf-regression/ExLazy_true.yml	true	true	1.816146	1.820099811999853	101.183488
jpf-regression/ExMIT_false.yml	false	false	1.803625	1.814434522000056	100.708352
jpf-regression/ExMIT_true.yml	true	true	1.766331	1.769570935999809	100.843520
jpf-regression/ExSymExe10_false.yml	false	false	2.344976	2.3575468370002	102.563840
jpf-regression/ExSymExe10_true.yml	true	true	2.295982	2.3066741869999987	100.872192
jpf-regression/ExSymExe11_false.yml	false	false	1.542772	1.5654249540000365	53.293056
jpf-regression/ExSymExe11_true.yml	true	true	1.783715	1.7919572300002073	100.143104
jpf-regression/ExSymExe12_false.yml	false	false	1.819212	1.8222550769999089	101.728256
jpf-regression/ExSymExe12_true.yml	true	true	1.887288	1.9003978050000114	101.806080
jpf-regression/ExSymExe13_false.yml	false	false	2.05865	2.0800922220000757	115.503104
jpf-regression/ExSymExe13_true.yml	true	true	2.429158	2.43996607400004	110.219264
jpf-regression/ExSymExe14_false.yml	false	false	1.860613	1.8796303320000334	101.236736
jpf-regression/ExSymExe14_true.yml	true	true	2.368627	2.3815484050001032	101.724160
jpf-regression/ExSymExe15_false.yml	false	false	1.838377	1.8412211570000636	101.695488
jpf-regression/ExSymExe15_true.yml	true	true	2.002481	2.0169691459998376	114.388992
jpf-regression/ExSymExe16_false.yml	false	false	1.549329	1.5691084060001685	54.009856
jpf-regression/ExSymExe16_true.yml	true	true	1.555375	1.5766447599999083	53.686272
jpf-regression/ExSymExe17_false.yml	false	false	1.536757	1.5550339720000466	53.284864
jpf-regression/ExSymExe17_true.yml	true	true	1.971896	1.9935206359998574	56.274944
jpf-regression/ExSymExe18_false.yml	false	false	2.295321	2.308541355999978	103.657472
jpf-regression/ExSymExe18_true.yml	true	true	1.557015	1.5693325090001053	53.047296
jpf-regression/ExSymExe19_false.yml	false	false	1.926804	1.9474868049999259	102.580224
jpf-regression/ExSymExe19_true.yml	true	unknown	1.969784	1.9767764400000942	126.631936
jpf-regression/ExSymExe1_false.yml	false	unknown	1.882661	1.8862532150001243	124.157952
jpf-regression/ExSymExe1_true.yml	true	true	1.894808	1.917831144000047	53.444608
jpf-regression/ExSymExe20_false.yml	false	unknown	3.069421	3.0821164220001265	166.567936
jpf-regression/ExSymExe20_true.yml	true	true	1.925072	1.9468780920001336	53.538816
jpf-regression/ExSymExe21_false.yml	false	unknown	1.91533	1.9182096590000128	132.026368
jpf-regression/ExSymExe21_true.yml	true	true	1.613209	1.6347940800001197	54.976512
jpf-regression/ExSymExe25_false.yml	false	false	1.996023	2.0099378170000364	114.884608
jpf-regression/ExSymExe25_true.yml	true	true	1.946705	1.9585260640001252	55.160832
jpf-regression/ExSymExe26_false.yml	false	unknown	3.206863	3.2104052639999736	134.909952
jpf-regression/ExSymExe26_true.yml	true	true	1.540069	1.5524017499999445	52.801536
jpf-regression/ExSymExe27_false.yml	false	false	1.831843	1.8533106800000496	100.196352
jpf-regression/ExSymExe27_true.yml	true	true	1.563857	1.5831429630000002	53.153792
jpf-regression/ExSymExe28_false.yml	false	false	1.870159	1.8816199599998527	101.031936
jpf-regression/ExSymExe28_true.yml	true	true	1.939321	1.9533444510000209	53.440512
jpf-regression/ExSymExe29_false.yml	false	unknown	2.12815	2.141311521000034	168.247296
jpf-regression/ExSymExe29_true.yml	true	true	1.596323	1.607452288000104	55.279616
jpf-regression/ExSymExe2_false.yml	false	unknown	1.921185	1.924279419999948	128.786432
jpf-regression/ExSymExe2_true.yml	true	true	1.594499	1.6215230530001463	52.649984
jpf-regression/ExSymExe3_false.yml	false	false	2.463644	2.4792202889998407	113.549312
jpf-regression/ExSymExe3_true.yml	true	true	1.95193	1.9736508670000603	53.510144
jpf-regression/ExSymExe4_false.yml	false	unknown	1.93021	1.9401261090001753	127.164416
jpf-regression/ExSymExe4_true.yml	true	true	1.535496	1.5554589989999386	52.600832
jpf-regression/ExSymExe5_false.yml	false	false	1.760028	1.773189769000055	100.061184
jpf-regression/ExSymExe5_true.yml	true	true	1.588188	1.601393870000038	55.390208
jpf-regression/ExSymExe6_false.yml	false	unknown	2.316402	2.320150005000187	102.830080
jpf-regression/ExSymExe6_true.yml	true	true	1.953378	1.9743417890001638	53.620736
jpf-regression/ExSymExe7_false.yml	false	unknown	1.922327	1.9255238160001227	127.795200
jpf-regression/ExSymExe7_true.yml	true	unknown	1.980377	1.991962650000005	133.107712
jpf-regression/ExSymExe8_false.yml	false	unknown	1.760591	1.7640304710000692	127.184896
jpf-regression/ExSymExe8_true.yml	true	true	1.51402	1.5352629910000815	54.964224
jpf-regression/ExSymExe9_false.yml	false	false	1.523375	1.5329361529998096	53.178368
jpf-regression/ExSymExe9_true.yml	true	true	1.935866	1.9583301190000384	52.887552
jpf-regression/ExSymExeArrays_false.yml	false	false	1.524934	1.537539666000157	53.628928
jpf-regression/ExSymExeArrays_true.yml	true	true	1.938135	1.961253953999858	52.412416
jpf-regression/ExSymExeBool_false.yml	false	false	1.490461	1.5127449530000376	53.891072
jpf-regression/ExSymExeBool_true.yml	true	true	1.528969	1.550935976999881	53.043200
jpf-regression/ExSymExeComplexMath_false.yml	false	false	1.542869	1.5638428780000595	55.508992
jpf-regression/ExSymExeComplexMath_true.yml	true	true	1.527524	1.5307525000000624	52.473856
jpf-regression/ExSymExeD2I_false.yml	false	false	1.50923	1.5313268059999245	53.411840
jpf-regression/ExSymExeD2I_true.yml	true	true	1.616904	1.634020314999816	77.766656
jpf-regression/ExSymExeD2L_false.yml	false	true	2.052677	2.0577836569998453	80.261120
jpf-regression/ExSymExeD2L_true.yml	true	true	2.156719	2.168850277999809	78.467072
jpf-regression/ExSymExeF2I_false.yml	false	false	1.542736	1.5540440299998863	53.993472
jpf-regression/ExSymExeF2I_true.yml	true	true	1.5615	1.564617490999808	77.828096
jpf-regression/ExSymExeF2L_false.yml	false	true	1.646017	1.6489546489999611	77.873152
jpf-regression/ExSymExeF2L_true.yml	true	true	1.688828	1.7030252510000992	88.064000
jpf-regression/ExSymExeFNEG_false.yml	false	true	2.052469	2.0653264080001463	79.245312
jpf-regression/ExSymExeFNEG_true.yml	true	true	2.139542	2.1427789189999658	83.079168
jpf-regression/ExSymExeGetStatic_false.yml	false	false	1.5935	1.6146196219999638	52.994048
jpf-regression/ExSymExeGetStatic_true.yml	true	true	1.471484	1.4743245540000771	52.568064
jpf-regression/ExSymExeI2D_false.yml	false	true	1.781934	1.7950141369999528	99.905536
jpf-regression/ExSymExeI2D_true.yml	true	true	1.920968	1.923796540000012	114.782208
jpf-regression/ExSymExeI2F_false.yml	false	false	1.917688	1.9377713779999794	53.473280
jpf-regression/ExSymExeI2F_true.yml	true	true	1.891164	1.9055200049999712	100.036608
jpf-regression/ExSymExeLCMP_false.yml	false	false	1.770751	1.7842305219999162	100.446208
jpf-regression/ExSymExeLCMP_true.yml	true	true	2.366375	2.3695162999999866	100.876288
jpf-regression/ExSymExeLongBytecodes_false.yml	false	false	1.860387	1.8779669299999568	107.511808
jpf-regression/ExSymExeLongBytecodes_true.yml	true	true	1.977189	1.9802470049999101	110.370816
jpf-regression/ExSymExeResearch_false.yml	false	false	2.471768	2.4897912470000847	109.719552
jpf-regression/ExSymExeResearch_true.yml	true	true	2.059583	2.0720366960001684	110.612480
jpf-regression/ExSymExeSimple_false.yml	false	false	1.850884	1.8637870140000814	100.577280
jpf-regression/ExSymExeSimple_true.yml	true	true	1.932847	1.9450440719999733	101.343232
jpf-regression/ExSymExeSuzette_false.yml	false	false	2.506232	2.519715996000059	102.285312
jpf-regression/ExSymExeSuzette_true.yml	true	true	1.895672	1.901648995999949	109.576192
jpf-regression/ExSymExeSwitch_false.yml	false	false	1.814458	1.8270147620000898	100.929536
jpf-regression/ExSymExeSwitch_true.yml	true	true	1.972091	1.9842030400000112	115.351552
jpf-regression/ExSymExeTestAssignments_false.yml	false	false	2.216889	2.228473469000164	100.773888
jpf-regression/ExSymExeTestAssignments_true.yml	true	true	1.807684	1.810458662999963	100.720640
jpf-regression/ExSymExeTestClassFields_false.yml	false	false	1.819362	1.831221972000094	100.466688
jpf-regression/ExSymExeTestClassFields_true.yml	true	true	2.382097	2.3854797110000163	100.249600
jpf-regression/ExSymExe_false.yml	false	false	1.646562	1.66665292100015	55.291904
jpf-regression/ExSymExe_true.yml	true	true	1.629753	1.6393298889997823	53.800960
jpf-regression/TestLazy_false.yml	false	false	1.833329	1.8453418260000944	100.167680
jpf-regression/TestLazy_true.yml	true	true	2.306459	2.318128205999983	100.745216
java-ranger-regression/LoopCharAt.yml	false	true	9.394725	9.39831785299998	119.525376
java-ranger-regression/TCAS_prop1.yml	false	false	13.566131	13.570170705999999	134.565888
java-ranger-regression/TCAS_prop2.yml	true	true	45.632664	45.64814852199993	147.353600
java-ranger-regression/TCAS_prop3.yml	true	true	45.109566	45.1256341039998	142.368768
java-ranger-regression/apachecli_eqchk.yml	true	true	290.064866	290.1016977219999	170.291200
java-ranger-regression/schedule_eqchk.yml	true	true	61.685458	61.70239581999999	136.392704
java-ranger-regression/WBS/WBS_prop1.yml	false	false	2.851085	2.8739576489999763	102.019072
java-ranger-regression/WBS/WBS_prop2.yml	true	true	42.43982	42.45630282399998	136.048640
java-ranger-regression/WBS/WBS_prop3.yml	false	false	3.693975	3.716748386000063	102.653952
java-ranger-regression/WBS/WBS_prop4.yml	false	false	63.096344	63.114622585999996	134.782976
java-ranger-regression/alarm/Alarm_prop1.yml	true	true	3.238965	3.243684028000189	109.510656
java-ranger-regression/alarm/Alarm_prop10.yml	true	true	3.387334	3.392664894000063	107.749376
java-ranger-regression/alarm/Alarm_prop2.yml	true	true	3.183784	3.196021938000058	105.947136
java-ranger-regression/alarm/Alarm_prop3.yml	true	true	3.397463	3.408893514999818	108.576768
java-ranger-regression/alarm/Alarm_prop4.yml	true	true	3.428815	3.442780058000153	102.957056
java-ranger-regression/alarm/Alarm_prop5.yml	true	true	3.259839	3.2717515399999684	108.978176
java-ranger-regression/alarm/Alarm_prop6.yml	true	true	3.22326	3.2302669830000923	104.165376
java-ranger-regression/alarm/Alarm_prop8.yml	true	true	3.272168	3.283739704000027	106.205184
java-ranger-regression/alarm/Alarm_prop9.yml	true	true	3.164604	3.177712124999971	103.325696
java-ranger-regression/infusion/Infusion_prop1.yml	true	true	3.132942	3.1387076969999725	116.305920
java-ranger-regression/infusion/Infusion_prop10.yml	true	true	2.993008	3.004503146000161	103.485440
java-ranger-regression/infusion/Infusion_prop11.yml	true	true	3.232991	3.2462356809999164	119.500800
java-ranger-regression/infusion/Infusion_prop12.yml	true	true	2.998022	3.0076535069999863	106.635264
java-ranger-regression/infusion/Infusion_prop13.yml	true	true	3.034362	3.045098908	116.862976
java-ranger-regression/infusion/Infusion_prop2.yml	true	true	2.831707	2.836768199000062	102.793216
java-ranger-regression/infusion/Infusion_prop3.yml	true	true	3.847905	3.862149477999992	102.625280
java-ranger-regression/infusion/Infusion_prop4.yml	true	true	2.790917	2.8029575519999526	102.842368
java-ranger-regression/infusion/Infusion_prop5.yml	true	true	3.121811	3.135377931999983	120.160256
java-ranger-regression/infusion/Infusion_prop6.yml	true	true	2.997004	3.009204195999928	105.095168
java-ranger-regression/infusion/Infusion_prop7.yml	true	true	2.921559	2.9340969699999278	103.596032
java-ranger-regression/infusion/Infusion_prop8.yml	true	true	4.01045	4.021470753000131	116.461568
java-ranger-regression/infusion/Infusion_prop9.yml	true	true	3.019512	3.0392741010000464	102.809600
java-ranger-regression/siena_eqchk/siena_prop1.yml	true	unknown	28.437173	28.453957263999882	144.117760
java-ranger-regression/siena_eqchk/siena_prop2.yml	false	false	16.52451	16.538901973000065	131.923968
java-ranger-regression/replace5_eqchk/replace5_prop1.yml	true	true	139.056588	139.077898623	139.509760
java-ranger-regression/replace5_eqchk/replace5_prop2.yml	false	false	2.927073	2.932011153999838	103.165952
java-ranger-regression/nanoxml_eqchk/nanoxml_prop1.yml	true	unknown	2.789365	2.8017660069999692	100.315136
java-ranger-regression/nanoxml_eqchk/nanoxml_prop2.yml	false	unknown	3.107235	3.130569526000045	113.532928
java-ranger-regression/nanoxml_eqchk/nanoxml_prop3.yml	false	unknown	3.612435	3.626871725000001	100.851712
java-ranger-regression/printtokens_eqchk/printtokens_prop1.yml	true	unknown	2.414351	2.428288615000156	100.794368
java-ranger-regression/printtokens_eqchk/printtokens_prop2.yml	false	false	2.539739	2.552673324000125	101.982208
MinePump/spec1-5_product1.yml	false	false	3.48105	3.4862939660001757	106.254336
MinePump/spec1-5_product10.yml	false	false	2.462863	2.4667282279999654	106.262528
MinePump/spec1-5_product11.yml	false	false	10.214217	10.23196828999994	120.393728
MinePump/spec1-5_product12.yml	false	false	4.412893	4.416509826000038	109.481984
MinePump/spec1-5_product13.yml	false	false	2.812954	2.821989046999988	106.225664
MinePump/spec1-5_product14.yml	false	false	2.755958	2.774712991000115	106.369024
MinePump/spec1-5_product15.yml	false	false	14.635186	14.649759316999962	121.839616
MinePump/spec1-5_product16.yml	false	false	3.271337	3.275006867000002	110.268416
MinePump/spec1-5_product17.yml	false	false	2.399952	2.4195095280001624	106.024960
MinePump/spec1-5_product18.yml	false	false	2.476763	2.4804633319999994	106.336256
MinePump/spec1-5_product19.yml	false	false	10.165621	10.181511711000212	119.377920
MinePump/spec1-5_product2.yml	false	false	2.515855	2.518963087999964	106.405888
MinePump/spec1-5_product20.yml	false	false	3.166566	3.1800430900000265	109.469696
MinePump/spec1-5_product21.yml	false	false	2.610013	2.6172454900001867	106.717184
MinePump/spec1-5_product22.yml	false	false	2.634412	2.6476738589999513	106.168320
MinePump/spec1-5_product23.yml	false	false	9.948234	9.953168086000005	123.572224
MinePump/spec1-5_product24.yml	false	false	3.161458	3.1841805279998425	109.572096
MinePump/spec1-5_product25.yml	false	false	3.397381	3.402854710999918	107.270144
MinePump/spec1-5_product26.yml	false	false	2.568625	2.5832912900000338	106.770432
MinePump/spec1-5_product27.yml	false	false	10.961207	10.968935459000022	123.723776
MinePump/spec1-5_product28.yml	false	false	4.179654	4.193663856000057	111.177728
MinePump/spec1-5_product29.yml	false	false	2.627444	2.6411782600000606	106.704896
MinePump/spec1-5_product3.yml	false	false	10.698657	10.703524273999847	124.170240
MinePump/spec1-5_product30.yml	false	false	2.710796	2.713789148999922	105.910272
MinePump/spec1-5_product31.yml	false	false	14.966631	14.971871016000023	118.456320
MinePump/spec1-5_product32.yml	false	false	3.192515	3.2160923869998896	109.723648
MinePump/spec1-5_product33.yml	false	false	2.317241	2.3303139229999488	101.535744
MinePump/spec1-5_product34.yml	false	false	2.288978	2.309407229000044	100.757504
MinePump/spec1-5_product35.yml	false	false	9.387915	9.392642827999907	116.109312
MinePump/spec1-5_product36.yml	false	false	3.062425	3.0704179090000707	108.056576
MinePump/spec1-5_product37.yml	false	false	2.433375	2.4428479470000184	101.269504
MinePump/spec1-5_product38.yml	false	false	2.439334	2.458778127000187	101.474304
MinePump/spec1-5_product39.yml	false	false	9.935658	9.939908111999785	116.088832
MinePump/spec1-5_product4.yml	false	false	3.066012	3.079767555999979	110.063616
MinePump/spec1-5_product40.yml	false	false	4.060083	4.073373174999915	108.400640
MinePump/spec1-5_product41.yml	false	false	2.862998	2.8707540110001446	106.934272
MinePump/spec1-5_product42.yml	false	false	2.740876	2.74417825799992	106.909696
MinePump/spec1-5_product43.yml	false	false	15.018246	15.029813763999982	118.730752
MinePump/spec1-5_product44.yml	false	false	3.051794	3.0552407370000765	109.596672
MinePump/spec1-5_product45.yml	false	false	2.799195	2.8125371209998775	108.027904
MinePump/spec1-5_product46.yml	false	false	2.834948	2.8386013629999525	107.552768
MinePump/spec1-5_product47.yml	false	false	9.976119	9.98004583199986	118.673408
MinePump/spec1-5_product48.yml	false	false	3.217181	3.22072917100013	109.457408
MinePump/spec1-5_product49.yml	false	false	2.390282	2.4014707890000864	101.838848
MinePump/spec1-5_product5.yml	false	false	2.510264	2.5246410849999847	107.163648
MinePump/spec1-5_product50.yml	false	false	2.526203	2.534847667000122	101.105664
MinePump/spec1-5_product51.yml	false	false	10.030889	10.044771396999977	119.181312
MinePump/spec1-5_product52.yml	false	false	2.969424	2.9827073050000763	107.835392
MinePump/spec1-5_product53.yml	false	false	2.27575	2.29806074000021	101.482496
MinePump/spec1-5_product54.yml	false	false	2.259647	2.2680176530000153	100.618240
MinePump/spec1-5_product55.yml	false	false	13.767017	13.778652978000082	122.286080
MinePump/spec1-5_product56.yml	false	false	3.225481	3.233250257000009	108.134400
MinePump/spec1-5_product57.yml	true	true	86.434541	86.44862632200011	141.516800
MinePump/spec1-5_product58.yml	true	true	76.139237	76.14716821900015	138.842112
MinePump/spec1-5_product59.yml	true	true	84.57436	84.59684469800004	140.832768
MinePump/spec1-5_product6.yml	false	false	3.565387	3.5792968789999122	106.643456
MinePump/spec1-5_product60.yml	true	true	124.117824	124.13569837099999	140.775424
MinePump/spec1-5_product61.yml	true	true	117.391165	117.41074841900013	138.317824
MinePump/spec1-5_product62.yml	true	true	83.339584	83.34804321999991	139.046912
MinePump/spec1-5_product63.yml	true	true	85.035386	85.05137372200011	144.269312
MinePump/spec1-5_product64.yml	true	true	86.573596	86.59790251599998	141.574144
MinePump/spec1-5_product7.yml	false	false	10.31388	10.318214295999951	118.513664
MinePump/spec1-5_product8.yml	false	false	4.409783	4.432965549000073	110.292992
MinePump/spec1-5_product9.yml	false	false	3.61442	3.62965146800002	106.946560
algorithms/BellmanFord-FunSat01.yml	true	unknown	2.977967	2.991676220000045	110.145536
algorithms/BellmanFord-FunSat02.yml	false	unknown	2.212264	2.2177634959998613	109.363200
algorithms/BellmanFord-FunUnsat01.yml	false	unknown	2.935373	2.939918248999902	109.940736
algorithms/BellmanFord-FunUnsat02.yml	false	unknown	2.315156	2.328243999000051	109.842432
algorithms/BellmanFord-MemSat01.yml	true	unknown	2.260998	2.265192147000107	109.801472
algorithms/BellmanFord-MemSat02.yml	true	unknown	2.815179	2.8188741890000983	110.981120
algorithms/BellmanFord-MemUnsat01.yml	false	unknown	2.521087	2.5278868899999907	123.056128
algorithms/BellmanFord-MemUnsat02.yml	false	unknown	2.670607	2.6745289119999143	100.335616
algorithms/BinaryTreeSearch-FunSat01.yml	true	true	22.070606	22.076835870999957	145.252352
algorithms/BinaryTreeSearch-FunUnsat01.yml	false	false	3.883496	3.895708148999802	103.333888
algorithms/BinaryTreeSearch-MemSat01.yml	true	true	25.153619	25.167727172000014	144.568320
algorithms/BinaryTreeSearch-MemUnsat01.yml	false	false	3.038248	3.0507598019999023	102.768640
algorithms/BinaryTreeSearch-MemUnsat02.yml	false	false	2.873489	2.8778358800000206	101.302272
algorithms/InsertionSort-FunSat01.yml	true	unknown	2.800794	2.8140133370000058	101.527552
algorithms/InsertionSort-FunSat02.yml	true	unknown	2.128965	2.142408811999985	101.572608
algorithms/InsertionSort-FunUnsat01.yml	false	unknown	2.55794	2.5717970860000605	101.326848
algorithms/InsertionSort-MemSat01.yml	true	unknown	2.013878	2.02672845699999	100.937728
algorithms/InsertionSort-MemUnsat01.yml	false	unknown	1.930601	1.9346052609998878	101.593088
algorithms/MergeSortIterative-FunSat01.yml	true	unknown	1.985914	1.98888194999995	100.847616
algorithms/MergeSortIterative-FunSat02.yml	true	unknown	2.548682	2.5621252749999712	101.675008
algorithms/MergeSortIterative-FunUnsat01.yml	false	unknown	2.562888	2.5756685179999295	101.621760
algorithms/MergeSortIterative-MemSat01.yml	false	unknown	2.010506	2.013511698000002	100.941824
algorithms/MergeSortIterative-MemUnsat01.yml	false	unknown	2.054916	2.058424952999985	101.384192
algorithms/RedBlackTree-FunSat01.yml	true	true	5.806278	5.8196285480000824	111.263744
algorithms/RedBlackTree-FunUnsat01.yml	false	false	3.546781	3.550184219999892	107.630592
algorithms/RedBlackTree-MemSat01.yml	true	true	22.688663	22.69915896800012	138.526720
algorithms/RedBlackTree-MemUnsat01.yml	false	false	5.20102	5.205149798000093	120.651776
algorithms/SortedListInsert-FunSat01.yml	true	true	20.201069	20.215217617999997	144.781312
algorithms/SortedListInsert-FunSat02.yml	true	true	39.554948	39.58001120500012	139.931648
algorithms/SortedListInsert-FunUnsat01.yml	false	false	5.333073	5.346983052000041	119.799808
algorithms/SortedListInsert-MemSat01.yml	true	true	12.48242	12.494294084999865	135.127040
algorithms/SortedListInsert-MemUnsat01.yml	false	false	2.162771	2.166469786000107	102.383616
algorithms/Trie-FunSat01.yml	true	true	2.493636	2.503023209000048	113.979392
algorithms/Trie-FunUnsat01.yml	false	false	2.700513	2.714288730999897	99.983360
algorithms/Trie-MemSat01.yml	true	true	2.227143	2.230278779999935	100.589568
algorithms/Trie-MemUnsat01.yml	false	false	2.989223	3.006881432	113.979392
algorithms/Tsp-FunSat01.yml	false	unknown	2.164547	2.1677597909999804	101.109760
algorithms/Tsp-FunUnsat01.yml	false	unknown	2.567302	2.5798706569999013	100.667392
algorithms/Tsp-MemSat01.yml	true	unknown	2.005058	2.017547689999901	99.880960
algorithms/Tsp-MemUnsat01.yml	false	unknown	2.106903	2.1197214609999264	100.409344
juliet-java/CWE369_Divide_by_Zero__float_connect_tcp_divide_01_bad.yml	false	unknown	2.086917	2.109850495000046	54.562816
juliet-java/CWE369_Divide_by_Zero__float_connect_tcp_divide_01_bad_version2.yml	false	unknown	1.859959	1.8807804189998478	54.779904
juliet-java/CWE369_Divide_by_Zero__float_connect_tcp_divide_01_good.yml	true	unknown	1.761744	1.784277722999832	54.067200
juliet-java/CWE369_Divide_by_Zero__float_connect_tcp_divide_81a_bad.yml	false	unknown	2.103996	2.126829689000033	54.484992
juliet-java/CWE369_Divide_by_Zero__float_connect_tcp_divide_81a_bad_version2.yml	false	unknown	1.771956	1.7866848930000288	53.956608
juliet-java/CWE369_Divide_by_Zero__float_connect_tcp_divide_81a_good.yml	true	unknown	1.731863	1.7373359470000196	59.396096
juliet-java/CWE369_Divide_by_Zero__float_console_readLine_divide_54_bad.yml	false	unknown	1.911439	1.9146326110001155	83.189760
juliet-java/CWE369_Divide_by_Zero__float_console_readLine_divide_54_bad_version2.yml	false	unknown	2.006574	2.018581544999961	81.182720
juliet-java/CWE369_Divide_by_Zero__float_console_readLine_divide_54_good.yml	true	unknown	2.429119	2.4376762280001003	81.051648
jdart-regression/OverapproximationString01.yml	false	false	1.773342	1.7962111530000584	80.420864
jdart-regression/URLDecoder01.yml	true	false	1.642248	1.6497018029999708	56.848384
jdart-regression/URLDecoder02.yml	false	false	1.639896	1.6626429440000265	56.446976
jdart-regression/addition01.yml	false	true	2.655642	2.658880857999975	111.996928
jdart-regression/array-iteration01.yml	false	unknown	2.08465	2.0950305639998987	122.634240
jdart-regression/boundcheck100.yml	false	false	7.415335	7.428733743000066	113.471488
jdart-regression/boundcheck200.yml	false	false	13.315808	13.330118104000121	114.331648
jdart-regression/boundcheck30.yml	false	false	4.715601	4.729745146999903	104.624128
jdart-regression/double2long.yml	false	true	1.738489	1.749353630999849	78.090240
jdart-regression/float.yml	false	true	1.74368	1.757276314000137	77.361152
jdart-regression/list2.yml	true	true	287.335409	287.5614706939998	189.030400
jdart-regression/radians.yml	false	unknown	1.727684	1.748961842999961	53.092352
jdart-regression/shifting.yml	false	unknown	2.51893	2.530707368999856	109.641728
jdart-regression/shifting2.yml	false	unknown	2.3011	2.3139045820000774	124.645376
jdart-regression/shifting3.yml	false	unknown	2.018118	2.0309220379999715	108.929024
jdart-regression/startswith.yml	true	true	2.693511	2.7173740200000793	94.453760
securibench/Aliasing1.yml	false	false	3.620047	3.624010387999988	82.452480
securibench/Aliasing2.yml	true	true	3.185881	3.2083275420000064	54.030336
securibench/Aliasing3.yml	true	true	3.783619	3.8052549829999407	56.860672
securibench/Aliasing4.yml	false	false	3.501756	3.5124862420000227	87.285760
securibench/Aliasing5.yml	false	false	3.529438	3.547876761999987	96.489472
securibench/Aliasing6.yml	false	false	3.874043	3.897255632999986	83.275776
securibench/Arrays1.yml	false	false	4.124658	4.1415675700000065	84.996096
securibench/Arrays10.yml	false	unknown	3.036472	3.059583286999896	81.780736
securibench/Arrays2.yml	false	false	4.404251	4.414488063000135	98.607104
securibench/Arrays3.yml	false	false	3.148616	3.1568935990001137	86.986752
securibench/Arrays4.yml	false	false	3.348705	3.362131789000159	82.141184
securibench/Arrays5.yml	true	true	2.95374	2.9663803539999662	59.916288
securibench/Arrays6.yml	false	false	4.116824	4.136574909999808	84.652032
securibench/Arrays7.yml	false	false	3.245704	3.2681207809998796	84.725760
securibench/Arrays8.yml	false	false	3.369328	3.372725131999914	90.427392
securibench/Arrays9.yml	false	false	4.166065	4.177857778000089	84.832256
securibench/Basic1.yml	false	false	3.223472	3.235810254999933	85.245952
securibench/Basic10.yml	false	false	3.998075	4.022113033999858	87.756800
securibench/Basic11.yml	false	unknown	3.015884	3.0387720490000447	59.465728
securibench/Basic12.yml	false	false	3.503293	3.5134619640000437	102.264832
securibench/Basic15.yml	false	false	3.28892	3.3106065800000124	82.178048
securibench/Basic16.yml	false	false	4.181787	4.206481367999913	82.755584
securibench/Basic17.yml	false	false	3.602165	3.620746787999906	84.078592
securibench/Basic18.yml	false	false	5.257612	5.2635534020000705	93.265920
securibench/Basic19.yml	false	false	3.542078	3.5588425959999768	81.711104
securibench/Basic2.yml	false	false	3.714586	3.7349569609998525	102.699008
securibench/Basic20.yml	false	false	4.287753	4.317939072999934	83.726336
securibench/Basic21.yml	false	unknown	3.636079	3.6511117120001018	63.070208
securibench/Basic24.yml	false	unknown	3.568891	3.5898960130000432	59.105280
securibench/Basic25.yml	false	unknown	3.419995	3.4604917409999416	69.136384
securibench/Basic26.yml	false	false	4.252959	4.270455305000041	82.169856
securibench/Basic27.yml	false	false	4.081472	4.115947419999884	95.735808
securibench/Basic28.yml	true	true	3.787844	3.828009768000129	54.890496
securibench/Basic29.yml	false	false	3.86811	3.8860052679999626	99.659776
securibench/Basic3.yml	false	unknown	3.178229	3.2669801389999975	54.865920
securibench/Basic30.yml	false	false	4.098781	4.112882355000011	83.116032
securibench/Basic31.yml	false	false	4.644933	4.658845075000045	96.378880
securibench/Basic32.yml	false	false	3.707933	3.721722604999968	85.327872
securibench/Basic33.yml	false	false	3.276482	3.28938395199998	82.972672
securibench/Basic34.yml	false	false	3.425269	3.49667423599999	86.671360
securibench/Basic35.yml	false	false	4.928448	4.942433304999895	83.972096
securibench/Basic37.yml	false	unknown	3.170594	3.1747913389999667	102.563840
securibench/Basic38.yml	false	unknown	3.118378	3.1313677439998173	102.674432
securibench/Basic39.yml	false	unknown	4.054051	4.065695460000143	102.944768
securibench/Basic4.yml	false	false	3.338943	3.3927236019999327	106.979328
securibench/Basic5.yml	false	unknown	3.213494	3.235572709000053	55.664640
securibench/Basic6.yml	true	unknown	3.269069	3.2902693060000274	54.906880
securibench/Basic7.yml	false	unknown	3.5805	3.593863565999982	56.672256
securibench/Basic8.yml	true	true	3.110634	3.158356240000103	55.005184
securibench/Basic9.yml	false	false	4.232416	4.296458800999972	102.670336
securibench/Collections1.yml	false	false	3.268019	3.282775774000129	83.062784
securibench/Collections10.yml	false	false	3.270087	3.2829024100001334	83.488768
securibench/Collections12.yml	false	false	3.273398	3.2995459980002124	83.009536
securibench/Collections13.yml	false	true	3.748218	3.7709764589999395	61.022208
securibench/Collections14.yml	false	false	5.155414	5.1718961560000025	95.842304
securibench/Collections2.yml	false	false	3.22585	3.2489082170000074	82.124800
securibench/Collections3.yml	false	false	3.32721	3.341331102999902	82.456576
securibench/Collections4.yml	false	false	3.303878	3.326340679000168	82.014208
securibench/Collections5.yml	false	false	4.235415	4.24917184800006	83.374080
securibench/Collections6.yml	false	false	3.568514	3.581105010000101	82.464768
securibench/Collections7.yml	false	false	3.355839	3.3785208550000334	82.624512
securibench/Collections8.yml	true	true	3.891938	3.9102554979999695	62.976000
securibench/Collections9.yml	true	unknown	3.224817	3.2356032739999137	82.051072
securibench/Datastructures1.yml	false	false	4.142745	4.165815186999907	83.095552
securibench/Datastructures2.yml	false	false	3.120972	3.144814584999949	82.571264
securibench/Datastructures3.yml	false	false	3.22194	3.244477242999892	84.103168
securibench/Datastructures4.yml	true	true	2.822908	2.84537540600013	54.870016
securibench/Datastructures5.yml	false	unknown	3.624619	3.663392441000042	54.710272
securibench/Datastructures6.yml	false	false	4.318196	4.341077233000078	100.331520
securibench/Factories1.yml	false	unknown	3.538452	3.551699903000099	55.013376
securibench/Factories2.yml	false	false	3.213744	3.2171499879998464	86.700032
securibench/Factories3.yml	false	false	3.40953	3.4193536669999958	82.989056
securibench/Inter1.yml	false	false	4.239948	4.255929576999961	87.543808
securibench/Inter10.yml	false	unknown	3.613971	3.6422886670000025	55.230464
securibench/Inter11.yml	false	unknown	3.148166	3.1757625149998603	60.252160
securibench/Inter12.yml	false	false	3.463907	3.4933649160000186	83.279872
securibench/Inter13.yml	false	false	3.671651	3.6857092149998607	86.081536
securibench/Inter14.yml	false	false	5.310061	5.329547951999984	90.222592
securibench/Inter2.yml	false	false	3.774362	3.788300511999978	98.123776
securibench/Inter3.yml	false	false	5.210752	5.225121925999929	89.817088
securibench/Inter4.yml	false	false	3.534927	3.56597730999988	82.530304
securibench/Inter5.yml	false	unknown	3.311314	3.3285640080000576	55.050240
securibench/Inter6.yml	false	false	3.283983	3.2971870540000054	86.761472
securibench/Inter7.yml	false	false	3.498117	3.511179158999994	95.514624
securibench/Inter8.yml	false	false	3.812628	3.8285445259998596	95.559680
securibench/Inter9.yml	false	unknown	3.89234	3.9057972089999566	61.833216
securibench/Pred1.yml	true	true	3.691069	3.7132278250001036	55.730176
securibench/Pred2.yml	false	false	3.676317	3.697980889000064	116.076544
securibench/Pred3.yml	true	true	3.369557	3.382841937000194	102.486016
securibench/Pred4.yml	false	false	3.429081	3.43300910500011	82.206720
securibench/Pred5.yml	false	false	4.183377	4.204700045999971	84.754432
securibench/Pred6.yml	true	true	3.665703	3.689347746999829	56.147968
securibench/Pred7.yml	true	true	3.22602	3.252003261000027	54.718464
securibench/Pred8.yml	false	false	3.592522	3.621187342999974	82.591744
securibench/Pred9.yml	true	true	3.651124	3.6678083819999756	82.010112
securibench/Refl1.yml	false	false	4.116632	4.130434845000082	83.419136
securibench/Refl2.yml	false	true	3.720136	3.736617387000024	59.703296
securibench/Refl3.yml	false	false	3.394734	3.4179070870000032	83.333120
securibench/Refl4.yml	false	false	3.303707	3.326166978999936	87.044096
securibench/Sanitizers1.yml	false	TIMEOUT	900.783226	901.0045376109997	2289.659904
securibench/Sanitizers2.yml	true	OUT OF MEMORY	365.97718	366.25927473399975	2999.996416
securibench/Sanitizers3.yml	true	unknown	4.102778	4.123938752999948	62.287872
securibench/Sanitizers4.yml	false	TIMEOUT	900.970635	911.8002946290001	1148.530688
securibench/Sanitizers5.yml	false	unknown	3.345517	3.3729424779999135	62.513152
securibench/Sanitizers6.yml	true	true	24.523605	24.536460842999986	189.427712
securibench/Session1.yml	false	false	3.576512	3.589842426000132	83.021824
securibench/Session2.yml	false	false	3.975801	4.0166515670000535	83.140608
securibench/Session3.yml	false	false	3.943716	3.9744897050002237	95.752192
securibench/StrongUpdates1.yml	true	true	3.336915	3.348289474000012	56.217600
securibench/StrongUpdates2.yml	true	true	3.26816	3.293258797999897	56.066048
securibench/StrongUpdates3.yml	true	true	3.329884	3.375369010999975	56.975360
securibench/StrongUpdates4.yml	true	true	3.601697	3.623057493999795	55.898112
securibench/StrongUpdates5.yml	true	unknown	3.93568	3.957337227999915	55.640064
float-nonlinear-calculation/Bessel.yml	true	true	2.011596	2.023663503999842	79.638528
float-nonlinear-calculation/Conflict.yml	true	true	2.445168	2.464800491999995	81.199104
float-nonlinear-calculation/EulerMethod.yml	false	unknown	2.15607	2.1734432870000546	92.708864
float-nonlinear-calculation/MathSin.yml	false	unknown	2.353795	2.3760378680001395	54.099968
float-nonlinear-calculation/Optimization1.yml	false	unknown	2.693634	2.7053628189999017	77.987840
float-nonlinear-calculation/Optimization2.yml	false	unknown	2.466822	2.485606609000115	81.379328
float-nonlinear-calculation/Optimization3.yml	false	true	2.97408	2.989958142999967	90.697728
float-nonlinear-calculation/Optimization4.yml	false	unknown	2.396935	2.4105721759999597	78.139392
float-nonlinear-calculation/Optimization5.yml	false	unknown	2.889644	2.903141522999931	78.327808
float-nonlinear-calculation/Optimization6.yml	false	unknown	2.410153	2.4219693580000694	78.508032
float-nonlinear-calculation/PartitionEx.yml	true	true	2.045058	2.049248862000013	78.049280
float-nonlinear-calculation/TurnLogic.yml	true	true	1.836826	1.849659513000006	53.891072
float-nonlinear-calculation/coral1.yml	false	unknown	2.987866	3.0010737229999904	77.647872
float-nonlinear-calculation/coral10.yml	false	unknown	2.640713	2.6582663500000763	79.065088
float-nonlinear-calculation/coral11.yml	false	unknown	3.128705	3.144046847999789	79.790080
float-nonlinear-calculation/coral12.yml	false	unknown	2.709474	2.715129955999828	78.188544
float-nonlinear-calculation/coral13.yml	false	unknown	3.089798	3.0973775840000144	78.700544
float-nonlinear-calculation/coral14.yml	false	unknown	2.466298	2.4761209400001007	77.885440
float-nonlinear-calculation/coral15.yml	false	unknown	2.61078	2.6317108590001226	80.850944
float-nonlinear-calculation/coral16.yml	false	true	3.238181	3.2520345030000044	78.049280
float-nonlinear-calculation/coral17.yml	false	unknown	2.64898	2.671496394000087	78.585856
float-nonlinear-calculation/coral18.yml	false	unknown	3.121744	3.12878637100016	77.815808
float-nonlinear-calculation/coral19.yml	false	unknown	2.456774	2.469160602000102	77.778944
float-nonlinear-calculation/coral2.yml	false	unknown	2.827174	2.8381088650000947	78.503936
float-nonlinear-calculation/coral20.yml	false	unknown	2.441375	2.4586454210000284	78.745600
float-nonlinear-calculation/coral21.yml	false	unknown	2.973354	2.9943273700000645	78.753792
float-nonlinear-calculation/coral22.yml	false	unknown	2.546385	2.5591332359999797	79.675392
float-nonlinear-calculation/coral23.yml	true	true	2.986171	3.0097937389998606	78.979072
float-nonlinear-calculation/coral26.yml	true	true	2.963408	2.9952975720000268	79.024128
float-nonlinear-calculation/coral27.yml	false	unknown	2.882482	2.8879559760000575	78.782464
float-nonlinear-calculation/coral28.yml	false	unknown	2.583549	2.587798695999936	77.774848
float-nonlinear-calculation/coral29.yml	false	unknown	2.454532	2.4722746679999545	81.629184
float-nonlinear-calculation/coral3.yml	true	true	2.872308	2.87616032599999	79.331328
float-nonlinear-calculation/coral30.yml	false	unknown	2.302317	2.32506618299999	54.038528
float-nonlinear-calculation/coral31.yml	false	true	2.771088	2.786187689000144	78.913536
float-nonlinear-calculation/coral32.yml	false	unknown	2.558009	2.5681045639998956	78.917632
float-nonlinear-calculation/coral33.yml	false	unknown	2.710865	2.715439700999923	79.392768
float-nonlinear-calculation/coral34.yml	false	unknown	2.448183	2.461366807000104	78.422016
float-nonlinear-calculation/coral35.yml	false	unknown	2.724844	2.7538978299999144	78.594048
float-nonlinear-calculation/coral36.yml	false	unknown	2.190773	2.2124855860001844	55.308288
float-nonlinear-calculation/coral38.yml	false	unknown	2.760415	2.782989160999932	81.637376
float-nonlinear-calculation/coral39.yml	false	unknown	2.310127	2.323241367000037	77.783040
float-nonlinear-calculation/coral4.yml	false	unknown	2.909817	2.9140168769999946	78.434304
float-nonlinear-calculation/coral40.yml	false	unknown	2.403861	2.414300787000002	79.310848
float-nonlinear-calculation/coral41.yml	false	unknown	2.688111	2.7379023039998174	81.645568
float-nonlinear-calculation/coral42.yml	false	unknown	3.121349	3.135067202999835	78.548992
float-nonlinear-calculation/coral43.yml	false	unknown	2.841932	2.8491487320000033	77.692928
float-nonlinear-calculation/coral44.yml	false	unknown	3.169871	3.179341045000001	77.455360
float-nonlinear-calculation/coral45.yml	false	unknown	2.465033	2.472590878999881	78.454784
float-nonlinear-calculation/coral46.yml	true	unknown	3.005904	3.0199185320000197	78.819328
float-nonlinear-calculation/coral48.yml	false	true	2.473021	2.4861407859998508	78.446592
float-nonlinear-calculation/coral49.yml	false	unknown	3.080537	3.103513301000021	78.946304
float-nonlinear-calculation/coral5.yml	true	true	2.505221	2.518689128999995	77.516800
float-nonlinear-calculation/coral50.yml	false	unknown	3.090595	3.096425599999975	77.869056
float-nonlinear-calculation/coral51.yml	false	unknown	2.63117	2.6423509380001633	81.629184
float-nonlinear-calculation/coral52.yml	false	unknown	3.182534	3.196281927999962	78.598144
float-nonlinear-calculation/coral53.yml	false	unknown	2.608867	2.6304047010000886	81.965056
float-nonlinear-calculation/coral54.yml	false	unknown	2.743776	2.759107116999985	78.106624
float-nonlinear-calculation/coral55.yml	true	true	3.116399	3.1496618180001406	78.925824
float-nonlinear-calculation/coral56.yml	false	true	2.763262	2.775877143000116	81.518592
float-nonlinear-calculation/coral57.yml	false	true	3.138249	3.1432813310000256	79.749120
float-nonlinear-calculation/coral58.yml	false	true	2.521984	2.5410570300000472	78.950400
float-nonlinear-calculation/coral59.yml	false	true	3.057123	3.072376474000066	77.754368
float-nonlinear-calculation/coral6.yml	false	unknown	2.484468	2.489296149999973	81.731584
float-nonlinear-calculation/coral60.yml	false	true	2.95908	2.9662705660000483	78.069760
float-nonlinear-calculation/coral61.yml	false	true	2.46238	2.4760622409999087	78.454784
float-nonlinear-calculation/coral62.yml	false	true	3.240085	3.2582806909999817	79.101952
float-nonlinear-calculation/coral63.yml	false	true	2.973217	3.0013889500000914	88.899584
float-nonlinear-calculation/coral64.yml	false	true	3.274089	3.280314262000047	79.908864
float-nonlinear-calculation/coral65.yml	false	true	3.091896	3.1040987260000747	81.854464
float-nonlinear-calculation/coral66.yml	false	true	3.166914	3.179289117000053	78.770176
float-nonlinear-calculation/coral67.yml	false	true	2.830616	2.8447047899999234	78.086144
float-nonlinear-calculation/coral68.yml	false	true	2.850389	2.8558780620001016	79.048704
float-nonlinear-calculation/coral69.yml	false	true	3.195469	3.2035318440000538	78.761984
float-nonlinear-calculation/coral71.yml	false	unknown	2.985212	3.0128454329999386	78.557184
float-nonlinear-calculation/coral72.yml	false	unknown	3.433109	3.4515925089999655	83.492864
float-nonlinear-calculation/coral73.yml	false	unknown	3.18487	3.1948280269998577	78.249984
float-nonlinear-calculation/coral74.yml	false	unknown	3.372665	3.3885029200000645	77.557760
float-nonlinear-calculation/coral75.yml	false	unknown	2.972478	3.0437711120000586	78.221312
float-nonlinear-calculation/coral76.yml	false	true	3.199365	3.21676487600007	78.622720
float-nonlinear-calculation/coral77.yml	false	true	2.875191	2.8919182089998685	79.245312
float-nonlinear-calculation/coral79.yml	false	true	3.305431	3.3206970250000722	78.917632
float-nonlinear-calculation/coral80.yml	true	true	2.699559	2.713380311000037	78.602240
float-nonlinear-calculation/coral81.yml	false	unknown	3.065236	3.0706295779998527	78.950400
float-nonlinear-calculation/coral84.yml	false	unknown	2.507479	2.5143031959999007	77.918208
float-nonlinear-calculation/coral9.yml	false	unknown	3.197154	3.2222987770001055	78.340096
float-nonlinear-calculation/coral91.yml	true	true	2.810174	2.815820306999967	78.520320
