tool		SPF Friday 25 July 2025 04:48:22 AM IST	SPF Friday 25 July 2025 04:48:22 AM IST	SPF Friday 25 July 2025 04:48:22 AM IST	SPF Friday 25 July 2025 04:48:22 AM IST
run set		SV-COMP25_runtime-exception.RuntimeException-Java	SV-COMP25_runtime-exception.RuntimeException-Java	SV-COMP25_runtime-exception.RuntimeException-Java	SV-COMP25_runtime-exception.RuntimeException-Java
sv-benchmarks/java/		status	cputime (s)	walltime (s)	memory (MB)
jayhorn-recursive/Ackermann01.yml	true	false	2.149335	2.2941455029999815	81.772544
jayhorn-recursive/Addition.yml	true	true	2.30299	2.429247359000044	81.735680
jayhorn-recursive/InfiniteLoop.yml	true	false	1.695056	1.8979090210000322	94.978048
jayhorn-recursive/SatAckermann01.yml	true	true	12.373228	12.579640953000023	161.189888
jayhorn-recursive/SatAckermann02.yml	true	true	12.143356	12.358866948999946	161.669120
jayhorn-recursive/SatAckermann03.yml	true	true	12.213617	12.56758417900005	158.167040
jayhorn-recursive/SatAddition01.yml	true	true	2.249774	2.3845186730000023	80.900096
jayhorn-recursive/SatEvenOdd01.yml	true	true	2.240706	2.361447862000034	79.605760
jayhorn-recursive/SatFibonacci01.yml	true	true	2.407344	2.4191312620000645	103.424000
jayhorn-recursive/SatFibonacci02.yml	true	true	2.04421	2.066526313000054	54.845440
jayhorn-recursive/SatFibonacci03.yml	true	true	3.661157	3.67759915299996	108.445696
jayhorn-recursive/SatGcd.yml	true	TIMEOUT	901.017668	902.029081995	179.138560
jayhorn-recursive/SatHanoi01.yml	true	true	7.719432	7.737141455000028	161.071104
jayhorn-recursive/SatMccarthy91.yml	true	true	58.290339	58.35345407700004	184.639488
jayhorn-recursive/SatMultCommutative01.yml	true	true	2.662949	2.6808437610000055	81.440768
jayhorn-recursive/SatPrimes01.yml	true	unknown	448.150288	449.43365739	220.286976
jayhorn-recursive/UnsatAckermann01.yml	true	false	2.284669	2.3302488279999807	79.192064
jayhorn-recursive/UnsatAddition01.yml	true	false	2.466481	2.4831194270000196	88.297472
jayhorn-recursive/UnsatAddition02.yml	true	true	2.699461	2.769638611000005	80.396288
jayhorn-recursive/UnsatEvenOdd01.yml	true	false	1.940864	1.9453740139999809	81.645568
jayhorn-recursive/UnsatFibonacci01.yml	true	false	2.337096	2.350128280999911	79.659008
jayhorn-recursive/UnsatFibonacci02.yml	true	false	2.415265	2.4566484599999967	92.155904
jayhorn-recursive/UnsatMccarthy91.yml	true	false	1.834718	1.8431726799999524	79.040512
jbmc-regression/ArithmeticException1.yml	true	false	2.356745	2.369540460000053	82.567168
jbmc-regression/ArithmeticException5.yml	true	true	1.787803	1.8157050099999879	53.170176
jbmc-regression/ArithmeticException6.yml	true	false	1.922648	1.9485175700000354	79.855616
jbmc-regression/ArrayIndexOutOfBoundsException1.yml	true	false	2.400244	2.414271289999988	78.458880
jbmc-regression/ArrayIndexOutOfBoundsException2.yml	true	false	1.951058	1.981433573000004	79.081472
jbmc-regression/ArrayIndexOutOfBoundsException3.yml	true	false	2.253153	2.267771046000007	78.536704
jbmc-regression/BufferedReaderReadLine.yml	true	unknown	1.95955	1.9795288569999911	57.667584
jbmc-regression/CharSequenceBug.yml	true	false	1.938701	1.9542934070000229	78.184448
jbmc-regression/CharSequenceToString.yml	true	unknown	1.947854	1.9745733500000142	61.411328
jbmc-regression/ClassCastException1.yml	true	false	2.078047	2.09067646699998	54.829056
jbmc-regression/ClassCastException2.yml	true	true	2.140517	2.1580400459999964	56.594432
jbmc-regression/ClassCastException3.yml	true	false	1.856863	1.9218135549999715	53.813248
jbmc-regression/Class_method1.yml	true	true	1.834788	1.8622736279999117	53.055488
jbmc-regression/Inheritance1.yml	true	true	1.849836	1.8845539469999721	53.391360
jbmc-regression/NegativeArraySizeException1.yml	true	false	2.104508	2.1233766420000393	54.779904
jbmc-regression/NegativeArraySizeException2.yml	true	false	2.061162	2.081985918999976	53.395456
jbmc-regression/NullPointerException1.yml	true	true	1.683944	1.6983267839999598	53.772288
jbmc-regression/NullPointerException2.yml	true	false	1.679838	1.7023330639999585	53.760000
jbmc-regression/NullPointerException3.yml	true	false	1.675534	1.706989404000069	54.448128
jbmc-regression/NullPointerException4.yml	true	false	1.993906	2.015514959000029	53.800960
jbmc-regression/RegexMatches01.yml	true	true	1.674242	1.689786798	53.145600
jbmc-regression/RegexMatches02.yml	true	true	1.706994	1.7198316120000072	56.393728
jbmc-regression/RegexSubstitution01.yml	true	true	2.120941	2.146322689000044	53.825536
jbmc-regression/RegexSubstitution02.yml	true	unknown	1.798946	1.8248909980000008	53.362688
jbmc-regression/RegexSubstitution03.yml	true	true	2.156687	2.176392630999999	53.895168
jbmc-regression/StaticCharMethods01.yml	true	true	1.807826	1.8322122250000348	53.571584
jbmc-regression/StaticCharMethods02.yml	true	unknown	1.845127	1.8577805489999264	64.446464
jbmc-regression/StaticCharMethods03.yml	true	unknown	2.182427	2.2025432330000285	56.946688
jbmc-regression/StaticCharMethods04.yml	true	false	1.870024	1.9110048719999213	53.620736
jbmc-regression/StaticCharMethods05.yml	false	unknown	1.799141	1.812613443000032	53.399552
jbmc-regression/StaticCharMethods06.yml	true	unknown	1.747583	1.7517979399999604	58.339328
jbmc-regression/StringBuilderAppend01.yml	true	unknown	2.241369	2.264487745999986	54.083584
jbmc-regression/StringBuilderAppend02.yml	true	unknown	1.741069	1.7757726789999424	53.907456
jbmc-regression/StringBuilderCapLen01.yml	true	true	2.155646	2.1686984379999785	53.915648
jbmc-regression/StringBuilderCapLen02.yml	true	false	1.767485	1.7896754119999514	56.991744
jbmc-regression/StringBuilderCapLen03.yml	true	unknown	1.70246	1.723697892999894	55.193600
jbmc-regression/StringBuilderCapLen04.yml	true	unknown	2.092817	2.10705202500003	54.886400
jbmc-regression/StringBuilderChars01.yml	true	true	1.749277	1.785231342999964	53.579776
jbmc-regression/StringBuilderChars02.yml	true	false	2.143857	2.1565289190000385	57.225216
jbmc-regression/StringBuilderChars03.yml	false	unknown	1.67267	1.6943662109999877	56.115200
jbmc-regression/StringBuilderChars04.yml	true	unknown	1.665231	1.6879958560000432	54.726656
jbmc-regression/StringBuilderChars05.yml	false	unknown	2.11258	2.1864432090000037	53.264384
jbmc-regression/StringBuilderChars06.yml	true	unknown	1.725508	1.7655734180000309	53.235712
jbmc-regression/StringBuilderConstructors01.yml	true	unknown	2.233619	2.247509960000002	56.991744
jbmc-regression/StringBuilderConstructors02.yml	true	unknown	1.81291	1.845150913999987	53.469184
jbmc-regression/StringBuilderInsertDelete01.yml	true	true	1.896084	1.9180003839999245	53.686272
jbmc-regression/StringBuilderInsertDelete02.yml	true	unknown	1.897618	1.9446491790000664	53.846016
jbmc-regression/StringBuilderInsertDelete03.yml	true	unknown	2.290472	2.299272457999905	55.427072
jbmc-regression/StringCompare01.yml	true	true	1.842245	1.8659551880000436	53.592064
jbmc-regression/StringCompare02.yml	true	unknown	1.792371	1.8147238450000032	56.569856
jbmc-regression/StringCompare03.yml	true	unknown	2.131923	2.147029290999967	53.325824
jbmc-regression/StringCompare04.yml	true	unknown	1.851783	1.891635261000033	54.693888
jbmc-regression/StringCompare05.yml	true	false	2.150868	2.176660460999983	53.465088
jbmc-regression/StringConcatenation01.yml	true	false	1.911305	1.9276677230000132	57.974784
jbmc-regression/StringConcatenation02.yml	true	false	1.93913	1.9515294299999368	57.040896
jbmc-regression/StringConcatenation03.yml	true	false	2.219561	2.2430469610000046	58.060800
jbmc-regression/StringConcatenation04.yml	true	false	1.885857	1.9262823860000253	58.281984
jbmc-regression/StringConstructors01.yml	true	true	1.941474	1.9679767540000057	52.658176
jbmc-regression/StringConstructors02.yml	true	false	2.019894	2.028520573999913	57.995264
jbmc-regression/StringConstructors03.yml	true	false	2.19038	2.195400513999971	56.799232
jbmc-regression/StringConstructors04.yml	true	false	2.168638	2.1966447660000767	57.364480
jbmc-regression/StringConstructors05.yml	true	false	1.948875	2.005226302999972	58.077184
jbmc-regression/StringContains01.yml	true	false	1.757607	1.7769079740000961	57.307136
jbmc-regression/StringContains02.yml	true	false	1.692364	1.7053024829999686	57.901056
jbmc-regression/StringIndexMethods01.yml	true	true	2.08627	2.1065189550000696	53.567488
jbmc-regression/StringIndexMethods02.yml	true	false	2.213567	2.2365781109999716	78.123008
jbmc-regression/StringIndexMethods03.yml	true	false	1.737346	1.7742258900000252	78.782464
jbmc-regression/StringIndexMethods04.yml	true	false	1.788147	1.8125410259999626	78.508032
jbmc-regression/StringIndexMethods05.yml	true	false	1.695165	1.70840281400001	78.360576
jbmc-regression/StringMiscellaneous01.yml	true	true	2.090574	2.0992025499999727	53.309440
jbmc-regression/StringMiscellaneous02.yml	true	unknown	1.663226	1.6862843959999054	56.815616
jbmc-regression/StringMiscellaneous03.yml	false	unknown	2.168607	2.189005323999936	59.047936
jbmc-regression/StringMiscellaneous04.yml	true	true	1.644551	1.6651187610000306	55.697408
jbmc-regression/StringStartEnd01.yml	true	true	1.616056	1.6354559589999553	64.172032
jbmc-regression/StringStartEnd02.yml	true	false	2.184346	2.202168553999968	58.130432
jbmc-regression/StringStartEnd03.yml	true	false	1.726444	1.7595698549999952	57.880576
jbmc-regression/StringValueOf01.yml	true	true	1.606513	1.6276253720000113	54.030336
jbmc-regression/StringValueOf02.yml	false	false	1.64511	1.6657159280000542	54.583296
jbmc-regression/StringValueOf03.yml	false	false	2.11301	2.1269892760000175	57.253888
jbmc-regression/StringValueOf04.yml	true	false	1.704292	1.720656018999989	60.944384
jbmc-regression/StringValueOf05.yml	true	unknown	2.122847	2.1304557129999466	57.720832
jbmc-regression/StringValueOf06.yml	true	false	1.589327	1.6119611060000807	58.499072
jbmc-regression/StringValueOf07.yml	true	unknown	1.576766	1.5980697090000149	53.731328
jbmc-regression/StringValueOf08.yml	false	unknown	2.142202	2.163191203999986	55.152640
jbmc-regression/StringValueOf09.yml	false	unknown	1.603806	1.6355108519999249	55.111680
jbmc-regression/StringValueOf10.yml	true	false	1.657786	1.6778873969999495	59.338752
jbmc-regression/SubString01.yml	true	true	1.497046	1.5100141880000137	53.518336
jbmc-regression/SubString02.yml	false	false	2.131446	2.1499772860000803	58.458112
jbmc-regression/SubString03.yml	false	false	2.168118	2.186787329000026	57.151488
jbmc-regression/TokenTest01.yml	true	true	1.610393	1.6323752780000405	52.776960
jbmc-regression/TokenTest02.yml	true	unknown	1.555953	1.5591541940000297	53.870592
jbmc-regression/Validate01.yml	true	true	1.632262	1.6511149770000202	54.177792
jbmc-regression/Validate02.yml	true	unknown	2.14235	2.16158782399998	61.808640
jbmc-regression/aastore_aaload1.yml	true	true	352.619113	354.66756853999993	127.098880
jbmc-regression/array1.yml	true	true	1.825831	1.8368749589999425	80.007168
jbmc-regression/array2.yml	true	true	1.64559	1.657276579999916	78.278656
jbmc-regression/arraylength1.yml	true	true	2.278236	2.3014197929999227	81.408000
jbmc-regression/arrayread1.yml	true	true	2.18601	2.1997240279999914	79.048704
jbmc-regression/assert1.yml	true	true	1.727096	1.7477958129999251	82.178048
jbmc-regression/assert2.yml	true	false	1.693796	1.705358365000052	78.811136
jbmc-regression/assert3.yml	true	false	2.155141	2.1682135910000397	78.704640
jbmc-regression/assert4.yml	true	false	1.637101	1.6506490869999197	80.240640
jbmc-regression/assert5.yml	true	true	1.657534	1.6706352620000189	78.307328
jbmc-regression/assert6.yml	true	true	2.20222	2.21558871000002	79.458304
jbmc-regression/astore_aload1.yml	true	true	2.221578	2.246051236000085	53.313536
jbmc-regression/athrow1.yml	true	false	1.660618	1.6834988770000336	53.338112
jbmc-regression/basic1.yml	true	true	1.665759	1.6785026060000519	53.280768
jbmc-regression/bitwise1.yml	true	true	2.147914	2.163573927000016	79.036416
jbmc-regression/boolean1.yml	true	true	2.201927	2.216347928999994	78.999552
jbmc-regression/boolean2.yml	true	true	1.913998	1.925648260999992	78.143488
jbmc-regression/bug-test-gen-095.yml	true	false	1.941171	1.952216591000024	58.265600
jbmc-regression/bug-test-gen-119-2.yml	true	true	2.072828	2.091607890000091	55.762944
jbmc-regression/bug-test-gen-119.yml	true	false	1.753645	1.7668414870000788	78.221312
jbmc-regression/calc.yml	true	true	85.061721	85.11956355100006	127.414272
jbmc-regression/cast1.yml	true	true	2.267993	2.2786284419998992	78.934016
jbmc-regression/catch1.yml	true	true	1.557329	1.5798601179999423	53.882880
jbmc-regression/char1.yml	true	unknown	2.079771	2.0935352889999876	58.347520
jbmc-regression/charArray.yml	true	unknown	1.572726	1.590829941999914	57.061376
jbmc-regression/classtest1.yml	true	true	1.500422	1.5214688170000272	54.566912
jbmc-regression/const1.yml	true	true	2.04064	2.062730130000091	53.415936
jbmc-regression/constructor1.yml	true	true	1.972865	1.9962634720000096	55.582720
jbmc-regression/enum1.yml	true	true	1.55949	1.5808455039999671	53.731328
jbmc-regression/exceptions1.yml	true	false	1.545235	1.5517016960000092	58.466304
jbmc-regression/exceptions10.yml	true	false	2.005704	2.0256760729999996	55.222272
jbmc-regression/exceptions11.yml	true	false	1.544507	1.5649052539999957	54.087680
jbmc-regression/exceptions12.yml	true	false	2.006484	2.0202546699999857	53.424128
jbmc-regression/exceptions13.yml	true	false	1.563193	1.5828527400000212	58.089472
jbmc-regression/exceptions14.yml	true	true	2.007747	2.019555588000003	52.445184
jbmc-regression/exceptions15.yml	true	true	1.564716	1.5676571019999983	53.215232
jbmc-regression/exceptions16.yml	true	false	1.560627	1.5833120510000072	54.972416
jbmc-regression/exceptions18.yml	true	true	1.963373	1.9861758429999554	55.422976
jbmc-regression/exceptions2.yml	true	false	1.551163	1.5724993060000543	53.846016
jbmc-regression/exceptions3.yml	true	false	1.564658	1.5857527390000996	53.903360
jbmc-regression/exceptions4.yml	true	true	2.018036	2.041419123999958	53.399552
jbmc-regression/exceptions5.yml	true	true	2.07329	2.0797919830000637	52.629504
jbmc-regression/exceptions6.yml	true	false	1.508765	1.5274117299999261	54.951936
jbmc-regression/exceptions7.yml	true	false	1.536576	1.5484026230000154	53.407744
jbmc-regression/exceptions8.yml	true	false	2.046331	2.0692057699999395	54.743040
jbmc-regression/exceptions9.yml	true	true	2.041848	2.0540161559999888	53.743616
jbmc-regression/fcmpx_dcmpx1.yml	true	true	1.480765	1.4940984439999738	53.501952
jbmc-regression/iarith1.yml	true	true	1.578972	1.5920713170000909	53.596160
jbmc-regression/iarith2.yml	true	true	2.114017	2.130682917999934	53.547008
jbmc-regression/if_acmp1.yml	true	true	1.697544	1.7245565700000043	55.635968
jbmc-regression/if_expr1.yml	true	true	1.802707	1.8129631729999574	80.588800
jbmc-regression/if_icmp1.yml	true	true	2.273789	2.287335645999974	80.707584
jbmc-regression/ifxx1.yml	true	true	1.603653	1.6207317039999225	54.550528
jbmc-regression/instanceof1.yml	true	true	1.985683	2.002383200000054	54.140928
jbmc-regression/instanceof2.yml	true	true	1.496263	1.4997905040000887	52.846592
jbmc-regression/instanceof3.yml	true	true	2.008181	2.0308708329999945	52.948992
jbmc-regression/instanceof4.yml	true	true	1.58153	1.609765091999975	53.891072
jbmc-regression/instanceof5.yml	true	true	1.58461	1.5946780470000022	53.071872
jbmc-regression/instanceof6.yml	true	true	1.990188	1.999541757999964	53.063680
jbmc-regression/instanceof7.yml	true	true	1.989778	2.014515857000106	53.047296
jbmc-regression/instanceof8.yml	true	true	1.566229	1.5821864189999815	52.793344
jbmc-regression/interface1.yml	true	false	1.658343	1.679517078999993	54.534144
jbmc-regression/java_append_char.yml	true	false	2.320088	2.3403255830000944	82.137088
jbmc-regression/lazyloading4.yml	true	true	1.545459	1.5687186640000164	53.813248
jbmc-regression/list1.yml	true	true	100.05643	100.09629204700002	165.400576
jbmc-regression/long1.yml	true	true	1.549598	1.5727716479999572	53.145600
jbmc-regression/lookupswitch1.yml	true	true	1.757682	1.7706678939999847	79.159296
jbmc-regression/multinewarray.yml	true	true	2.025223	2.0493852939999897	53.346304
jbmc-regression/overloading1.yml	true	true	1.510619	1.5233214479999333	52.891648
jbmc-regression/package1.yml	true	true	1.595997	1.61791555100001	55.242752
jbmc-regression/putfield_getfield1.yml	true	true	1.963082	1.992255560999979	54.394880
jbmc-regression/putstatic_getstatic1.yml	true	true	1.574568	1.5982454720000305	53.207040
jbmc-regression/recursion2.yml	true	true	1.523314	1.544824329999983	53.932032
jbmc-regression/return1.yml	true	false	1.57309	1.5944690750000063	54.611968
jbmc-regression/return2.yml	true	false	2.172389	2.1894817579999426	88.121344
jbmc-regression/store_load1.yml	true	true	1.553358	1.5732722499999454	52.727808
jbmc-regression/swap1.yml	true	true	1.525496	1.5391019390000338	52.707328
jbmc-regression/synchronized.yml	true	true	1.966939	1.9873244049999812	54.849536
jbmc-regression/tableswitch1.yml	true	true	1.715263	1.718826087000025	81.530880
jbmc-regression/uninitialised1.yml	true	true	1.55312	1.5754835519999233	53.465088
jbmc-regression/virtual1.yml	true	true	2.10695	2.1206773010000006	52.957184
jbmc-regression/virtual2.yml	true	false	1.863675	1.8873162560000765	54.603776
jbmc-regression/virtual4.yml	true	true	1.748501	1.7706005140000798	56.352768
jbmc-regression/virtual_function_unwinding.yml	true	true	1.532832	1.552940536000051	53.571584
jpf-regression/ExDarko_false.yml	true	false	1.694495	1.7024177130000453	78.036992
jpf-regression/ExDarko_true.yml	true	true	2.188641	2.2014901639998925	78.430208
jpf-regression/ExException_false.yml	false	false	1.691287	1.6999079749999737	88.326144
jpf-regression/ExException_true.yml	true	true	1.611377	1.6150797599999578	78.188544
jpf-regression/ExGenSymExe_false.yml	true	false	2.042005	2.0566282109999747	55.050240
jpf-regression/ExGenSymExe_true.yml	true	true	1.561609	1.581465511000033	53.731328
jpf-regression/ExLazy_false.yml	true	false	1.661305	1.6830791620000127	78.188544
jpf-regression/ExLazy_true.yml	true	true	2.187615	2.1995842540000012	77.737984
jpf-regression/ExMIT_false.yml	true	false	1.580276	1.602943307999908	78.667776
jpf-regression/ExMIT_true.yml	true	true	1.648847	1.6603685439999936	79.028224
jpf-regression/ExSymExe10_false.yml	true	false	2.206979	2.219264039000109	79.425536
jpf-regression/ExSymExe10_true.yml	true	true	1.682587	1.6959501649999993	78.405632
jpf-regression/ExSymExe11_false.yml	true	false	1.54931	1.5683854970000084	54.296576
jpf-regression/ExSymExe11_true.yml	true	true	1.614424	1.625950372000034	78.643200
jpf-regression/ExSymExe12_false.yml	true	false	1.757757	1.7745165149999593	89.321472
jpf-regression/ExSymExe12_true.yml	true	true	2.370131	2.3875522600000068	89.366528
jpf-regression/ExSymExe13_false.yml	true	false	1.832974	1.8451010859999997	80.207872
jpf-regression/ExSymExe13_true.yml	true	true	1.823516	1.8376206760000287	79.675392
jpf-regression/ExSymExe14_false.yml	true	false	2.309923	2.3275749869999345	79.486976
jpf-regression/ExSymExe14_true.yml	true	true	1.782242	1.7854180419999466	78.983168
jpf-regression/ExSymExe15_false.yml	true	false	1.747853	1.7516356009999754	78.299136
jpf-regression/ExSymExe15_true.yml	true	true	2.300948	2.3092130400000315	89.182208
jpf-regression/ExSymExe16_false.yml	true	false	1.542883	1.5592459360000248	54.935552
jpf-regression/ExSymExe16_true.yml	true	true	1.500299	1.5134760260000348	54.394880
jpf-regression/ExSymExe17_false.yml	true	false	1.508027	1.520954684000003	53.346304
jpf-regression/ExSymExe17_true.yml	true	true	1.525421	1.5490442389999544	52.858880
jpf-regression/ExSymExe18_false.yml	true	false	2.206294	2.2177505299999893	79.683584
jpf-regression/ExSymExe18_true.yml	true	true	1.546206	1.5685249050000039	53.538816
jpf-regression/ExSymExe19_false.yml	true	false	1.756569	1.7683629099999507	79.790080
jpf-regression/ExSymExe19_true.yml	true	true	5.220476	5.2243909900000745	126.701568
jpf-regression/ExSymExe1_false.yml	true	false	2.296646	2.3100957089999383	123.617280
jpf-regression/ExSymExe1_true.yml	true	true	1.564303	1.5845700970000962	54.624256
jpf-regression/ExSymExe20_false.yml	true	false	5.000642	5.01373541800001	171.073536
jpf-regression/ExSymExe20_true.yml	true	true	1.547848	1.5513485459999856	54.677504
jpf-regression/ExSymExe21_false.yml	true	false	2.060539	2.0741709119999996	115.527680
jpf-regression/ExSymExe21_true.yml	true	true	2.096874	2.116156280000041	52.842496
jpf-regression/ExSymExe25_false.yml	true	false	1.706162	1.7296469230000184	80.502784
jpf-regression/ExSymExe25_true.yml	true	true	2.052107	2.0740866220000953	53.055488
jpf-regression/ExSymExe26_false.yml	true	false	2.327367	2.3506497810000155	115.576832
jpf-regression/ExSymExe26_true.yml	true	true	1.579056	1.5908416580000448	52.764672
jpf-regression/ExSymExe27_false.yml	true	false	2.185974	2.190980896000042	78.409728
jpf-regression/ExSymExe27_true.yml	true	true	1.604664	1.633050021000031	53.026816
jpf-regression/ExSymExe28_false.yml	true	false	1.799339	1.81301246299995	78.585856
jpf-regression/ExSymExe28_true.yml	true	true	1.984043	2.0132338140000456	56.115200
jpf-regression/ExSymExe29_false.yml	true	false	3.596413	3.6345123009999725	158.244864
jpf-regression/ExSymExe29_true.yml	true	true	1.841074	1.93827417600005	53.026816
jpf-regression/ExSymExe2_false.yml	true	false	2.366891	2.3956192719999763	116.285440
jpf-regression/ExSymExe2_true.yml	true	true	1.739543	1.7521400879999192	52.916224
jpf-regression/ExSymExe3_false.yml	true	false	2.260989	2.277769596999974	79.118336
jpf-regression/ExSymExe3_true.yml	true	true	1.645847	1.668728023999961	53.977088
jpf-regression/ExSymExe4_false.yml	true	false	2.98413	2.995922055000051	112.234496
jpf-regression/ExSymExe4_true.yml	true	true	1.686998	1.7102359759999217	52.801536
jpf-regression/ExSymExe5_false.yml	true	false	2.392515	2.396162559000004	78.684160
jpf-regression/ExSymExe5_true.yml	true	true	1.633781	1.65679825299992	55.226368
jpf-regression/ExSymExe6_false.yml	true	false	1.742075	1.7551674270000603	78.626816
jpf-regression/ExSymExe6_true.yml	true	true	2.069177	2.092705957000021	53.256192
jpf-regression/ExSymExe7_false.yml	true	false	1.912275	1.92695043599997	108.392448
jpf-regression/ExSymExe7_true.yml	true	true	1.887636	1.8911897140000065	114.016256
jpf-regression/ExSymExe8_false.yml	true	false	2.755467	2.7697997910000822	117.567488
jpf-regression/ExSymExe8_true.yml	true	true	1.664592	1.6857009990000051	56.479744
jpf-regression/ExSymExe9_false.yml	true	false	1.58809	1.6134676890000037	53.006336
jpf-regression/ExSymExe9_true.yml	true	true	1.615893	1.637203220999936	53.542912
jpf-regression/ExSymExeArrays_false.yml	true	false	1.575723	1.5974703780000254	53.714944
jpf-regression/ExSymExeArrays_true.yml	true	true	2.10084	2.123022681000066	52.572160
jpf-regression/ExSymExeBool_false.yml	true	false	1.625131	1.6488554700000577	53.166080
jpf-regression/ExSymExeBool_true.yml	true	true	1.610344	1.6320860760000642	53.518336
jpf-regression/ExSymExeComplexMath_false.yml	true	false	2.176977	2.199147016999973	54.095872
jpf-regression/ExSymExeComplexMath_true.yml	true	true	1.727198	1.7460358660000566	53.424128
jpf-regression/ExSymExeD2I_false.yml	true	false	1.674701	1.696228839000014	53.821440
jpf-regression/ExSymExeD2I_true.yml	true	true	2.254382	2.2631320879999066	77.398016
jpf-regression/ExSymExeD2L_false.yml	true	true	1.818936	1.8305891940000265	78.577664
jpf-regression/ExSymExeD2L_true.yml	true	true	1.778971	1.7907606950000172	78.139392
jpf-regression/ExSymExeF2I_false.yml	true	false	1.718799	1.7388362600000846	54.489088
jpf-regression/ExSymExeF2I_true.yml	true	true	1.848491	1.8619565000000193	78.016512
jpf-regression/ExSymExeF2L_false.yml	true	true	1.829988	1.8388240760000372	81.354752
jpf-regression/ExSymExeF2L_true.yml	true	true	2.363356	2.3827506530000164	78.819328
jpf-regression/ExSymExeFNEG_false.yml	true	true	1.861971	1.8793075439999711	81.539072
jpf-regression/ExSymExeFNEG_true.yml	true	true	1.758901	1.7628716609999628	78.249984
jpf-regression/ExSymExeGetStatic_false.yml	true	false	1.719015	1.7323380950000455	53.092352
jpf-regression/ExSymExeGetStatic_true.yml	true	true	2.10384	2.1265995019999764	52.740096
jpf-regression/ExSymExeI2D_false.yml	true	true	1.796098	1.8079181260000041	80.162816
jpf-regression/ExSymExeI2D_true.yml	true	true	1.966387	1.977275039999995	112.463872
jpf-regression/ExSymExeI2F_false.yml	true	false	1.643467	1.6673144149999644	53.428224
jpf-regression/ExSymExeI2F_true.yml	true	true	2.31938	2.329927397000006	78.110720
jpf-regression/ExSymExeLCMP_false.yml	true	false	1.776071	1.7923464329999206	78.684160
jpf-regression/ExSymExeLCMP_true.yml	true	true	1.795096	1.7987649119999105	79.433728
jpf-regression/ExSymExeLongBytecodes_false.yml	true	false	1.819149	1.8423232290000442	79.450112
jpf-regression/ExSymExeLongBytecodes_true.yml	true	true	1.928041	1.9428825900000675	79.249408
jpf-regression/ExSymExeResearch_false.yml	true	false	2.378025	2.4031490799999347	79.556608
jpf-regression/ExSymExeResearch_true.yml	true	true	1.921373	1.9367086839999956	79.949824
jpf-regression/ExSymExeSimple_false.yml	true	false	1.831308	1.8777034120000735	78.192640
jpf-regression/ExSymExeSimple_true.yml	true	true	1.789138	1.801833381999927	78.524416
jpf-regression/ExSymExeSuzette_false.yml	true	false	1.756263	1.7600288080000155	80.031744
jpf-regression/ExSymExeSuzette_true.yml	true	true	2.316232	2.330401668000036	79.699968
jpf-regression/ExSymExeSwitch_false.yml	true	false	1.706507	1.7192378409999947	78.454784
jpf-regression/ExSymExeSwitch_true.yml	true	true	1.949509	1.9642331109999986	80.125952
jpf-regression/ExSymExeTestAssignments_false.yml	true	false	2.022437	2.0591378279999617	88.371200
jpf-regression/ExSymExeTestAssignments_true.yml	true	true	2.030132	2.0853145110000924	87.945216
jpf-regression/ExSymExeTestClassFields_false.yml	true	false	2.430586	2.46920189399998	78.532608
jpf-regression/ExSymExeTestClassFields_true.yml	true	true	1.905325	1.9184475170000042	77.955072
jpf-regression/ExSymExe_false.yml	true	false	1.804793	1.822186438000017	54.665216
jpf-regression/ExSymExe_true.yml	true	true	1.814063	1.8322626100000434	53.628928
jpf-regression/TestLazy_false.yml	true	false	2.340387	2.3571343769999658	79.331328
jpf-regression/TestLazy_true.yml	true	true	1.79918	1.8152347999999847	78.520320
java-ranger-regression/TCAS_prop1.yml	true	false	3.217047	3.240238250999937	89.575424
java-ranger-regression/TCAS_prop2.yml	true	true	9.579735	9.592199919999985	132.931584
java-ranger-regression/TCAS_prop3.yml	true	true	9.725411	9.736473119999914	127.688704
java-ranger-regression/apachecli_eqchk.yml	true	true	52.50261	52.60465058700004	119.914496
java-ranger-regression/schedule_eqchk.yml	true	true	5.843144	5.865296212999965	97.579008
java-ranger-regression/WBS/WBS_prop1.yml	true	false	1.864111	1.8893314639999517	79.347712
java-ranger-regression/WBS/WBS_prop2.yml	true	true	4.830396	4.849288344000001	113.029120
java-ranger-regression/WBS/WBS_prop3.yml	true	false	2.062825	2.0819578040000124	79.712256
java-ranger-regression/WBS/WBS_prop4.yml	true	false	5.984581	5.988585866999983	117.186560
java-ranger-regression/alarm/Alarm_prop1.yml	true	true	2.495548	2.500050244000022	83.587072
java-ranger-regression/alarm/Alarm_prop10.yml	true	true	2.462242	2.4670651760000055	82.833408
java-ranger-regression/alarm/Alarm_prop2.yml	true	true	2.337395	2.3482843020000246	79.802368
java-ranger-regression/alarm/Alarm_prop3.yml	true	true	2.352778	2.3659395849999783	83.017728
java-ranger-regression/alarm/Alarm_prop4.yml	true	true	2.401376	2.4134138780000285	84.926464
java-ranger-regression/alarm/Alarm_prop5.yml	true	true	2.51953	2.5658581700000695	98.070528
java-ranger-regression/alarm/Alarm_prop6.yml	true	true	2.929611	2.937985909999952	87.433216
java-ranger-regression/alarm/Alarm_prop8.yml	true	true	2.46934	2.48356289700007	87.199744
java-ranger-regression/alarm/Alarm_prop9.yml	true	true	2.479948	2.5178708580000375	80.216064
java-ranger-regression/infusion/Infusion_prop1.yml	true	true	2.112203	2.1213339649999625	80.863232
java-ranger-regression/infusion/Infusion_prop10.yml	true	true	2.326834	2.343908488000011	79.462400
java-ranger-regression/infusion/Infusion_prop11.yml	true	true	2.715466	2.7410877470000514	79.495168
java-ranger-regression/infusion/Infusion_prop12.yml	true	true	2.344045	2.400454241000034	80.527360
java-ranger-regression/infusion/Infusion_prop13.yml	true	true	2.357713	2.4261260910000146	81.100800
java-ranger-regression/infusion/Infusion_prop2.yml	true	true	2.332929	2.344095068999991	79.560704
java-ranger-regression/infusion/Infusion_prop3.yml	true	true	2.479963	2.4940358570000853	91.676672
java-ranger-regression/infusion/Infusion_prop4.yml	true	true	2.848207	2.8707344079999757	92.827648
java-ranger-regression/infusion/Infusion_prop5.yml	true	true	2.235662	2.250402982999958	84.955136
java-ranger-regression/infusion/Infusion_prop6.yml	true	true	2.527162	2.53993131499999	81.158144
java-ranger-regression/infusion/Infusion_prop7.yml	true	true	2.438772	2.4577139579999994	80.424960
java-ranger-regression/infusion/Infusion_prop8.yml	true	true	2.476121	2.4993905989999803	91.856896
java-ranger-regression/infusion/Infusion_prop9.yml	true	true	2.829109	2.8541879469999003	89.153536
java-ranger-regression/siena_eqchk/siena_prop1.yml	true	true	25.260235	25.31006478400002	120.598528
java-ranger-regression/siena_eqchk/siena_prop2.yml	true	false	4.467349	4.485136678999993	96.792576
java-ranger-regression/replace5_eqchk/replace5_prop1.yml	true	true	8.296395	8.309206853999967	102.457344
java-ranger-regression/replace5_eqchk/replace5_prop2.yml	true	false	2.768837	2.7864384230000496	80.666624
java-ranger-regression/nanoxml_eqchk/nanoxml_prop1.yml	false	unknown	3.313327	3.324664645999974	81.424384
java-ranger-regression/nanoxml_eqchk/nanoxml_prop2.yml	false	unknown	2.657188	2.6690553800000316	80.461824
java-ranger-regression/nanoxml_eqchk/nanoxml_prop3.yml	false	unknown	2.777427	2.832510642999978	80.220160
java-ranger-regression/printtokens_eqchk/printtokens_prop1.yml	true	true	31.447506	31.475918415000024	151.138304
java-ranger-regression/printtokens_eqchk/printtokens_prop2.yml	true	false	2.439085	2.526028795000002	80.076800
MinePump/spec1-5_product1.yml	true	false	2.20644	2.238001478000001	79.425536
MinePump/spec1-5_product10.yml	true	false	1.97532	1.9807886940000117	79.568896
MinePump/spec1-5_product11.yml	true	false	3.17766	3.1991761409999526	94.003200
MinePump/spec1-5_product12.yml	true	false	2.045488	2.05911039800003	83.628032
MinePump/spec1-5_product13.yml	true	false	1.815159	1.8192669520000209	78.622720
MinePump/spec1-5_product14.yml	true	false	1.952321	1.9654058219999797	79.355904
MinePump/spec1-5_product15.yml	true	false	3.319964	3.3343457440000748	94.187520
MinePump/spec1-5_product16.yml	true	false	2.167145	2.180942748999996	88.387584
MinePump/spec1-5_product17.yml	true	false	2.081619	2.0933222369999385	79.491072
MinePump/spec1-5_product18.yml	true	false	1.991935	2.0026262619999216	78.499840
MinePump/spec1-5_product19.yml	true	false	3.234585	3.2566167749999977	95.096832
MinePump/spec1-5_product2.yml	true	false	1.988432	1.9953560640000205	79.228928
MinePump/spec1-5_product20.yml	true	false	2.778307	2.793547760000024	84.881408
MinePump/spec1-5_product21.yml	true	false	1.900983	1.9262979100000166	81.571840
MinePump/spec1-5_product22.yml	true	false	1.922669	1.9438842859999568	79.818752
MinePump/spec1-5_product23.yml	true	false	3.132724	3.147906828000032	94.949376
MinePump/spec1-5_product24.yml	true	false	2.675761	2.689769747000014	84.058112
MinePump/spec1-5_product25.yml	true	false	1.964763	1.9705383780000147	82.210816
MinePump/spec1-5_product26.yml	true	false	1.925647	1.9470616970000947	78.819328
MinePump/spec1-5_product27.yml	true	false	3.361885	3.3767438369999354	95.424512
MinePump/spec1-5_product28.yml	true	false	2.176315	2.179409318000012	84.844544
MinePump/spec1-5_product29.yml	true	false	2.63061	2.642908681000108	79.757312
MinePump/spec1-5_product3.yml	true	false	3.201987	3.216636274999928	93.990912
MinePump/spec1-5_product30.yml	true	false	2.037193	2.0550069070000063	81.203200
MinePump/spec1-5_product31.yml	true	false	4.36065	4.376431395000054	93.835264
MinePump/spec1-5_product32.yml	true	false	2.194821	2.201587903000018	83.853312
MinePump/spec1-5_product33.yml	true	false	1.922557	1.9288167359999306	78.499840
MinePump/spec1-5_product34.yml	true	false	2.077408	2.0859426850000773	88.268800
MinePump/spec1-5_product35.yml	true	false	3.335269	3.3888595629999827	90.345472
MinePump/spec1-5_product36.yml	true	false	2.242731	2.2774021799999673	81.719296
MinePump/spec1-5_product37.yml	true	false	2.112626	2.159032309000054	78.282752
MinePump/spec1-5_product38.yml	true	false	2.685154	2.694536882999955	78.602240
MinePump/spec1-5_product39.yml	true	false	3.167562	3.1860669049999615	90.021888
MinePump/spec1-5_product4.yml	true	false	2.019243	2.034300084999927	83.537920
MinePump/spec1-5_product40.yml	true	false	2.119098	2.132331577000059	83.095552
MinePump/spec1-5_product41.yml	true	false	2.571681	2.585471417000008	81.711104
MinePump/spec1-5_product42.yml	true	false	2.723601	2.739321444999973	83.185664
MinePump/spec1-5_product43.yml	true	false	3.308979	3.312548492000019	94.031872
MinePump/spec1-5_product44.yml	true	false	2.240228	2.2442515080000476	84.090880
MinePump/spec1-5_product45.yml	true	false	2.131855	2.1392107709999664	85.200896
MinePump/spec1-5_product46.yml	true	false	2.582236	2.596687824000014	83.353600
MinePump/spec1-5_product47.yml	true	false	4.211843	4.2270125119999875	95.076352
MinePump/spec1-5_product48.yml	true	false	1.97293	1.9769626969999763	83.935232
MinePump/spec1-5_product49.yml	true	false	1.833516	1.8469641749999255	78.991360
MinePump/spec1-5_product5.yml	true	false	1.920724	1.929752680999968	81.326080
MinePump/spec1-5_product50.yml	true	false	2.323526	2.3332770450000453	78.848000
MinePump/spec1-5_product51.yml	true	false	2.913868	2.9276977819999956	90.845184
MinePump/spec1-5_product52.yml	true	false	1.941075	1.9544143019999183	83.148800
MinePump/spec1-5_product53.yml	true	false	1.88902	1.9048511349999444	78.389248
MinePump/spec1-5_product54.yml	true	false	2.479597	2.4949295210000173	79.343616
MinePump/spec1-5_product55.yml	true	false	4.455413	4.481849617999956	102.305792
MinePump/spec1-5_product56.yml	true	false	2.173278	2.2381512210000665	84.819968
MinePump/spec1-5_product57.yml	true	true	11.127104	11.150728600999969	97.005568
MinePump/spec1-5_product58.yml	true	true	10.723974	10.761169227999972	97.869824
MinePump/spec1-5_product59.yml	true	true	19.901903	19.957573340999943	111.214592
MinePump/spec1-5_product6.yml	true	false	2.324669	2.3543353940000316	88.563712
MinePump/spec1-5_product60.yml	true	true	14.063173	14.087453640000035	106.123264
MinePump/spec1-5_product61.yml	true	true	10.249374	10.288403113999948	98.181120
MinePump/spec1-5_product62.yml	true	true	9.658642	9.688134245000015	98.652160
MinePump/spec1-5_product63.yml	true	true	12.564352	12.588853481000001	117.395456
MinePump/spec1-5_product64.yml	true	true	13.729745	13.748200439000016	105.807872
MinePump/spec1-5_product7.yml	true	false	4.176573	4.217083098999979	95.272960
MinePump/spec1-5_product8.yml	true	false	2.12957	2.133929404000014	83.959808
MinePump/spec1-5_product9.yml	true	false	2.664412	2.674696615000016	88.772608
algorithms/BellmanFord-FunSat01.yml	true	true	4.899268	4.903277178000053	90.832896
algorithms/BellmanFord-FunSat02.yml	true	unknown	1.830543	1.843358344999956	78.180352
algorithms/BellmanFord-FunUnsat01.yml	true	false	3.597152	3.6135786080000116	90.021888
algorithms/BellmanFord-FunUnsat02.yml	true	unknown	2.317582	2.3224721720000616	78.979072
algorithms/BellmanFord-MemSat01.yml	true	true	3.619719	3.632605818000002	101.167104
algorithms/BellmanFord-MemSat02.yml	true	unknown	2.265863	2.270153596	78.483456
algorithms/BellmanFord-MemUnsat01.yml	true	false	4.636282	4.651645116000054	100.818944
algorithms/BellmanFord-MemUnsat02.yml	true	unknown	1.762604	1.766759714999921	78.721024
algorithms/BinaryTreeSearch-FunSat01.yml	true	true	4.661726	4.665887076999979	96.899072
algorithms/BinaryTreeSearch-FunUnsat01.yml	true	false	1.841342	1.8525498579999748	81.244160
algorithms/BinaryTreeSearch-MemSat01.yml	true	true	9.960581	9.97519081400003	100.765696
algorithms/BinaryTreeSearch-MemUnsat01.yml	true	false	1.700407	1.7137881039999456	79.646720
algorithms/BinaryTreeSearch-MemUnsat02.yml	true	false	1.761874	1.7844671880000078	78.811136
algorithms/InsertionSort-FunSat01.yml	true	true	1.942729	1.9660593349999544	83.611648
algorithms/InsertionSort-FunSat02.yml	true	true	2.555601	2.5602516689999675	84.230144
algorithms/InsertionSort-FunUnsat01.yml	true	true	1.871676	1.8928402459999916	80.977920
algorithms/InsertionSort-MemSat01.yml	true	true	1.939639	1.9528526829999464	81.997824
algorithms/InsertionSort-MemUnsat01.yml	true	false	1.888855	1.9024787939999896	81.747968
algorithms/MergeSortIterative-FunSat01.yml	true	true	2.548737	2.57205013600003	80.461824
algorithms/MergeSortIterative-FunSat02.yml	true	true	1.892175	1.9058141390000856	93.114368
algorithms/MergeSortIterative-FunUnsat01.yml	true	unknown	1.935669	1.9468687740001087	80.437248
algorithms/MergeSortIterative-MemSat01.yml	true	true	1.933857	1.9482230500000242	79.921152
algorithms/MergeSortIterative-MemUnsat01.yml	true	true	1.95904	1.9745966149999958	93.294592
algorithms/RedBlackTree-FunSat01.yml	true	true	3.052003	3.0622419710000486	86.274048
algorithms/RedBlackTree-FunUnsat01.yml	true	false	1.979266	1.9919033469999476	84.070400
algorithms/RedBlackTree-MemSat01.yml	true	true	5.693989	5.7049165349999384	95.391744
algorithms/RedBlackTree-MemUnsat01.yml	true	false	2.600173	2.6185713419999956	86.953984
algorithms/SortedListInsert-FunSat01.yml	true	true	8.184044	8.20503932500003	101.908480
algorithms/SortedListInsert-FunSat02.yml	true	true	7.077072	7.0910989090000385	111.362048
algorithms/SortedListInsert-FunUnsat01.yml	true	false	2.846195	2.8532370039999932	85.897216
algorithms/SortedListInsert-MemSat01.yml	true	true	3.881806	3.9014665329999616	94.343168
algorithms/SortedListInsert-MemUnsat01.yml	true	false	2.303494	2.3166260109999257	79.581184
algorithms/Trie-FunSat01.yml	true	true	1.799617	1.8033365050000612	81.063936
algorithms/Trie-FunUnsat01.yml	true	false	1.744922	1.7486703299999817	78.274560
algorithms/Trie-MemSat01.yml	true	true	1.850025	1.8685774960000572	90.882048
algorithms/Trie-MemUnsat01.yml	true	false	2.310749	2.323725717000002	79.110144
algorithms/Tsp-FunSat01.yml	true	unknown	1.626766	1.630940598000052	77.926400
algorithms/Tsp-FunUnsat01.yml	true	unknown	1.721557	1.735010912000007	78.995456
algorithms/Tsp-MemSat01.yml	true	unknown	2.300354	2.3131450570000425	78.716928
algorithms/Tsp-MemUnsat01.yml	true	unknown	1.753978	1.767018171000018	79.630336
juliet-java/CWE369_Divide_by_Zero__float_connect_tcp_divide_01_bad.yml	true	unknown	2.156088	2.1704273000000285	54.657024
juliet-java/CWE369_Divide_by_Zero__float_connect_tcp_divide_01_bad_version2.yml	true	unknown	1.772196	1.7930658540000195	55.316480
juliet-java/CWE369_Divide_by_Zero__float_connect_tcp_divide_01_good.yml	true	unknown	1.756115	1.777666108999938	53.723136
juliet-java/CWE369_Divide_by_Zero__float_connect_tcp_divide_81a_bad.yml	true	unknown	1.786452	1.8089127629999666	54.296576
juliet-java/CWE369_Divide_by_Zero__float_connect_tcp_divide_81a_bad_version2.yml	true	unknown	2.347393	2.3630539320000707	55.074816
juliet-java/CWE369_Divide_by_Zero__float_connect_tcp_divide_81a_good.yml	true	unknown	1.806137	1.8229707319999306	54.222848
juliet-java/CWE369_Divide_by_Zero__float_console_readLine_divide_54_bad.yml	true	unknown	2.261381	2.2834647419999783	58.441728
juliet-java/CWE369_Divide_by_Zero__float_console_readLine_divide_54_bad_version2.yml	true	unknown	1.934142	1.9502331420000019	58.327040
juliet-java/CWE369_Divide_by_Zero__float_console_readLine_divide_54_good.yml	true	unknown	1.902906	1.9204903539999805	57.978880
jdart-regression/OverapproximationString01.yml	true	false	1.600573	1.6038542389999293	58.773504
jdart-regression/URLDecoder01.yml	false	false	2.22051	2.2311581029999843	56.025088
jdart-regression/URLDecoder02.yml	false	false	2.169502	2.181173747999992	56.336384
jdart-regression/addition01.yml	true	true	1.903165	1.914430809999999	79.384576
jdart-regression/array-iteration01.yml	true	false	1.949197	1.9617349530000183	83.709952
jdart-regression/boundcheck100.yml	true	false	2.953056	2.979473222000024	94.326784
jdart-regression/boundcheck200.yml	true	false	5.596869	5.60595180200005	118.616064
jdart-regression/boundcheck30.yml	true	false	2.060293	2.06991833699999	80.683008
jdart-regression/double2long.yml	true	true	2.163516	2.176334222000037	77.930496
jdart-regression/float.yml	true	true	1.868104	1.8963488839999627	78.794752
jdart-regression/list2.yml	true	true	72.71444	72.88525271000003	165.425152
jdart-regression/radians.yml	true	unknown	1.820285	1.8352714889999788	54.050816
jdart-regression/shifting.yml	true	true	2.264801	2.2884981030000517	79.781888
jdart-regression/shifting2.yml	true	true	1.875636	1.8892274810000345	78.835712
jdart-regression/shifting3.yml	true	false	1.741934	1.755233923999981	78.622720
jdart-regression/startswith.yml	true	false	1.657629	1.6796199129998968	56.934400
securibench/Aliasing1.yml	true	false	3.968819	3.986859546000005	60.071936
securibench/Aliasing2.yml	true	true	3.897137	3.916327870000032	56.356864
securibench/Aliasing3.yml	true	true	2.830901	2.8550558870000486	56.705024
securibench/Aliasing4.yml	true	false	3.175358	3.200536263999993	60.264448
securibench/Aliasing5.yml	true	false	4.033651	4.0512422739999465	62.238720
securibench/Aliasing6.yml	true	false	3.664004	3.6936728529999527	61.538304
securibench/Arrays1.yml	true	false	4.187274	4.204769424999995	59.453440
securibench/Arrays10.yml	false	unknown	3.686898	3.715029679000054	64.303104
securibench/Arrays2.yml	true	false	3.918964	3.9839108480000505	58.748928
securibench/Arrays3.yml	true	false	4.258602	4.367037853999932	58.130432
securibench/Arrays4.yml	true	false	4.027663	4.179762701000072	59.654144
securibench/Arrays5.yml	true	true	4.281859	4.40327150600001	55.926784
securibench/Arrays6.yml	true	false	3.589679	3.6683376910000334	58.605568
securibench/Arrays7.yml	true	false	4.072909	4.145921956000052	59.314176
securibench/Arrays8.yml	true	false	3.456261	3.499153172999968	60.506112
securibench/Arrays9.yml	true	false	4.239174	4.281983083	65.536000
securibench/Basic1.yml	true	false	3.272744	3.298929983999983	59.043840
securibench/Basic10.yml	true	false	3.122811	3.1390301940000427	58.183680
securibench/Basic11.yml	true	unknown	3.91389	3.918715006999946	56.107008
securibench/Basic12.yml	true	false	4.215123	4.233027313999969	81.424384
securibench/Basic15.yml	true	false	3.254573	3.273204404000012	58.843136
securibench/Basic16.yml	true	false	3.335537	3.3660147849999476	60.977152
securibench/Basic17.yml	true	false	4.012759	4.036986862999925	59.150336
securibench/Basic18.yml	true	false	4.373329	4.39621454600001	70.447104
securibench/Basic19.yml	true	false	3.209522	3.232054316000017	59.785216
securibench/Basic2.yml	true	false	3.182895	3.1956762170000275	79.822848
securibench/Basic20.yml	true	false	3.906542	3.926816293999991	60.362752
securibench/Basic21.yml	true	unknown	3.072463	3.0865058529999487	63.373312
securibench/Basic24.yml	true	unknown	4.287264	4.301952178999954	59.613184
securibench/Basic25.yml	true	unknown	3.272282	3.2949904799999103	62.087168
securibench/Basic26.yml	true	false	3.997669	4.028123937000032	59.052032
securibench/Basic27.yml	true	false	3.341983	3.365132367000001	58.986496
securibench/Basic28.yml	true	true	3.187464	3.1977422299999034	55.250944
securibench/Basic29.yml	true	false	4.052605	4.067250152000042	59.101184
securibench/Basic3.yml	true	unknown	3.094871	3.098366286999976	59.097088
securibench/Basic30.yml	true	false	3.788515	3.8122941709999623	58.167296
securibench/Basic31.yml	true	false	3.032289	3.053716912000027	58.712064
securibench/Basic32.yml	true	false	3.989699	4.0109141230000205	57.892864
securibench/Basic33.yml	true	false	3.162413	3.185299041999997	58.683392
securibench/Basic34.yml	true	false	3.132225	3.145691448999969	58.765312
securibench/Basic35.yml	true	false	3.980561	4.0031758970000055	66.596864
securibench/Basic37.yml	true	unknown	3.04955	3.063182215999973	58.404864
securibench/Basic38.yml	true	unknown	3.919199	3.935784128000023	59.129856
securibench/Basic39.yml	true	unknown	2.96852	2.9720675789999405	58.638336
securibench/Basic4.yml	true	false	4.040902	4.061301916000048	82.579456
securibench/Basic5.yml	true	unknown	2.8752	2.888908010000023	60.616704
securibench/Basic6.yml	true	unknown	2.81958	2.8422770290000017	54.956032
securibench/Basic7.yml	true	unknown	3.702221	3.7231550320000224	55.103488
securibench/Basic8.yml	true	true	3.024397	3.047197530000062	56.217600
securibench/Basic9.yml	true	false	3.814987	3.840647366999974	80.646144
securibench/Collections1.yml	true	false	3.235782	3.267712754999934	61.313024
securibench/Collections10.yml	true	false	4.20041	4.212803059000066	61.849600
securibench/Collections12.yml	true	false	3.262825	3.309148057000016	58.335232
securibench/Collections13.yml	true	true	3.287514	3.319323129000054	65.482752
securibench/Collections14.yml	true	false	4.642606	4.666990876	71.229440
securibench/Collections2.yml	true	false	4.044134	4.067693890999976	58.986496
securibench/Collections3.yml	true	false	3.039689	3.052780236999979	59.088896
securibench/Collections4.yml	true	false	3.191536	3.2147039699999596	60.489728
securibench/Collections5.yml	true	false	3.734492	3.7553540589999557	59.510784
securibench/Collections6.yml	true	false	3.013603	3.0269256059999634	57.651200
securibench/Collections7.yml	true	false	4.009488	4.032963913999993	58.109952
securibench/Collections8.yml	true	true	3.001485	3.0263688510000293	58.458112
securibench/Collections9.yml	false	unknown	3.769174	3.7828652890000285	58.306560
securibench/Datastructures1.yml	true	false	2.905439	2.91080745499994	59.183104
securibench/Datastructures2.yml	true	false	2.966713	2.9897203780000154	58.204160
securibench/Datastructures3.yml	true	false	4.057629	4.064695909999955	61.280256
securibench/Datastructures4.yml	true	true	3.254349	3.2647833069999024	57.245696
securibench/Datastructures5.yml	true	unknown	3.674407	3.695510861999992	55.492608
securibench/Datastructures6.yml	true	false	4.139498	4.163161469999977	77.963264
securibench/Factories1.yml	true	unknown	3.899467	3.9146160479999708	55.140352
securibench/Factories2.yml	true	false	3.189905	3.207553229000041	67.465216
securibench/Factories3.yml	true	false	3.80328	3.8341060019999986	58.679296
securibench/Inter1.yml	true	false	3.196003	3.2181282020000026	63.660032
securibench/Inter10.yml	true	unknown	3.930706	3.949868613000035	56.209408
securibench/Inter11.yml	true	unknown	3.302367	3.3344449310000073	55.414784
securibench/Inter12.yml	true	false	3.000965	3.0321611889999076	58.818560
securibench/Inter13.yml	true	false	3.865235	3.898607532000028	59.469824
securibench/Inter14.yml	true	false	3.221971	3.252027365999993	63.246336
securibench/Inter2.yml	true	false	3.029538	3.051087263999989	60.719104
securibench/Inter3.yml	true	false	3.997785	4.0216627519999975	58.867712
securibench/Inter4.yml	true	false	2.963284	2.977601696000079	59.764736
securibench/Inter5.yml	true	unknown	2.853974	2.8763506160000816	56.225792
securibench/Inter6.yml	true	false	3.746327	3.7706873229999474	58.904576
securibench/Inter7.yml	true	false	2.977275	2.9859851380000464	60.928000
securibench/Inter8.yml	true	false	3.007819	3.030615915999988	63.262720
securibench/Inter9.yml	true	unknown	3.844061	3.8558130359999723	54.714368
securibench/Pred1.yml	true	true	2.866855	2.8890979459999926	56.922112
securibench/Pred2.yml	true	false	3.821966	3.8366921659999207	80.855040
securibench/Pred3.yml	true	true	2.962505	2.9763593269999546	79.495168
securibench/Pred4.yml	true	false	3.035544	3.0551800590000084	59.981824
securibench/Pred5.yml	true	false	3.013337	3.034820781999997	61.767680
securibench/Pred6.yml	true	true	3.851169	3.873556307999934	58.851328
securibench/Pred7.yml	true	true	2.819857	2.8332445290000123	55.332864
securibench/Pred8.yml	true	false	3.715531	3.7300941810000268	59.285504
securibench/Pred9.yml	true	false	2.832716	2.8559149059999527	58.265600
securibench/Refl1.yml	true	false	2.907736	2.929695747999972	58.937344
securibench/Refl2.yml	true	true	2.84152	2.855029089000027	55.738368
securibench/Refl3.yml	true	false	3.903472	3.9279320890000236	60.416000
securibench/Refl4.yml	true	false	2.958656	2.9811527820000947	57.729024
securibench/Sanitizers1.yml	true	unknown	2.918697	2.9308583409999756	58.994688
securibench/Sanitizers2.yml	true	unknown	3.587739	3.600366006999934	58.322944
securibench/Sanitizers3.yml	true	unknown	2.997024	3.0116197549999697	63.356928
securibench/Sanitizers4.yml	true	unknown	2.948286	2.970435297999984	58.847232
securibench/Sanitizers5.yml	true	unknown	4.144691	4.1583746600000495	61.366272
securibench/Sanitizers6.yml	true	unknown	2.909912	2.9319077779999816	58.228736
securibench/Session1.yml	true	false	3.783895	3.806711365999945	60.854272
securibench/Session2.yml	true	false	3.029926	3.042669511999975	59.670528
securibench/Session3.yml	true	false	3.057017	3.0805907090000346	59.355136
securibench/StrongUpdates1.yml	true	true	3.054341	3.0866340449999825	59.465728
securibench/StrongUpdates2.yml	true	true	3.825393	3.854496225000048	54.448128
securibench/StrongUpdates3.yml	true	true	2.957712	2.989501435999955	56.365056
securibench/StrongUpdates4.yml	true	true	3.657974	3.6805540729999393	55.267328
securibench/StrongUpdates5.yml	false	unknown	2.814491	2.8187575069999866	55.910400
float-nonlinear-calculation/Bessel.yml	true	true	1.716782	1.7430797499999926	78.143488
float-nonlinear-calculation/Conflict.yml	true	true	1.804375	1.8146461930000441	78.299136
float-nonlinear-calculation/EulerMethod.yml	true	unknown	2.299994	2.317784520000032	80.080896
float-nonlinear-calculation/MathSin.yml	true	unknown	2.135714	2.156544761999953	53.428224
float-nonlinear-calculation/Optimization1.yml	true	unknown	2.776523	2.786925629000052	79.405056
float-nonlinear-calculation/Optimization2.yml	true	unknown	2.38836	2.418899791000058	78.282752
float-nonlinear-calculation/Optimization3.yml	true	true	2.473829	2.5020508889999746	79.589376
float-nonlinear-calculation/Optimization4.yml	true	unknown	2.938515	2.9813328049999654	78.594048
float-nonlinear-calculation/Optimization5.yml	true	unknown	2.440163	2.4660351740000124	77.553664
float-nonlinear-calculation/Optimization6.yml	true	unknown	2.759508	2.7722063269999353	79.458304
float-nonlinear-calculation/PartitionEx.yml	true	true	1.699144	1.7327347389999659	77.516800
float-nonlinear-calculation/TurnLogic.yml	true	true	1.707773	1.7339145490000192	53.944320
float-nonlinear-calculation/coral1.yml	true	unknown	2.22376	2.246818100999917	77.942784
float-nonlinear-calculation/coral10.yml	true	unknown	2.211134	2.2251202170000397	78.061568
float-nonlinear-calculation/coral11.yml	true	unknown	2.845867	2.8607924269999785	78.409728
float-nonlinear-calculation/coral12.yml	true	unknown	2.247774	2.2709566700000323	77.606912
float-nonlinear-calculation/coral13.yml	true	unknown	2.731887	2.7423259000000826	78.979072
float-nonlinear-calculation/coral14.yml	true	unknown	2.163742	2.177483217000031	78.475264
float-nonlinear-calculation/coral15.yml	true	unknown	2.380798	2.4072787029999745	78.233600
float-nonlinear-calculation/coral16.yml	true	true	2.363998	2.393250289999969	77.631488
float-nonlinear-calculation/coral17.yml	true	unknown	2.952281	2.9832577889999357	78.823424
float-nonlinear-calculation/coral18.yml	true	unknown	2.516291	2.5554951720000645	78.360576
float-nonlinear-calculation/coral19.yml	true	unknown	2.358062	2.3922664200000554	77.307904
float-nonlinear-calculation/coral2.yml	true	unknown	2.766703	2.7827628599999343	78.684160
float-nonlinear-calculation/coral20.yml	true	unknown	2.208545	2.2219199120000894	78.708736
float-nonlinear-calculation/coral21.yml	true	unknown	2.317256	2.3376099160000194	78.442496
float-nonlinear-calculation/coral22.yml	true	unknown	2.453332	2.467502976999981	79.339520
float-nonlinear-calculation/coral23.yml	true	true	2.414819	2.440411436999966	78.450688
float-nonlinear-calculation/coral26.yml	true	true	2.971349	2.9958543389999477	77.352960
float-nonlinear-calculation/coral27.yml	true	unknown	2.733585	2.749675567000054	78.143488
float-nonlinear-calculation/coral28.yml	true	unknown	2.538131	2.557713759999956	77.459456
float-nonlinear-calculation/coral29.yml	true	unknown	2.538303	2.5732001740000214	79.294464
float-nonlinear-calculation/coral3.yml	true	true	2.546836	2.592853276000028	78.389248
float-nonlinear-calculation/coral30.yml	true	unknown	2.313459	2.337336493000066	53.391360
float-nonlinear-calculation/coral31.yml	true	true	2.9377	2.9624973069999214	77.791232
float-nonlinear-calculation/coral32.yml	true	unknown	2.417447	2.436689190999914	78.536704
float-nonlinear-calculation/coral33.yml	true	unknown	2.901727	2.907292134000045	79.392768
float-nonlinear-calculation/coral34.yml	true	unknown	2.515298	2.5387104200000294	78.581760
float-nonlinear-calculation/coral35.yml	true	unknown	2.601534	2.6360459539999965	81.518592
float-nonlinear-calculation/coral36.yml	true	unknown	2.368641	2.3944830439999123	54.878208
float-nonlinear-calculation/coral38.yml	true	unknown	2.485874	2.49155886799997	79.028224
float-nonlinear-calculation/coral39.yml	true	unknown	2.962864	2.992314071999999	79.695872
float-nonlinear-calculation/coral4.yml	true	unknown	2.827883	2.846309918999964	78.422016
float-nonlinear-calculation/coral40.yml	true	unknown	2.386863	2.4021218169999656	78.798848
float-nonlinear-calculation/coral41.yml	true	unknown	2.353076	2.368383698999992	78.467072
float-nonlinear-calculation/coral42.yml	true	unknown	2.252405	2.2685098169999947	77.930496
float-nonlinear-calculation/coral43.yml	true	unknown	2.26109	2.2665793149999445	77.766656
float-nonlinear-calculation/coral44.yml	true	unknown	2.362082	2.3729115779999574	78.499840
float-nonlinear-calculation/coral45.yml	true	unknown	2.968917	2.980843858000071	78.524416
float-nonlinear-calculation/coral46.yml	true	unknown	2.776032	2.789341105999938	78.757888
float-nonlinear-calculation/coral48.yml	true	true	2.355733	2.3650693029999275	77.901824
float-nonlinear-calculation/coral49.yml	true	unknown	2.466985	2.4803577459999815	77.819904
float-nonlinear-calculation/coral5.yml	true	true	2.339405	2.3621452539999837	81.076224
float-nonlinear-calculation/coral50.yml	true	unknown	2.180273	2.19697376900001	77.619200
float-nonlinear-calculation/coral51.yml	true	unknown	2.730441	2.7423105599999644	77.565952
float-nonlinear-calculation/coral52.yml	true	unknown	2.877263	2.8877382690000104	82.661376
float-nonlinear-calculation/coral53.yml	true	unknown	2.162616	2.1703010259999473	77.750272
float-nonlinear-calculation/coral54.yml	true	unknown	2.161179	2.1814511519999087	82.018304
float-nonlinear-calculation/coral55.yml	true	true	2.20697	2.2238212330000806	81.788928
float-nonlinear-calculation/coral56.yml	true	true	2.111021	2.1336064959999703	78.385152
float-nonlinear-calculation/coral57.yml	true	true	2.187408	2.1913118639999993	78.671872
float-nonlinear-calculation/coral58.yml	true	true	2.202101	2.222130035999953	81.137664
float-nonlinear-calculation/coral59.yml	true	true	2.779182	2.7883345669999926	81.928192
float-nonlinear-calculation/coral6.yml	true	unknown	2.881048	2.896309395000003	78.385152
float-nonlinear-calculation/coral60.yml	true	true	2.129189	2.1388489189999973	78.585856
float-nonlinear-calculation/coral61.yml	true	true	2.15054	2.1609205429999747	79.249408
float-nonlinear-calculation/coral62.yml	true	true	2.146431	2.1600094299999455	77.746176
float-nonlinear-calculation/coral63.yml	true	true	2.130931	2.1434963090000565	79.409152
float-nonlinear-calculation/coral64.yml	true	true	2.765221	2.7772850439999957	78.389248
float-nonlinear-calculation/coral65.yml	true	true	2.11035	2.1240818869999885	78.245888
float-nonlinear-calculation/coral66.yml	true	true	2.178	2.192065408000076	82.087936
float-nonlinear-calculation/coral67.yml	true	true	2.905192	2.9197667189999947	78.258176
float-nonlinear-calculation/coral68.yml	true	true	2.186035	2.1947218669999984	77.762560
float-nonlinear-calculation/coral69.yml	true	true	2.218429	2.2241744930000777	78.872576
float-nonlinear-calculation/coral71.yml	true	unknown	2.24856	2.2565907459999153	78.766080
float-nonlinear-calculation/coral72.yml	true	unknown	2.264681	2.2683400829999982	78.745600
float-nonlinear-calculation/coral73.yml	true	unknown	2.711622	2.7263500420000355	77.746176
float-nonlinear-calculation/coral74.yml	true	unknown	2.812923	2.827364254000031	79.802368
float-nonlinear-calculation/coral75.yml	true	unknown	2.164135	2.1774609889999965	77.828096
float-nonlinear-calculation/coral76.yml	true	true	2.2568	2.2602095409999947	78.168064
float-nonlinear-calculation/coral77.yml	true	true	2.248188	2.261442630999909	79.462400
float-nonlinear-calculation/coral79.yml	true	true	2.167504	2.1781501819999676	77.168640
float-nonlinear-calculation/coral80.yml	true	true	2.79068	2.806090503000064	78.823424
float-nonlinear-calculation/coral81.yml	true	unknown	2.105104	2.118939476000037	77.881344
float-nonlinear-calculation/coral84.yml	true	unknown	2.199547	2.2197315939999953	81.055744
float-nonlinear-calculation/coral9.yml	true	unknown	2.829757	2.8367716110000174	88.453120
float-nonlinear-calculation/coral91.yml	true	true	2.056843	2.0691962979999516	77.713408
