tool		SPF Tuesday 26 August 2025 03:16:19 AM IST	SPF Tuesday 26 August 2025 03:16:19 AM IST	SPF Tuesday 26 August 2025 03:16:19 AM IST	SPF Tuesday 26 August 2025 03:16:19 AM IST
run set		SV-COMP25_assert_java.ReachSafety-Java	SV-COMP25_assert_java.ReachSafety-Java	SV-COMP25_assert_java.ReachSafety-Java	SV-COMP25_assert_java.ReachSafety-Java
sv-benchmarks/java/		status	cputime (s)	walltime (s)	memory (MB)
jayhorn-recursive/Ackermann01.yml	false	false	2.519645	2.668561847000092	112.001024
jayhorn-recursive/Addition.yml	true	true	3.678416	3.8276041640001495	115.941376
jayhorn-recursive/InfiniteLoop.yml	false	false	1.572284	1.7957716219998474	107.974656
jayhorn-recursive/SatAckermann01.yml	true	true	254.563959	254.8942427889997	177.733632
jayhorn-recursive/SatAckermann02.yml	true	true	252.220023	252.5021148599999	175.656960
jayhorn-recursive/SatAckermann03.yml	true	true	252.742887	253.05645609800013	180.662272
jayhorn-recursive/SatAddition01.yml	true	true	3.743249	3.8822816570000214	106.885120
jayhorn-recursive/SatEvenOdd01.yml	true	unknown	2.302923	2.437673805000486	101.535744
jayhorn-recursive/SatFibonacci01.yml	true	true	17.515314	17.5277503239995	136.024064
jayhorn-recursive/SatFibonacci02.yml	true	true	2.210464	2.2275349390001793	53.862400
jayhorn-recursive/SatFibonacci03.yml	true	true	24.897726	24.909283181999854	128.770048
jayhorn-recursive/SatGcd.yml	true	TIMEOUT	900.96701	901.0087970149998	172.818432
jayhorn-recursive/SatHanoi01.yml	true	true	118.047739	118.070315811	141.950976
jayhorn-recursive/SatMccarthy91.yml	true	true	225.794017	225.84285716999966	156.291072
jayhorn-recursive/SatMultCommutative01.yml	true	true	6.994048	7.008107516000564	129.593344
jayhorn-recursive/SatPrimes01.yml	true	unknown	207.038034	207.1825539880001	210.444288
jayhorn-recursive/UnsatAckermann01.yml	false	false	3.77599	3.793468371999552	115.077120
jayhorn-recursive/UnsatAddition01.yml	false	false	3.243917	3.251510312999926	100.552704
jayhorn-recursive/UnsatAddition02.yml	false	true	7.638066	7.6519199249996745	106.696704
jayhorn-recursive/UnsatEvenOdd01.yml	false	unknown	3.051914	3.0668905749998885	102.756352
jayhorn-recursive/UnsatFibonacci01.yml	false	false	5.29208	5.30875458599985	118.005760
jayhorn-recursive/UnsatFibonacci02.yml	false	false	12.817772	12.841013498999928	120.496128
jayhorn-recursive/UnsatMccarthy91.yml	false	false	3.566046	3.5827817789995606	114.593792
jbmc-regression/ArithmeticException1.yml	false	false	3.379023	3.3890492609998546	112.754688
jbmc-regression/ArithmeticException5.yml	true	true	2.64797	2.6607953049997377	55.263232
jbmc-regression/ArithmeticException6.yml	false	false	3.1014	3.1175123789998906	100.134912
jbmc-regression/ArrayIndexOutOfBoundsException1.yml	false	unknown	3.022785	3.0301131810001607	100.356096
jbmc-regression/ArrayIndexOutOfBoundsException2.yml	false	unknown	3.098291	3.120980423000219	111.996928
jbmc-regression/ArrayIndexOutOfBoundsException3.yml	false	unknown	2.84988	2.85630626999955	80.822272
jbmc-regression/BufferedReaderReadLine.yml	false	false	3.471282	3.482080765000319	114.176000
jbmc-regression/CharSequenceBug.yml	false	false	2.953064	2.967062599000201	101.830656
jbmc-regression/CharSequenceToString.yml	true	true	3.308545	3.313616454000112	102.072320
jbmc-regression/ClassCastException1.yml	false	false	2.499739	2.5119485539999005	54.157312
jbmc-regression/ClassCastException2.yml	true	true	2.548996	2.565025912999772	54.255616
jbmc-regression/ClassCastException3.yml	false	false	2.5484	2.562967136000225	54.583296
jbmc-regression/Class_method1.yml	true	true	2.632599	2.648003418999906	56.086528
jbmc-regression/Inheritance1.yml	true	true	2.642613	2.657220494000285	53.305344
jbmc-regression/NegativeArraySizeException1.yml	false	false	2.722296	2.744757206999566	54.894592
jbmc-regression/NegativeArraySizeException2.yml	false	false	2.595482	2.603621438999653	54.374400
jbmc-regression/NullPointerException1.yml	true	unknown	2.271644	2.285726488000364	53.198848
jbmc-regression/NullPointerException2.yml	false	false	2.440671	2.4514421419999053	53.923840
jbmc-regression/NullPointerException3.yml	false	false	2.309748	2.3322798729996066	56.352768
jbmc-regression/NullPointerException4.yml	false	false	2.333355	2.3467752449996624	53.739520
jbmc-regression/RegexMatches01.yml	true	true	2.550775	2.567094914000336	53.739520
jbmc-regression/RegexMatches02.yml	false	true	2.609013	2.622863815000528	56.516608
jbmc-regression/RegexSubstitution01.yml	true	true	2.677091	2.6842609570003333	58.306560
jbmc-regression/RegexSubstitution02.yml	false	unknown	2.654142	2.6589354789994104	55.832576
jbmc-regression/RegexSubstitution03.yml	true	true	2.466758	2.4705102989992156	55.660544
jbmc-regression/StaticCharMethods01.yml	true	true	2.341186	2.350708547999602	53.207040
jbmc-regression/StaticCharMethods02.yml	false	false	3.025029	3.032869600000595	100.007936
jbmc-regression/StaticCharMethods03.yml	false	false	3.338743	3.359791077999944	113.815552
jbmc-regression/StaticCharMethods04.yml	false	false	2.468649	2.4800546599999507	59.432960
jbmc-regression/StaticCharMethods05.yml	false	true	2.477514	2.491884721000133	58.142720
jbmc-regression/StaticCharMethods06.yml	true	true	2.816891	2.821230437999475	100.253696
jbmc-regression/StringBuilderAppend01.yml	true	true	2.596585	2.6060130460000437	56.229888
jbmc-regression/StringBuilderAppend02.yml	false	unknown	2.637558	2.652952938999988	55.857152
jbmc-regression/StringBuilderCapLen01.yml	true	true	2.590868	2.6081373840006563	58.654720
jbmc-regression/StringBuilderCapLen02.yml	false	false	3.071555	3.090243556999667	94.326784
jbmc-regression/StringBuilderCapLen03.yml	false	unknown	2.645497	2.669168105000608	59.080704
jbmc-regression/StringBuilderCapLen04.yml	false	unknown	2.53496	2.556938175999676	67.088384
jbmc-regression/StringBuilderChars01.yml	true	true	2.535718	2.5464265959999466	55.676928
jbmc-regression/StringBuilderChars02.yml	false	false	2.986974	3.002330444999643	93.704192
jbmc-regression/StringBuilderChars03.yml	false	false	3.034824	3.054702618999727	114.413568
jbmc-regression/StringBuilderChars04.yml	false	unknown	2.434049	2.451707490999979	53.137408
jbmc-regression/StringBuilderChars05.yml	false	unknown	2.437353	2.4521146639999643	55.922688
jbmc-regression/StringBuilderChars06.yml	false	unknown	2.562645	2.571244458000365	54.038528
jbmc-regression/StringBuilderConstructors01.yml	true	unknown	2.968027	2.9829909310001312	100.638720
jbmc-regression/StringBuilderConstructors02.yml	false	unknown	2.435413	2.4417529829997875	57.339904
jbmc-regression/StringBuilderInsertDelete01.yml	true	true	2.592357	2.6175829540006816	57.573376
jbmc-regression/StringBuilderInsertDelete02.yml	false	unknown	2.458865	2.467933195000114	58.122240
jbmc-regression/StringBuilderInsertDelete03.yml	false	unknown	2.501374	2.525101438999627	53.551104
jbmc-regression/StringCompare01.yml	true	true	2.492222	2.5012704459995803	53.915648
jbmc-regression/StringCompare02.yml	false	unknown	2.438394	2.451032290000512	53.813248
jbmc-regression/StringCompare03.yml	false	unknown	2.533308	2.551846941999429	55.836672
jbmc-regression/StringCompare04.yml	false	unknown	2.423668	2.427958739999667	53.547008
jbmc-regression/StringCompare05.yml	false	false	2.555816	2.5729318859994237	57.761792
jbmc-regression/StringConcatenation01.yml	true	true	3.108389	3.114058014000875	81.768448
jbmc-regression/StringConcatenation02.yml	false	false	3.140878	3.157571246999396	95.150080
jbmc-regression/StringConcatenation03.yml	false	false	2.86113	2.8862660240001787	81.674240
jbmc-regression/StringConcatenation04.yml	false	false	3.03419	3.050353380999695	92.303360
jbmc-regression/StringConstructors01.yml	true	true	2.48331	2.5075901170002908	53.932032
jbmc-regression/StringConstructors02.yml	false	false	3.200821	3.224503335999543	91.103232
jbmc-regression/StringConstructors03.yml	false	false	2.863168	2.8690497320003487	81.920000
jbmc-regression/StringConstructors04.yml	false	false	3.221252	3.23572696500014	93.941760
jbmc-regression/StringConstructors05.yml	false	false	3.121166	3.134232551000423	92.868608
jbmc-regression/StringContains01.yml	false	false	3.091289	3.112156165999295	94.294016
jbmc-regression/StringContains02.yml	false	false	2.816739	2.826276276000499	81.092608
jbmc-regression/StringIndexMethods01.yml	true	true	2.627238	2.6396621280000545	54.226944
jbmc-regression/StringIndexMethods02.yml	false	false	3.120471	3.134155599999758	103.075840
jbmc-regression/StringIndexMethods03.yml	false	unknown	2.955081	2.9625363290006135	97.472512
jbmc-regression/StringIndexMethods04.yml	false	TIMEOUT	900.875089	901.0028612369997	500.940800
jbmc-regression/StringIndexMethods05.yml	false	unknown	2.916056	2.9401166779998675	97.071104
jbmc-regression/StringMiscellaneous01.yml	true	true	2.675565	2.6918961419996776	54.009856
jbmc-regression/StringMiscellaneous02.yml	false	false	3.202701	3.2174273149994406	117.071872
jbmc-regression/StringMiscellaneous03.yml	false	false	3.461872	3.4807505879998644	117.121024
jbmc-regression/StringMiscellaneous04.yml	true	true	2.609521	2.6345914249995985	53.092352
jbmc-regression/StringStartEnd01.yml	true	true	2.833321	2.8425563639993925	53.657600
jbmc-regression/StringStartEnd02.yml	false	false	3.337099	3.344777057000101	82.415616
jbmc-regression/StringStartEnd03.yml	false	false	3.442094	3.46413658199981	94.887936
jbmc-regression/StringValueOf01.yml	true	true	2.458048	2.47704694299955	55.910400
jbmc-regression/StringValueOf02.yml	false	false	2.974941	2.982313276000241	80.666624
jbmc-regression/StringValueOf03.yml	false	false	2.715821	2.728622574999463	82.530304
jbmc-regression/StringValueOf04.yml	false	false	2.568995	2.580097535999812	81.539072
jbmc-regression/StringValueOf05.yml	false	false	3.196585	3.210142185999757	113.967104
jbmc-regression/StringValueOf06.yml	false	false	2.836318	2.8519770739994783	93.736960
jbmc-regression/StringValueOf07.yml	false	unknown	1.691205	1.705187632000161	53.633024
jbmc-regression/StringValueOf08.yml	false	unknown	2.630234	2.6464538019999964	91.922432
jbmc-regression/StringValueOf09.yml	false	unknown	2.385624	2.3993237140002748	77.893632
jbmc-regression/StringValueOf10.yml	false	false	2.064503	2.0869887589997234	92.446720
jbmc-regression/SubString01.yml	true	true	2.18521	2.2065029699997467	54.145024
jbmc-regression/SubString02.yml	false	false	2.59842	2.622905310000533	80.994304
jbmc-regression/SubString03.yml	false	true	1.679238	1.684749926999757	55.726080
jbmc-regression/TokenTest01.yml	true	true	2.160682	2.183572085000378	56.221696
jbmc-regression/TokenTest02.yml	false	unknown	2.324832	2.331867353999769	54.181888
jbmc-regression/Validate01.yml	true	true	1.76076	1.773536616000456	53.571584
jbmc-regression/Validate02.yml	false	unknown	2.244642	2.2642549789998156	58.085376
jbmc-regression/aastore_aaload1.yml	true	unknown	2.191137	2.2099374939998597	113.328128
jbmc-regression/array1.yml	true	unknown	3.023569	3.0464523020000343	113.541120
jbmc-regression/array2.yml	true	true	2.67975	2.6906143609994615	100.241408
jbmc-regression/arraylength1.yml	true	unknown	2.0457	2.0550394179999785	100.081664
jbmc-regression/arrayread1.yml	true	unknown	2.715532	2.7230555820005975	100.585472
jbmc-regression/assert1.yml	true	true	2.084351	2.0927791630001593	110.526464
jbmc-regression/assert2.yml	false	false	2.546131	2.561297255999307	102.830080
jbmc-regression/assert3.yml	false	false	3.06856	3.0761229310001	113.913856
jbmc-regression/assert4.yml	false	false	2.039256	2.04489322200061	110.141440
jbmc-regression/assert5.yml	true	true	2.789447	2.794285380000474	112.099328
jbmc-regression/assert6.yml	true	true	2.167397	2.187031184999796	113.004544
jbmc-regression/astore_aload1.yml	true	true	2.124068	2.13779496799998	52.948992
jbmc-regression/athrow1.yml	false	false	1.467156	1.4810047580003811	53.719040
jbmc-regression/basic1.yml	true	true	1.866349	1.8746090049999111	53.100544
jbmc-regression/bitwise1.yml	true	unknown	1.60359	1.6165910459994848	97.079296
jbmc-regression/boolean1.yml	true	true	1.774927	1.782863118000023	100.003840
jbmc-regression/boolean2.yml	true	true	2.365454	2.374304897000002	113.561600
jbmc-regression/bug-test-gen-095.yml	false	false	1.649404	1.6630153919995792	80.154624
jbmc-regression/bug-test-gen-119-2.yml	true	true	1.812087	1.8350763469998128	53.309440
jbmc-regression/bug-test-gen-119.yml	true	false	1.675949	1.6892300170002272	100.954112
jbmc-regression/calc.yml	true	unknown	1.651981	1.6659950690000187	100.585472
jbmc-regression/cast1.yml	true	unknown	1.826294	1.8384160570003587	114.114560
jbmc-regression/catch1.yml	true	true	1.359203	1.3618714049998744	55.681024
jbmc-regression/char1.yml	true	unknown	2.10733	2.114063339000495	100.896768
jbmc-regression/charArray.yml	true	unknown	2.302714	2.3238707319997047	113.430528
jbmc-regression/classtest1.yml	true	true	1.326516	1.3371746550001262	53.018624
jbmc-regression/const1.yml	true	true	1.357221	1.359843354000077	52.649984
jbmc-regression/constructor1.yml	true	true	1.344584	1.3476662640005088	55.382016
jbmc-regression/enum1.yml	true	true	1.398494	1.4054242699994575	52.633600
jbmc-regression/exceptions1.yml	false	false	1.411721	1.4340298289998827	53.899264
jbmc-regression/exceptions10.yml	false	false	1.392946	1.4059299390000888	53.321728
jbmc-regression/exceptions11.yml	false	false	1.415922	1.4257968270003403	55.607296
jbmc-regression/exceptions12.yml	false	false	1.886061	1.8978357289997803	53.415936
jbmc-regression/exceptions13.yml	false	false	1.458731	1.4672460940000747	55.537664
jbmc-regression/exceptions14.yml	true	true	1.766654	1.7885816660000273	53.985280
jbmc-regression/exceptions15.yml	true	true	1.349086	1.3693903260000297	54.050816
jbmc-regression/exceptions16.yml	false	false	1.415122	1.4361776840005405	56.504320
jbmc-regression/exceptions18.yml	true	true	1.401051	1.421708325000509	55.427072
jbmc-regression/exceptions2.yml	false	false	1.366001	1.37802443199962	55.439360
jbmc-regression/exceptions3.yml	false	false	1.839218	1.8523332929999015	53.555200
jbmc-regression/exceptions4.yml	true	true	1.778627	1.7916424309996728	53.493760
jbmc-regression/exceptions5.yml	true	true	1.452154	1.4738115459995242	53.608448
jbmc-regression/exceptions6.yml	false	false	1.389518	1.392408445000001	53.039104
jbmc-regression/exceptions7.yml	false	false	1.408376	1.4213765800004694	53.776384
jbmc-regression/exceptions8.yml	false	false	1.433557	1.4464391800001977	53.903360
jbmc-regression/exceptions9.yml	true	true	1.884369	1.8925663720001467	55.906304
jbmc-regression/fcmpx_dcmpx1.yml	true	true	1.379352	1.3883739230004721	55.066624
jbmc-regression/iarith1.yml	true	true	1.418245	1.4392666150006335	53.035008
jbmc-regression/iarith2.yml	true	true	1.752755	1.7724010740002996	53.870592
jbmc-regression/if_acmp1.yml	true	true	1.39275	1.405727420000403	55.906304
jbmc-regression/if_expr1.yml	true	true	1.593452	1.6071872400007123	100.204544
jbmc-regression/if_icmp1.yml	true	true	1.766999	1.7804648559995258	101.314560
jbmc-regression/ifxx1.yml	true	true	1.35991	1.3804000400004952	53.985280
jbmc-regression/instanceof1.yml	true	true	1.811171	1.820678682000107	53.268480
jbmc-regression/instanceof2.yml	true	true	1.414899	1.4296030229997996	55.050240
jbmc-regression/instanceof3.yml	true	true	1.751352	1.7645385629994053	55.435264
jbmc-regression/instanceof4.yml	true	true	1.390052	1.4029650590000529	53.604352
jbmc-regression/instanceof5.yml	true	true	1.371191	1.383925531999921	53.465088
jbmc-regression/instanceof6.yml	true	true	1.359958	1.3731174829999873	53.219328
jbmc-regression/instanceof7.yml	true	true	1.380697	1.3832838019998235	55.574528
jbmc-regression/instanceof8.yml	true	true	1.755741	1.7589442359994791	53.166080
jbmc-regression/interface1.yml	false	false	1.740219	1.7434807469999214	54.173696
jbmc-regression/java_append_char.yml	false	false	1.752016	1.7550606209997568	113.963008
jbmc-regression/lazyloading4.yml	true	true	1.386648	1.4090490000007776	54.255616
jbmc-regression/list1.yml	true	unknown	1.642463	1.653879281000627	97.177600
jbmc-regression/long1.yml	true	true	1.397624	1.4174197009997442	55.988224
jbmc-regression/lookupswitch1.yml	true	true	2.980849	2.993387804000122	103.989248
jbmc-regression/multinewarray.yml	true	true	1.741989	1.7521875350003029	53.198848
jbmc-regression/overloading1.yml	true	true	1.412648	1.4343687549999231	56.512512
jbmc-regression/package1.yml	true	true	1.383886	1.4017700680005873	56.320000
jbmc-regression/putfield_getfield1.yml	true	true	1.345398	1.3584734969999772	53.202944
jbmc-regression/putstatic_getstatic1.yml	true	true	1.378125	1.4002448860001095	56.033280
jbmc-regression/recursion2.yml	true	true	1.410228	1.430506033999336	53.194752
jbmc-regression/return1.yml	false	false	1.724187	1.7371199939998405	54.009856
jbmc-regression/return2.yml	false	false	1.700318	1.7102230139998937	101.154816
jbmc-regression/store_load1.yml	true	true	1.411808	1.43337545400027	57.331712
jbmc-regression/swap1.yml	true	true	1.388519	1.40159233400027	53.452800
jbmc-regression/synchronized.yml	true	true	1.832429	1.8478573430002143	54.992896
jbmc-regression/tableswitch1.yml	true	true	2.64111	2.6439847680003368	115.884032
jbmc-regression/uninitialised1.yml	true	true	1.774805	1.781652036000196	52.727808
jbmc-regression/virtual1.yml	true	true	1.421415	1.4437749659991823	53.944320
jbmc-regression/virtual2.yml	false	false	1.373585	1.3949096650003412	53.379072
jbmc-regression/virtual4.yml	true	true	1.370608	1.3817509880000216	53.444608
jbmc-regression/virtual_function_unwinding.yml	true	true	1.846976	1.854528382999888	53.260288
jpf-regression/ExDarko_false.yml	false	false	1.735384	1.746960198999659	101.339136
jpf-regression/ExDarko_true.yml	true	true	1.893458	1.9110864269996455	113.614848
jpf-regression/ExException_false.yml	false	false	1.676916	1.6800954049995198	100.429824
jpf-regression/ExException_true.yml	true	true	2.268066	2.2834974590005004	113.250304
jpf-regression/ExGenSymExe_false.yml	false	false	1.395506	1.403570388000844	53.059584
jpf-regression/ExGenSymExe_true.yml	true	true	1.853792	1.8647844510005598	53.891072
jpf-regression/ExLazy_false.yml	false	false	1.619617	1.6225003409999772	100.294656
jpf-regression/ExLazy_true.yml	true	true	1.633102	1.6478066350000518	100.249600
jpf-regression/ExMIT_false.yml	false	false	1.629133	1.6442529370006014	101.302272
jpf-regression/ExMIT_true.yml	true	true	1.765511	1.7742494750000333	112.181248
jpf-regression/ExSymExe10_false.yml	false	false	2.202383	2.213898203000099	103.403520
jpf-regression/ExSymExe10_true.yml	true	true	1.782246	1.795700964000389	113.324032
jpf-regression/ExSymExe11_false.yml	false	false	1.877299	1.8803207769997243	58.429440
jpf-regression/ExSymExe11_true.yml	true	true	1.675022	1.688071953999497	99.823616
jpf-regression/ExSymExe12_false.yml	false	false	1.658015	1.6748434360006286	101.761024
jpf-regression/ExSymExe12_true.yml	true	true	1.677559	1.6891871919997357	100.409344
jpf-regression/ExSymExe13_false.yml	false	false	2.251529	2.2550027879997288	102.633472
jpf-regression/ExSymExe13_true.yml	true	true	1.760289	1.7734152700004415	109.473792
jpf-regression/ExSymExe14_false.yml	false	false	1.909362	1.922331824000139	118.804480
jpf-regression/ExSymExe14_true.yml	true	true	2.4146	2.4256030630003806	114.393088
jpf-regression/ExSymExe15_false.yml	false	false	1.644616	1.6477100709998922	100.581376
jpf-regression/ExSymExe15_true.yml	true	true	1.83645	1.8586054920006063	114.872320
jpf-regression/ExSymExe16_false.yml	false	false	1.407751	1.4185494250004922	54.087680
jpf-regression/ExSymExe16_true.yml	true	true	1.433087	1.4463540140004625	54.161408
jpf-regression/ExSymExe17_false.yml	false	false	1.755932	1.7786169000000882	53.526528
jpf-regression/ExSymExe17_true.yml	true	true	1.348971	1.3708605359997819	53.460992
jpf-regression/ExSymExe18_false.yml	false	false	1.614218	1.6345738539994272	111.738880
jpf-regression/ExSymExe18_true.yml	true	true	1.871495	1.8952321570004642	54.386688
jpf-regression/ExSymExe19_false.yml	false	false	1.608505	1.611329459999979	101.703680
jpf-regression/ExSymExe19_true.yml	true	unknown	1.73321	1.7434310580001693	126.173184
jpf-regression/ExSymExe1_false.yml	false	unknown	1.806777	1.8196098600001278	134.332416
jpf-regression/ExSymExe1_true.yml	true	true	1.709977	1.7156915619998472	54.157312
jpf-regression/ExSymExe20_false.yml	false	unknown	3.039494	3.05104818000018	178.810880
jpf-regression/ExSymExe20_true.yml	true	true	1.824321	1.8283502080003018	54.177792
jpf-regression/ExSymExe21_false.yml	false	unknown	1.705821	1.7089847810002539	125.476864
jpf-regression/ExSymExe21_true.yml	true	true	1.395288	1.4084107799999401	53.415936
jpf-regression/ExSymExe25_false.yml	false	false	1.849041	1.8691474590004873	114.393088
jpf-regression/ExSymExe25_true.yml	true	true	1.855716	1.8755429349994301	54.181888
jpf-regression/ExSymExe26_false.yml	false	unknown	3.087737	3.101677930999358	134.430720
jpf-regression/ExSymExe26_true.yml	true	true	1.438547	1.4611791799998173	53.403648
jpf-regression/ExSymExe27_false.yml	false	false	1.811961	1.8306978210002853	114.290688
jpf-regression/ExSymExe27_true.yml	true	true	1.374591	1.387067546000253	54.554624
jpf-regression/ExSymExe28_false.yml	false	false	1.673343	1.6863636389998646	101.167104
jpf-regression/ExSymExe28_true.yml	true	true	1.757948	1.7613396119995741	54.005760
jpf-regression/ExSymExe29_false.yml	false	unknown	1.975714	1.9888300169996	170.749952
jpf-regression/ExSymExe29_true.yml	true	true	1.407108	1.4114559310000914	53.592064
jpf-regression/ExSymExe2_false.yml	false	unknown	1.72623	1.72943215199939	127.365120
jpf-regression/ExSymExe2_true.yml	true	true	1.366745	1.3791326169994136	53.268480
jpf-regression/ExSymExe3_false.yml	false	false	2.207305	2.218773365000743	101.191680
jpf-regression/ExSymExe3_true.yml	true	true	1.818674	1.8304578950001087	53.600256
jpf-regression/ExSymExe4_false.yml	false	unknown	1.805657	1.8179074879999462	140.451840
jpf-regression/ExSymExe4_true.yml	true	true	1.414893	1.4371059649993185	55.152640
jpf-regression/ExSymExe5_false.yml	false	false	1.823013	1.840549380000084	114.106368
jpf-regression/ExSymExe5_true.yml	true	true	1.401714	1.4126836939994973	53.166080
jpf-regression/ExSymExe6_false.yml	false	unknown	2.000746	2.0096986479993575	98.177024
jpf-regression/ExSymExe6_true.yml	true	true	1.818765	1.8269346130000486	53.256192
jpf-regression/ExSymExe7_false.yml	false	unknown	1.87336	1.8857011010004499	140.115968
jpf-regression/ExSymExe7_true.yml	true	unknown	1.74064	1.743779639999957	132.685824
jpf-regression/ExSymExe8_false.yml	false	unknown	1.649237	1.6568076840003414	127.614976
jpf-regression/ExSymExe8_true.yml	true	true	1.382473	1.4042098270001588	53.104640
jpf-regression/ExSymExe9_false.yml	false	false	1.804584	1.8173821009995663	53.301248
jpf-regression/ExSymExe9_true.yml	true	true	1.77125	1.7917471500004467	53.538816
jpf-regression/ExSymExeArrays_false.yml	false	false	1.365833	1.3787645969996447	56.913920
jpf-regression/ExSymExeArrays_true.yml	true	true	1.353159	1.3601428769998165	54.165504
jpf-regression/ExSymExeBool_false.yml	false	false	1.40253	1.4241358230001424	54.312960
jpf-regression/ExSymExeBool_true.yml	true	true	1.388424	1.4182698579998032	55.025664
jpf-regression/ExSymExeComplexMath_false.yml	false	false	1.434647	1.4424207770007342	55.693312
jpf-regression/ExSymExeComplexMath_true.yml	true	true	1.396335	1.4088591859999724	53.428224
jpf-regression/ExSymExeD2I_false.yml	false	false	1.383566	1.3975210440003139	53.153792
jpf-regression/ExSymExeD2I_true.yml	true	true	1.930479	1.9491648550001628	81.952768
jpf-regression/ExSymExeD2L_false.yml	false	true	1.980754	2.0012531070005934	81.940480
jpf-regression/ExSymExeD2L_true.yml	true	true	1.472962	1.4948907250000047	82.726912
jpf-regression/ExSymExeF2I_false.yml	false	false	1.380935	1.39504787199985	52.957184
jpf-regression/ExSymExeF2I_true.yml	true	true	1.472552	1.4831631490005748	77.746176
jpf-regression/ExSymExeF2L_false.yml	false	true	1.509061	1.529836239999895	83.267584
jpf-regression/ExSymExeF2L_true.yml	true	true	1.486675	1.4897634580001977	79.986688
jpf-regression/ExSymExeFNEG_false.yml	false	true	1.941005	1.9545208750005258	78.438400
jpf-regression/ExSymExeFNEG_true.yml	true	true	1.865461	1.876031246999446	77.725696
jpf-regression/ExSymExeGetStatic_false.yml	false	false	1.410733	1.4238735480003015	53.772288
jpf-regression/ExSymExeGetStatic_true.yml	true	true	1.360805	1.372455209000691	53.231616
jpf-regression/ExSymExeI2D_false.yml	false	true	1.614034	1.617257797000093	99.905536
jpf-regression/ExSymExeI2D_true.yml	true	true	1.722269	1.741729014000157	114.810880
jpf-regression/ExSymExeI2F_false.yml	false	false	1.806683	1.8251910089993544	53.592064
jpf-regression/ExSymExeI2F_true.yml	true	true	2.294971	2.3014320820002467	111.411200
jpf-regression/ExSymExeLCMP_false.yml	false	unknown	1.64333	1.6564945099999022	101.384192
jpf-regression/ExSymExeLCMP_true.yml	true	true	1.700225	1.7102697200007242	113.049600
jpf-regression/ExSymExeLongBytecodes_false.yml	false	unknown	1.625202	1.6282045440002548	101.212160
jpf-regression/ExSymExeLongBytecodes_true.yml	true	true	1.999652	2.0158812710005805	124.493824
jpf-regression/ExSymExeResearch_false.yml	false	false	2.709512	2.7216979140002877	123.695104
jpf-regression/ExSymExeResearch_true.yml	true	true	1.861156	1.8643948469998577	117.891072
jpf-regression/ExSymExeSimple_false.yml	false	false	1.644345	1.6601843819998976	100.655104
jpf-regression/ExSymExeSimple_true.yml	true	true	2.251325	2.264253097000619	100.687872
jpf-regression/ExSymExeSuzette_false.yml	false	false	1.763189	1.7758948099999543	101.400576
jpf-regression/ExSymExeSuzette_true.yml	true	true	1.669882	1.678688695999881	109.555712
jpf-regression/ExSymExeSwitch_false.yml	false	false	1.660426	1.6636762529997213	101.601280
jpf-regression/ExSymExeSwitch_true.yml	true	true	1.610394	1.6236120359999404	100.380672
jpf-regression/ExSymExeTestAssignments_false.yml	false	false	1.684036	1.6928247389996613	101.040128
jpf-regression/ExSymExeTestAssignments_true.yml	true	true	2.173376	2.184119364000253	100.442112
jpf-regression/ExSymExeTestClassFields_false.yml	false	false	2.131638	2.1349805680001737	101.576704
jpf-regression/ExSymExeTestClassFields_true.yml	true	true	1.726867	1.74208096700022	113.205248
jpf-regression/ExSymExe_false.yml	false	false	1.477372	1.4904753620003248	53.227520
jpf-regression/ExSymExe_true.yml	true	true	1.429795	1.4491358380000747	55.820288
jpf-regression/TestLazy_false.yml	false	false	1.628773	1.637012125000183	100.012032
jpf-regression/TestLazy_true.yml	true	true	1.67638	1.6969343880000451	112.844800
java-ranger-regression/LoopCharAt.yml	false	true	4.974787	4.986855668000317	119.734272
java-ranger-regression/TCAS_prop1.yml	false	false	14.397677	14.420329978000154	140.025856
java-ranger-regression/TCAS_prop2.yml	true	true	55.047309	55.121299046000786	150.765568
java-ranger-regression/TCAS_prop3.yml	true	true	57.120452	57.16998566999973	151.523328
java-ranger-regression/apachecli_eqchk.yml	true	true	337.082966	337.2706378309995	180.174848
java-ranger-regression/schedule_eqchk.yml	true	true	51.432915	51.45115181099936	144.769024
java-ranger-regression/WBS/WBS_prop1.yml	false	false	3.598841	3.6097746710001957	102.121472
java-ranger-regression/WBS/WBS_prop2.yml	true	true	69.095077	69.11699410100027	133.894144
java-ranger-regression/WBS/WBS_prop3.yml	false	false	3.674649	3.69145792099971	103.366656
java-ranger-regression/WBS/WBS_prop4.yml	false	false	69.73701	69.78346527200029	138.985472
java-ranger-regression/alarm/Alarm_prop1.yml	true	true	3.599804	3.6254988139999114	117.411840
java-ranger-regression/alarm/Alarm_prop10.yml	true	true	3.267626	3.2805139000001873	107.900928
java-ranger-regression/alarm/Alarm_prop2.yml	true	true	3.29946	3.312838400000146	108.371968
java-ranger-regression/alarm/Alarm_prop3.yml	true	true	3.469782	3.4821895269997185	118.136832
java-ranger-regression/alarm/Alarm_prop4.yml	true	true	3.897894	3.9182335939995028	124.211200
java-ranger-regression/alarm/Alarm_prop5.yml	true	true	3.591254	3.6278089739998904	117.256192
java-ranger-regression/alarm/Alarm_prop6.yml	true	true	3.593912	3.609010457000295	117.915648
java-ranger-regression/alarm/Alarm_prop8.yml	true	true	3.327649	3.3409744210002827	108.130304
java-ranger-regression/alarm/Alarm_prop9.yml	true	true	3.629843	3.6412905189999947	121.360384
java-ranger-regression/infusion/Infusion_prop1.yml	true	true	3.263392	3.275420185999792	107.532288
java-ranger-regression/infusion/Infusion_prop10.yml	true	true	3.246504	3.2701132080001116	106.901504
java-ranger-regression/infusion/Infusion_prop11.yml	true	true	3.429467	3.452327588999651	118.235136
java-ranger-regression/infusion/Infusion_prop12.yml	true	true	3.091863	3.118968372999916	103.411712
java-ranger-regression/infusion/Infusion_prop13.yml	true	true	3.026661	3.037121969000509	117.624832
java-ranger-regression/infusion/Infusion_prop2.yml	true	true	3.068891	3.092362189000596	105.132032
java-ranger-regression/infusion/Infusion_prop3.yml	true	true	3.061532	3.075037384999632	104.017920
java-ranger-regression/infusion/Infusion_prop4.yml	true	true	3.214006	3.222188370999902	121.315328
java-ranger-regression/infusion/Infusion_prop5.yml	true	true	3.260551	3.2703518710004573	118.333440
java-ranger-regression/infusion/Infusion_prop6.yml	true	true	2.926154	2.9346025240001836	104.722432
java-ranger-regression/infusion/Infusion_prop7.yml	true	true	3.096011	3.109649409000667	117.465088
java-ranger-regression/infusion/Infusion_prop8.yml	true	true	3.854975	3.868493713999669	108.957696
java-ranger-regression/infusion/Infusion_prop9.yml	true	true	3.118049	3.1260156629996345	117.547008
java-ranger-regression/siena_eqchk/siena_prop1.yml	true	unknown	32.884761	32.89961190400027	141.733888
java-ranger-regression/siena_eqchk/siena_prop2.yml	false	false	18.270939	18.296319757000674	134.033408
java-ranger-regression/replace5_eqchk/replace5_prop1.yml	true	true	109.042623	109.07900126100049	140.173312
java-ranger-regression/replace5_eqchk/replace5_prop2.yml	false	false	4.391904	4.4158148090000395	117.858304
java-ranger-regression/nanoxml_eqchk/nanoxml_prop1.yml	true	unknown	3.607424	3.6227503919999435	102.608896
java-ranger-regression/nanoxml_eqchk/nanoxml_prop2.yml	false	unknown	3.813345	3.8258209890000217	111.689728
java-ranger-regression/nanoxml_eqchk/nanoxml_prop3.yml	false	unknown	3.892883	3.9073939119998613	109.858816
java-ranger-regression/printtokens_eqchk/printtokens_prop1.yml	true	unknown	3.587787	3.609534244000315	114.081792
java-ranger-regression/printtokens_eqchk/printtokens_prop2.yml	false	false	3.575431	3.579676591999487	114.229248
MinePump/spec1-5_product1.yml	false	false	3.449697	3.4551967309998872	106.668032
MinePump/spec1-5_product10.yml	false	false	3.473949	3.4850975850004033	106.549248
MinePump/spec1-5_product11.yml	false	false	12.758847	12.772622525999395	127.438848
MinePump/spec1-5_product12.yml	false	false	4.6283	4.647092119999797	116.293632
MinePump/spec1-5_product13.yml	false	false	3.886294	3.9060573420001674	119.521280
MinePump/spec1-5_product14.yml	false	false	3.641131	3.649753841000347	106.827776
MinePump/spec1-5_product15.yml	false	false	15.881879	15.88710277500013	126.980096
MinePump/spec1-5_product16.yml	false	false	4.978757	4.993499252999754	120.029184
MinePump/spec1-5_product17.yml	false	false	2.828953	2.832551314999364	117.104640
MinePump/spec1-5_product18.yml	false	false	2.570307	2.57433749700067	106.463232
MinePump/spec1-5_product19.yml	false	false	17.162041	17.17583535599988	127.279104
MinePump/spec1-5_product2.yml	false	false	2.452657	2.4561907340003017	106.762240
MinePump/spec1-5_product20.yml	false	false	3.398714	3.4176528939997297	120.373248
MinePump/spec1-5_product21.yml	false	false	2.520238	2.5244196779995036	107.474944
MinePump/spec1-5_product22.yml	false	false	2.789254	2.792940551999891	115.380224
MinePump/spec1-5_product23.yml	false	false	12.29901	12.304581020000114	125.689856
MinePump/spec1-5_product24.yml	false	false	3.583597	3.60529054700055	121.847808
MinePump/spec1-5_product25.yml	false	false	3.268171	3.282263371999761	106.074112
MinePump/spec1-5_product26.yml	false	false	2.995677	3.0001268879996132	117.653504
MinePump/spec1-5_product27.yml	false	false	16.683621	16.70785041399995	127.954944
MinePump/spec1-5_product28.yml	false	false	3.784547	3.7921129630003634	115.228672
MinePump/spec1-5_product29.yml	false	false	3.479303	3.484395002999918	107.544576
MinePump/spec1-5_product3.yml	false	false	12.37165	12.377407532999314	126.832640
MinePump/spec1-5_product30.yml	false	false	2.924484	2.9319663160003984	116.981760
MinePump/spec1-5_product31.yml	false	false	17.295484	17.302450236999903	127.549440
MinePump/spec1-5_product32.yml	false	false	3.545443	3.558548940000037	111.263744
MinePump/spec1-5_product33.yml	false	false	2.639285	2.6589429800005746	104.087552
MinePump/spec1-5_product34.yml	false	false	2.623384	2.6333293739999135	115.613696
MinePump/spec1-5_product35.yml	false	false	14.181194	14.196426346999942	126.611456
MinePump/spec1-5_product36.yml	false	false	3.492509	3.498932102999788	114.987008
MinePump/spec1-5_product37.yml	false	false	2.278803	2.2847728299993832	100.974592
MinePump/spec1-5_product38.yml	false	false	2.484604	2.4994033789998866	103.751680
MinePump/spec1-5_product39.yml	false	false	11.090361	11.094988787000148	126.861312
MinePump/spec1-5_product4.yml	false	false	3.326147	3.3350203099998907	111.636480
MinePump/spec1-5_product40.yml	false	false	4.138283	4.153172674999951	109.633536
MinePump/spec1-5_product41.yml	false	false	3.135713	3.140224388000206	119.742464
MinePump/spec1-5_product42.yml	false	false	2.801651	2.8223867939996126	109.117440
MinePump/spec1-5_product43.yml	false	false	17.893553	17.898733844000162	131.194880
MinePump/spec1-5_product44.yml	false	false	4.149445	4.1729924199999004	114.814976
MinePump/spec1-5_product45.yml	false	false	2.961334	2.9814871309999944	115.159040
MinePump/spec1-5_product46.yml	false	false	3.09116	3.116268615000081	114.462720
MinePump/spec1-5_product47.yml	false	false	15.936405	15.941434977999961	128.819200
MinePump/spec1-5_product48.yml	false	false	3.872765	3.8838136319991463	121.864192
MinePump/spec1-5_product49.yml	false	false	2.349879	2.3633032470006583	101.986304
MinePump/spec1-5_product5.yml	false	false	2.677423	2.680856152999695	106.336256
MinePump/spec1-5_product50.yml	false	false	2.654545	2.658758859000045	114.499584
MinePump/spec1-5_product51.yml	false	false	10.910617	10.915727722000156	127.479808
MinePump/spec1-5_product52.yml	false	false	3.744607	3.7561939449997226	115.023872
MinePump/spec1-5_product53.yml	false	false	2.320408	2.334159824999915	101.470208
MinePump/spec1-5_product54.yml	false	false	2.984741	2.9990435749996323	101.920768
MinePump/spec1-5_product55.yml	false	false	11.72349	11.75506902000052	127.438848
MinePump/spec1-5_product56.yml	false	false	4.122649	4.137201444000311	114.520064
MinePump/spec1-5_product57.yml	true	true	143.33285	143.3621190169997	136.912896
MinePump/spec1-5_product58.yml	true	true	102.993184	103.08053620100054	137.682944
MinePump/spec1-5_product59.yml	true	true	132.504177	132.5341526989996	141.131776
MinePump/spec1-5_product6.yml	false	false	3.304809	3.3259597820006093	114.982912
MinePump/spec1-5_product60.yml	true	true	105.214422	105.30129618299998	141.021184
MinePump/spec1-5_product61.yml	true	true	107.034044	107.09906621099981	137.474048
MinePump/spec1-5_product62.yml	true	true	95.296615	95.30986934299926	139.116544
MinePump/spec1-5_product63.yml	true	true	94.627122	94.64316866599984	141.721600
MinePump/spec1-5_product64.yml	true	true	94.982074	94.99032066700056	141.787136
MinePump/spec1-5_product7.yml	false	false	16.288548	16.295700290999775	126.869504
MinePump/spec1-5_product8.yml	false	false	5.108609	5.12370205300067	111.132672
MinePump/spec1-5_product9.yml	false	false	3.645122	3.651812055000846	102.174720
algorithms/BellmanFord-FunSat01.yml	true	unknown	3.292808	3.3067049100000077	123.101184
algorithms/BellmanFord-FunSat02.yml	false	unknown	2.723848	2.747790127999906	122.523648
algorithms/BellmanFord-FunUnsat01.yml	false	unknown	2.658037	2.6633067639995716	122.933248
algorithms/BellmanFord-FunUnsat02.yml	false	unknown	3.048626	3.0661535299996103	122.609664
algorithms/BellmanFord-MemSat01.yml	true	unknown	2.372762	2.377897423999457	109.301760
algorithms/BellmanFord-MemSat02.yml	true	unknown	2.698479	2.704233731000386	109.473792
algorithms/BellmanFord-MemUnsat01.yml	false	unknown	2.021857	2.0272392750002837	109.645824
algorithms/BellmanFord-MemUnsat02.yml	false	unknown	2.540274	2.555440503999307	111.964160
algorithms/BinaryTreeSearch-FunSat01.yml	true	true	38.909154	38.92081805199996	137.031680
algorithms/BinaryTreeSearch-FunUnsat01.yml	false	false	2.860106	2.871084224000697	104.935424
algorithms/BinaryTreeSearch-MemSat01.yml	true	true	38.896613	38.90454655300073	145.784832
algorithms/BinaryTreeSearch-MemUnsat01.yml	false	false	2.443408	2.448685992000719	103.014400
algorithms/BinaryTreeSearch-MemUnsat02.yml	false	false	2.263446	2.277943203000177	102.141952
algorithms/InsertionSort-FunSat01.yml	true	unknown	2.201407	2.215801096999712	100.417536
algorithms/InsertionSort-FunSat02.yml	true	unknown	2.36794	2.3813007480002852	113.750016
algorithms/InsertionSort-FunUnsat01.yml	false	unknown	2.387893	2.3929018580001866	115.703808
algorithms/InsertionSort-MemSat01.yml	true	unknown	2.356649	2.378834346000076	113.823744
algorithms/InsertionSort-MemUnsat01.yml	false	unknown	2.45721	2.463736916000016	114.282496
algorithms/MergeSortIterative-FunSat01.yml	true	unknown	2.508901	2.5224337390000073	113.897472
algorithms/MergeSortIterative-FunSat02.yml	true	unknown	2.575613	2.5899606399998447	114.122752
algorithms/MergeSortIterative-FunUnsat01.yml	false	unknown	2.646745	2.657794185000057	114.405376
algorithms/MergeSortIterative-MemSat01.yml	false	unknown	2.655317	2.659568255000522	113.917952
algorithms/MergeSortIterative-MemUnsat01.yml	false	unknown	2.262927	2.2758203729999877	101.027840
algorithms/RedBlackTree-FunSat01.yml	true	true	5.553416	5.568927779999285	124.891136
algorithms/RedBlackTree-FunUnsat01.yml	false	false	3.409162	3.4213051890001225	122.064896
algorithms/RedBlackTree-MemSat01.yml	true	true	38.861871	38.87309356200058	150.384640
algorithms/RedBlackTree-MemUnsat01.yml	false	unknown	6.675343	6.698321591000422	134.807552
algorithms/SortedListInsert-FunSat01.yml	true	true	30.917572	30.932702156999767	144.089088
algorithms/SortedListInsert-FunSat02.yml	true	true	29.968653	29.984292273000392	141.369344
algorithms/SortedListInsert-FunUnsat01.yml	false	false	5.050192	5.062619856999845	128.991232
algorithms/SortedListInsert-MemSat01.yml	true	true	13.821291	13.826685775999977	137.371648
algorithms/SortedListInsert-MemUnsat01.yml	false	unknown	2.196915	2.209077688999969	113.270784
algorithms/Trie-FunSat01.yml	true	true	2.375328	2.3885973639999065	113.680384
algorithms/Trie-FunUnsat01.yml	false	false	2.207823	2.2124490750002224	100.859904
algorithms/Trie-MemSat01.yml	true	true	2.215346	2.237870255999951	100.454400
algorithms/Trie-MemUnsat01.yml	false	false	2.236456	2.2491687660003663	100.728832
algorithms/Tsp-FunSat01.yml	false	unknown	2.338998	2.352828109999791	113.541120
algorithms/Tsp-FunUnsat01.yml	false	unknown	1.985221	1.9900677019995783	99.893248
algorithms/Tsp-MemSat01.yml	true	unknown	2.024788	2.0386886640008015	102.154240
algorithms/Tsp-MemUnsat01.yml	false	unknown	2.042094	2.0500909679994948	101.081088
juliet-java/CWE369_Divide_by_Zero__float_connect_tcp_divide_01_bad.yml	false	unknown	1.979149	1.9933099569998376	58.449920
juliet-java/CWE369_Divide_by_Zero__float_connect_tcp_divide_01_bad_version2.yml	false	unknown	1.783522	1.7966979049997462	56.193024
juliet-java/CWE369_Divide_by_Zero__float_connect_tcp_divide_01_good.yml	true	unknown	1.695209	1.7087465839995275	56.537088
juliet-java/CWE369_Divide_by_Zero__float_connect_tcp_divide_81a_bad.yml	false	unknown	1.907758	1.9205477870000323	60.809216
juliet-java/CWE369_Divide_by_Zero__float_connect_tcp_divide_81a_bad_version2.yml	false	unknown	1.790093	1.8028585960000783	56.483840
juliet-java/CWE369_Divide_by_Zero__float_connect_tcp_divide_81a_good.yml	true	unknown	1.86378	1.8829498100003548	56.291328
juliet-java/CWE369_Divide_by_Zero__float_console_readLine_divide_54_bad.yml	false	unknown	1.970096	1.9838488689993028	78.770176
juliet-java/CWE369_Divide_by_Zero__float_console_readLine_divide_54_bad_version2.yml	false	unknown	2.077494	2.090762815000744	87.523328
juliet-java/CWE369_Divide_by_Zero__float_console_readLine_divide_54_good.yml	true	unknown	1.994646	1.998941200000445	77.631488
jdart-regression/OverapproximationString01.yml	false	false	1.808451	1.8163078670004325	80.588800
jdart-regression/URLDecoder01.yml	true	false	1.591192	1.5979155790000732	56.770560
jdart-regression/URLDecoder02.yml	false	false	1.634503	1.6565307249993566	59.543552
jdart-regression/addition01.yml	false	true	2.612911	2.625167505999343	113.741824
jdart-regression/array-iteration01.yml	false	unknown	1.763608	1.7749529699995037	109.834240
jdart-regression/boundcheck100.yml	false	false	10.327636	10.336869646000196	114.454528
jdart-regression/boundcheck200.yml	false	false	13.86577	13.895221151999976	122.548224
jdart-regression/boundcheck30.yml	false	false	4.123836	4.139427733999582	112.963584
jdart-regression/double2long.yml	false	true	1.75401	1.7571217400000023	83.517440
jdart-regression/float.yml	false	true	1.780582	1.8003121279998595	81.428480
jdart-regression/list2.yml	true	true	260.423844	260.48293059999924	180.228096
jdart-regression/radians.yml	false	true	1.763629	1.7767009899998811	55.783424
jdart-regression/shifting.yml	false	unknown	2.230803	2.2542987770002583	121.880576
jdart-regression/shifting2.yml	false	unknown	2.70634	2.711434465999446	122.241024
jdart-regression/shifting3.yml	false	unknown	2.096637	2.103655889000038	122.150912
jdart-regression/startswith.yml	true	true	2.151552	2.166750633000447	93.728768
securibench/Aliasing1.yml	false	false	3.541974	3.555711254000016	84.336640
securibench/Aliasing2.yml	true	true	3.921986	3.937781448000351	60.530688
securibench/Aliasing3.yml	true	true	2.977963	2.9933743310002683	58.560512
securibench/Aliasing4.yml	false	false	3.875505	3.899069219000012	84.541440
securibench/Aliasing5.yml	false	false	3.325654	3.338977626999622	82.763776
securibench/Aliasing6.yml	false	false	4.245512	4.259327038000265	83.079168
securibench/Arrays1.yml	false	false	3.258778	3.2720870550001564	82.898944
securibench/Arrays10.yml	false	true	3.230035	3.2406016989998534	95.662080
securibench/Arrays2.yml	false	false	3.81566	3.8197884000001068	87.703552
securibench/Arrays3.yml	false	false	3.026964	3.040614846000608	87.412736
securibench/Arrays4.yml	false	false	3.188134	3.201911232000384	87.560192
securibench/Arrays5.yml	true	true	3.707487	3.7273627109998415	59.772928
securibench/Arrays6.yml	false	false	3.333352	3.338472501999604	95.256576
securibench/Arrays7.yml	false	false	3.69538	3.7090844649992505	108.527616
securibench/Arrays8.yml	false	false	3.305559	3.322947538000335	101.019648
securibench/Arrays9.yml	false	false	3.119178	3.1315394500006732	82.538496
securibench/Basic1.yml	false	false	3.184309	3.197798899999725	87.273472
securibench/Basic10.yml	false	false	4.132183	4.154091359000631	95.223808
securibench/Basic11.yml	false	unknown	2.912187	2.9331538569995246	59.338752
securibench/Basic12.yml	false	false	4.048072	4.066596874000425	115.462144
securibench/Basic15.yml	false	false	3.194601	3.215938278000067	95.584256
securibench/Basic16.yml	false	false	3.183485	3.196482857999399	81.956864
securibench/Basic17.yml	false	false	3.045308	3.0554284440004267	86.294528
securibench/Basic18.yml	false	false	4.786775	4.7973617369998465	100.945920
securibench/Basic19.yml	false	false	3.337342	3.355224246999569	95.068160
securibench/Basic2.yml	false	false	3.840367	3.843937666999409	115.646464
securibench/Basic20.yml	false	false	2.982168	2.985505548999754	82.231296
securibench/Basic21.yml	false	unknown	3.104186	3.120733884999936	77.705216
securibench/Basic24.yml	false	unknown	3.107361	3.1270118499996897	77.168640
securibench/Basic25.yml	false	unknown	4.102495	4.114103474999865	76.390400
securibench/Basic26.yml	false	false	3.726088	3.7494991250005114	85.110784
securibench/Basic27.yml	false	false	3.125887	3.1466932490002364	95.608832
securibench/Basic28.yml	true	true	2.953028	2.974345553000603	59.924480
securibench/Basic29.yml	false	false	3.239135	3.249873507999837	95.793152
securibench/Basic3.yml	false	unknown	2.817514	2.8393299059998753	60.096512
securibench/Basic30.yml	false	false	3.645953	3.650133179000477	82.612224
securibench/Basic31.yml	false	false	4.303735	4.317874346000281	95.662080
securibench/Basic32.yml	false	false	3.189412	3.20284235500003	86.933504
securibench/Basic33.yml	false	false	3.29987	3.3119440159998703	96.677888
securibench/Basic34.yml	false	false	3.376546	3.392067671999939	89.665536
securibench/Basic35.yml	false	false	3.470298	3.4735620080000444	89.497600
securibench/Basic37.yml	false	unknown	3.739015	3.748110866999923	114.479104
securibench/Basic38.yml	false	unknown	4.039494	4.06215128400072	102.174720
securibench/Basic39.yml	false	unknown	3.120762	3.1336541540003964	101.900288
securibench/Basic4.yml	false	false	3.404054	3.417326580999543	116.998144
securibench/Basic5.yml	false	unknown	2.68585	2.7082201310004166	56.954880
securibench/Basic6.yml	true	unknown	3.211802	3.2294862589997138	58.753024
securibench/Basic7.yml	false	unknown	3.632256	3.6456318259997715	57.520128
securibench/Basic8.yml	true	true	2.881356	2.8942270429997734	56.643584
securibench/Basic9.yml	false	false	3.055807	3.0642297069998676	102.174720
securibench/Collections1.yml	false	false	3.109522	3.122862029999851	83.148800
securibench/Collections10.yml	false	false	3.861564	3.880113141000038	93.564928
securibench/Collections12.yml	false	false	3.264011	3.267523044999507	85.262336
securibench/Collections13.yml	false	true	3.908122	3.924679611999636	63.692800
securibench/Collections14.yml	false	false	4.194988	4.2030955019999965	104.669184
securibench/Collections2.yml	false	false	2.970721	2.9834124529998007	83.181568
securibench/Collections3.yml	false	false	3.707296	3.7118387880000228	86.441984
securibench/Collections4.yml	false	false	3.285769	3.298176059999605	95.506432
securibench/Collections5.yml	false	false	3.378788	3.395176839000669	96.276480
securibench/Collections6.yml	false	false	4.057973	4.071827083000244	86.069248
securibench/Collections7.yml	false	false	3.134853	3.1470737390000068	84.054016
securibench/Collections8.yml	true	true	3.012702	3.029665742000361	62.906368
securibench/Collections9.yml	true	true	3.896759	3.909792512000422	95.105024
securibench/Datastructures1.yml	false	false	3.240281	3.253557021999768	82.337792
securibench/Datastructures2.yml	false	false	3.310477	3.325150735000534	82.522112
securibench/Datastructures3.yml	false	false	4.273245	4.288128852000227	100.970496
securibench/Datastructures4.yml	true	true	2.828788	2.8324101180005528	57.987072
securibench/Datastructures5.yml	false	unknown	3.48334	3.496525636000115	57.274368
securibench/Datastructures6.yml	false	false	4.598216	4.6205144599998675	119.046144
securibench/Factories1.yml	false	unknown	2.713729	2.7234068909992857	59.224064
securibench/Factories2.yml	false	false	3.080792	3.0939014989999123	82.173952
securibench/Factories3.yml	false	false	3.997695	4.011324836000313	82.640896
securibench/Inter1.yml	false	false	3.81207	3.8331020599998737	86.519808
securibench/Inter10.yml	false	unknown	2.838442	2.852642009000192	59.572224
securibench/Inter11.yml	false	unknown	2.805013	2.8123878480000712	59.727872
securibench/Inter12.yml	false	false	2.991505	3.0054052309997132	82.391040
securibench/Inter13.yml	false	false	4.522458	4.546555116999116	92.778496
securibench/Inter14.yml	false	false	4.277666	4.289075360999959	101.199872
securibench/Inter2.yml	false	false	4.48195	4.494664937999914	83.914752
securibench/Inter3.yml	false	false	3.634847	3.646041673999207	84.566016
securibench/Inter4.yml	false	false	3.533251	3.5567230159995233	86.433792
securibench/Inter5.yml	false	unknown	4.059508	4.063126095999905	56.483840
securibench/Inter6.yml	false	false	3.54107	3.5623784119998163	101.539840
securibench/Inter7.yml	false	false	3.366006	3.3748390840000866	86.802432
securibench/Inter8.yml	false	false	3.078499	3.0915696249994653	82.059264
securibench/Inter9.yml	false	unknown	3.851594	3.8664722610001263	60.346368
securibench/Pred1.yml	true	true	2.963923	2.9743019329998788	58.056704
securibench/Pred2.yml	false	false	3.655147	3.6684771010004624	116.330496
securibench/Pred3.yml	true	true	4.593452	4.61352009500024	114.593792
securibench/Pred4.yml	false	false	3.581971	3.598922686000151	95.322112
securibench/Pred5.yml	false	false	4.402918	4.41658760700011	86.892544
securibench/Pred6.yml	true	true	2.951261	2.9611451459995806	57.384960
securibench/Pred7.yml	true	true	3.214535	3.227854262000619	57.630720
securibench/Pred8.yml	false	false	3.364663	3.386385859999791	96.129024
securibench/Pred9.yml	true	true	4.680619	4.687198261000049	94.937088
securibench/Refl1.yml	false	false	4.476823	4.500172774000021	96.264192
securibench/Refl2.yml	false	true	2.980688	2.9979165799995826	59.523072
securibench/Refl3.yml	false	false	3.497984	3.5111573980002504	95.739904
securibench/Refl4.yml	false	false	3.495899	3.5100319419998414	95.330304
securibench/Sanitizers1.yml	false	TIMEOUT	901.023946	901.0044933139998	2181.824512
securibench/Sanitizers2.yml	true	OUT OF MEMORY	358.722906	358.5732328949998	2999.955456
securibench/Sanitizers3.yml	true	unknown	3.785714	3.7995546280008057	76.058624
securibench/Sanitizers4.yml	false	true	50.027353	50.03332812999997	232.742912
securibench/Sanitizers5.yml	false	unknown	3.251739	3.269667768000545	77.602816
securibench/Sanitizers6.yml	true	true	9.029846	9.044732999999724	132.325376
securibench/Session1.yml	false	false	3.486724	3.509762781000063	86.470656
securibench/Session2.yml	false	false	3.731123	3.743721912000183	95.756288
securibench/Session3.yml	false	false	3.090772	3.1043758790001448	82.345984
securibench/StrongUpdates1.yml	true	true	3.408351	3.43195267900046	57.401344
securibench/StrongUpdates2.yml	true	true	3.099544	3.1212214679999306	59.834368
securibench/StrongUpdates3.yml	true	true	3.410876	3.42439130799994	56.852480
securibench/StrongUpdates4.yml	true	true	2.913753	2.932414259000325	59.326464
securibench/StrongUpdates5.yml	true	true	3.405469	3.4187692759996935	57.176064
float-nonlinear-calculation/Bessel.yml	true	true	1.635933	1.6497521319997759	87.842816
float-nonlinear-calculation/Conflict.yml	true	true	1.707266	1.7128541149995726	88.256512
float-nonlinear-calculation/EulerMethod.yml	false	unknown	1.979621	1.9930188830003317	81.453056
float-nonlinear-calculation/MathSin.yml	false	unknown	2.053091	2.0559329349998734	55.836672
float-nonlinear-calculation/Optimization1.yml	false	unknown	2.63973	2.6530779710001298	78.548992
float-nonlinear-calculation/Optimization2.yml	false	unknown	2.174365	2.177699565999319	77.717504
float-nonlinear-calculation/Optimization3.yml	false	true	2.993563	3.008641364000141	77.545472
float-nonlinear-calculation/Optimization4.yml	false	unknown	2.232324	2.239008646000002	80.297984
float-nonlinear-calculation/Optimization5.yml	false	unknown	2.836628	2.8457150650001495	77.258752
float-nonlinear-calculation/Optimization6.yml	false	unknown	2.338179	2.3555771969995476	82.911232
float-nonlinear-calculation/PartitionEx.yml	true	true	1.77235	1.7886683079996146	83.574784
float-nonlinear-calculation/TurnLogic.yml	true	true	2.134996	2.1389513320000333	57.778176
float-nonlinear-calculation/coral1.yml	false	unknown	2.34182	2.3596304830007284	81.989632
float-nonlinear-calculation/coral10.yml	false	unknown	2.947497	2.9559483279999768	78.073856
float-nonlinear-calculation/coral11.yml	false	unknown	2.220138	2.2245135519997348	77.590528
float-nonlinear-calculation/coral12.yml	false	unknown	3.009322	3.014654569999948	77.336576
float-nonlinear-calculation/coral13.yml	false	unknown	2.384112	2.3983110440003657	83.521536
float-nonlinear-calculation/coral14.yml	false	unknown	2.940963	2.9491188689999035	77.991936
float-nonlinear-calculation/coral15.yml	false	unknown	2.226606	2.2456727959997806	81.502208
float-nonlinear-calculation/coral16.yml	false	true	2.109925	2.1215829740003755	78.024704
float-nonlinear-calculation/coral17.yml	false	unknown	2.980336	2.9919457400001193	77.758464
float-nonlinear-calculation/coral18.yml	false	unknown	2.223025	2.2274315730001035	82.792448
float-nonlinear-calculation/coral19.yml	false	unknown	2.799487	2.813530926999192	78.061568
float-nonlinear-calculation/coral2.yml	false	unknown	2.218717	2.2400778169994737	81.453056
float-nonlinear-calculation/coral20.yml	false	unknown	2.223246	2.2453528209998694	81.858560
float-nonlinear-calculation/coral21.yml	false	unknown	2.932358	2.9383385250002902	77.758464
float-nonlinear-calculation/coral22.yml	false	unknown	2.133148	2.147474680000414	79.486976
float-nonlinear-calculation/coral23.yml	true	true	2.193923	2.2118550049999612	81.481728
float-nonlinear-calculation/coral26.yml	true	true	2.243391	2.2656250350000846	80.605184
float-nonlinear-calculation/coral27.yml	false	unknown	2.187048	2.2007851700000174	78.585856
float-nonlinear-calculation/coral28.yml	false	unknown	2.805499	2.810176672000125	77.598720
float-nonlinear-calculation/coral29.yml	false	unknown	2.250309	2.264454848999776	78.360576
float-nonlinear-calculation/coral3.yml	true	true	2.232112	2.246506253000007	87.617536
float-nonlinear-calculation/coral30.yml	false	unknown	2.836446	2.858657355000105	58.486784
float-nonlinear-calculation/coral31.yml	false	true	2.19214	2.1982259280002836	77.844480
float-nonlinear-calculation/coral32.yml	false	unknown	2.215287	2.2271767769998405	80.990208
float-nonlinear-calculation/coral33.yml	false	unknown	2.875018	2.889424971999688	77.705216
float-nonlinear-calculation/coral34.yml	false	unknown	2.231507	2.240848552000898	77.828096
float-nonlinear-calculation/coral35.yml	false	unknown	2.279525	2.30064415599918	92.061696
float-nonlinear-calculation/coral36.yml	false	unknown	2.711204	2.722462371999427	56.311808
float-nonlinear-calculation/coral38.yml	false	unknown	2.200217	2.2046868100005668	81.502208
float-nonlinear-calculation/coral39.yml	false	unknown	2.125251	2.1426481369999237	81.829888
float-nonlinear-calculation/coral4.yml	false	unknown	2.203457	2.2168703990009817	82.178048
float-nonlinear-calculation/coral40.yml	false	unknown	2.228167	2.2372121949993016	78.495744
float-nonlinear-calculation/coral41.yml	false	unknown	2.848139	2.86271094300173	77.467648
float-nonlinear-calculation/coral42.yml	false	unknown	2.223466	2.2350558130001446	78.082048
float-nonlinear-calculation/coral43.yml	false	unknown	2.193855	2.207865779000713	78.684160
float-nonlinear-calculation/coral44.yml	false	unknown	2.962703	2.975469281000187	78.848000
float-nonlinear-calculation/coral45.yml	false	unknown	2.319831	2.337386446999517	82.853888
float-nonlinear-calculation/coral46.yml	true	unknown	2.323847	2.3408033519990568	82.386944
float-nonlinear-calculation/coral48.yml	false	true	3.056805	3.069464366999455	78.241792
float-nonlinear-calculation/coral49.yml	false	unknown	2.365594	2.3785380640001677	80.670720
float-nonlinear-calculation/coral5.yml	true	true	2.219851	2.2239415669992013	77.836288
float-nonlinear-calculation/coral50.yml	false	unknown	2.894025	2.908211346999451	77.877248
float-nonlinear-calculation/coral51.yml	false	unknown	2.281472	2.296134610000081	77.832192
float-nonlinear-calculation/coral52.yml	false	unknown	2.195716	2.2094562540005427	78.483456
float-nonlinear-calculation/coral53.yml	false	unknown	2.372664	2.3918052680000983	82.202624
float-nonlinear-calculation/coral54.yml	false	unknown	2.265833	2.2763492129997758	81.633280
float-nonlinear-calculation/coral55.yml	true	true	2.917114	2.9397329879993777	81.575936
float-nonlinear-calculation/coral56.yml	false	true	2.344139	2.3642174760007038	81.780736
float-nonlinear-calculation/coral57.yml	false	true	2.1641	2.1736995179999212	78.098432
float-nonlinear-calculation/coral58.yml	false	true	3.017887	3.0330937990001985	78.602240
float-nonlinear-calculation/coral59.yml	false	true	2.399387	2.4199309229989012	81.653760
float-nonlinear-calculation/coral6.yml	false	unknown	2.390426	2.401882456000749	82.915328
float-nonlinear-calculation/coral60.yml	false	true	2.982194	3.0060368399990693	81.170432
float-nonlinear-calculation/coral61.yml	false	true	2.284612	2.298535556999923	79.757312
float-nonlinear-calculation/coral62.yml	false	true	2.188621	2.192139569000574	78.172160
float-nonlinear-calculation/coral63.yml	false	true	2.229543	2.2479946950006706	81.203200
float-nonlinear-calculation/coral64.yml	false	true	2.170384	2.184565982001004	77.717504
float-nonlinear-calculation/coral65.yml	false	true	2.942754	2.9507708929995715	77.705216
float-nonlinear-calculation/coral66.yml	false	true	2.296766	2.3101490720000584	81.575936
float-nonlinear-calculation/coral67.yml	false	true	2.260775	2.2754699460001575	81.145856
float-nonlinear-calculation/coral68.yml	false	true	2.905317	2.919857304999823	79.474688
float-nonlinear-calculation/coral69.yml	false	true	2.143596	2.148860240000431	77.467648
float-nonlinear-calculation/coral71.yml	false	unknown	2.314549	2.319130263998886	88.059904
float-nonlinear-calculation/coral72.yml	false	unknown	2.853321	2.863646069999959	77.524992
float-nonlinear-calculation/coral73.yml	false	unknown	2.276776	2.298916036999799	81.883136
float-nonlinear-calculation/coral74.yml	false	unknown	2.235966	2.250051633998737	79.007744
float-nonlinear-calculation/coral75.yml	false	unknown	3.161109	3.1804922960000113	81.137664
float-nonlinear-calculation/coral76.yml	false	true	2.392209	2.39785451500029	77.336576
float-nonlinear-calculation/coral77.yml	false	true	2.383751	2.397187042000951	77.819904
float-nonlinear-calculation/coral79.yml	false	true	2.23506	2.248180238999339	77.926400
float-nonlinear-calculation/coral80.yml	true	true	2.165805	2.1738415689997055	77.205504
float-nonlinear-calculation/coral81.yml	false	unknown	2.79662	2.810776079999414	78.172160
float-nonlinear-calculation/coral84.yml	false	unknown	2.925117	2.929210520998822	78.581760
float-nonlinear-calculation/coral9.yml	false	unknown	2.258028	2.270260502000383	81.637376
float-nonlinear-calculation/coral91.yml	true	true	2.16257	2.1755862419995537	80.412672
