tool		SPF Friday 22 August 2025 03:03:02 AM IST	SPF Friday 22 August 2025 03:03:02 AM IST	SPF Friday 22 August 2025 03:03:02 AM IST	SPF Friday 22 August 2025 03:03:02 AM IST
run set		SV-COMP25_runtime-exception.RuntimeException-Java	SV-COMP25_runtime-exception.RuntimeException-Java	SV-COMP25_runtime-exception.RuntimeException-Java	SV-COMP25_runtime-exception.RuntimeException-Java
sv-benchmarks/java/		status	cputime (s)	walltime (s)	memory (MB)
jayhorn-recursive/Ackermann01.yml	true	true	376.569765	388.2595523320015	168.787968
jayhorn-recursive/Addition.yml	true	true	4.469172	5.094888543997513	125.566976
jayhorn-recursive/InfiniteLoop.yml	true	TIMEOUT	900.550373	926.9272466760012	171.696128
jayhorn-recursive/SatAckermann01.yml	true	true	285.51887	299.2860342029999	169.443328
jayhorn-recursive/SatAckermann02.yml	true	true	282.539258	296.009552083	173.191168
jayhorn-recursive/SatAckermann03.yml	true	true	286.529866	299.8844133780003	171.909120
jayhorn-recursive/SatAddition01.yml	true	true	4.2451	4.894240151999838	110.059520
jayhorn-recursive/SatEvenOdd01.yml	true	unknown	2.662904	3.077000714998576	100.982784
jayhorn-recursive/SatFibonacci01.yml	true	true	23.761575	26.40038563199778	130.125824
jayhorn-recursive/SatFibonacci02.yml	true	true	2.553677	2.7695353039998736	54.517760
jayhorn-recursive/SatFibonacci03.yml	true	true	23.447509	25.585173637999105	131.391488
jayhorn-recursive/SatGcd.yml	true	TIMEOUT	901.031218	911.2986717679996	152.698880
jayhorn-recursive/SatHanoi01.yml	true	true	109.103675	113.89998239600027	141.004800
jayhorn-recursive/SatMccarthy91.yml	true	true	205.463126	210.6612419330013	154.193920
jayhorn-recursive/SatMultCommutative01.yml	true	true	8.493307	8.500883111999428	117.108736
jayhorn-recursive/SatPrimes01.yml	true	unknown	398.195722	398.3421628260003	226.676736
jayhorn-recursive/UnsatAckermann01.yml	true	TIMEOUT	900.956283	901.005909724001	176.902144
jayhorn-recursive/UnsatAddition01.yml	true	true	5.275523	5.290148522999516	121.634816
jayhorn-recursive/UnsatAddition02.yml	true	true	5.499979	5.509944118999556	108.797952
jayhorn-recursive/UnsatEvenOdd01.yml	true	unknown	2.425893	2.4305035430006683	101.957632
jayhorn-recursive/UnsatFibonacci01.yml	true	true	30.12105	30.1368328009994	131.174400
jayhorn-recursive/UnsatFibonacci02.yml	true	true	30.300018	30.305931281000085	132.935680
jayhorn-recursive/UnsatMccarthy91.yml	true	true	176.542842	176.58681940600218	158.789632
jbmc-regression/ArithmeticException1.yml	true	true	2.475964	2.4966309269984777	100.548608
jbmc-regression/ArithmeticException5.yml	true	true	2.125523	2.1387880069996754	56.430592
jbmc-regression/ArithmeticException6.yml	true	true	2.239446	2.2432087369998044	100.896768
jbmc-regression/ArrayIndexOutOfBoundsException1.yml	true	unknown	2.58873	2.5923448679968715	100.630528
jbmc-regression/ArrayIndexOutOfBoundsException2.yml	true	unknown	2.503483	2.5191955609989236	113.934336
jbmc-regression/ArrayIndexOutOfBoundsException3.yml	true	unknown	2.528271	2.533176461001858	87.478272
jbmc-regression/BufferedReaderReadLine.yml	true	unknown	2.398089	2.4112679089994344	102.690816
jbmc-regression/CharSequenceBug.yml	true	true	2.354202	2.369347630003176	102.760448
jbmc-regression/CharSequenceToString.yml	true	true	2.622978	2.6374280389973137	113.987584
jbmc-regression/ClassCastException1.yml	true	true	1.932729	1.9541444829992543	53.776384
jbmc-regression/ClassCastException2.yml	true	true	2.115207	2.1339037569996435	53.968896
jbmc-regression/ClassCastException3.yml	true	true	1.878046	1.882402679999359	52.912128
jbmc-regression/Class_method1.yml	true	true	2.024936	2.045066078997479	52.752384
jbmc-regression/Inheritance1.yml	true	true	2.139224	2.1517274460020417	54.132736
jbmc-regression/NegativeArraySizeException1.yml	true	true	2.001461	2.015619672001776	52.895744
jbmc-regression/NegativeArraySizeException2.yml	true	true	1.99859	2.0023320839973167	53.321728
jbmc-regression/NullPointerException1.yml	true	true	1.948722	1.9600947269973403	54.267904
jbmc-regression/NullPointerException2.yml	true	true	2.029688	2.0512092220014893	60.841984
jbmc-regression/NullPointerException3.yml	true	true	1.974434	1.9972928529969067	53.858304
jbmc-regression/NullPointerException4.yml	true	true	1.931342	1.9444713789998787	55.259136
jbmc-regression/RegexMatches01.yml	true	true	2.073225	2.086609154001053	54.341632
jbmc-regression/RegexMatches02.yml	true	true	2.096681	2.1187296319985762	55.996416
jbmc-regression/RegexSubstitution01.yml	true	true	1.97804	1.9901297579999664	54.484992
jbmc-regression/RegexSubstitution02.yml	true	unknown	2.231142	2.243926997001836	55.885824
jbmc-regression/RegexSubstitution03.yml	true	true	2.144278	2.1664432899997337	54.157312
jbmc-regression/StaticCharMethods01.yml	true	true	1.998548	2.013226997998572	52.727808
jbmc-regression/StaticCharMethods02.yml	true	true	2.437246	2.4601122359999863	101.515264
jbmc-regression/StaticCharMethods03.yml	true	true	2.322775	2.3260413719981443	102.526976
jbmc-regression/StaticCharMethods04.yml	true	true	2.10988	2.1241665449997527	53.989376
jbmc-regression/StaticCharMethods05.yml	false	unknown	2.118594	2.1415547050019086	54.235136
jbmc-regression/StaticCharMethods06.yml	true	true	2.449292	2.466079310001078	114.040832
jbmc-regression/StringBuilderAppend01.yml	true	true	2.186057	2.2060872500005644	53.264384
jbmc-regression/StringBuilderAppend02.yml	true	unknown	1.929846	1.939190992998192	54.362112
jbmc-regression/StringBuilderCapLen01.yml	true	true	2.057884	2.0760216929993476	55.083008
jbmc-regression/StringBuilderCapLen02.yml	true	true	2.3968	2.41602228299962	81.977344
jbmc-regression/StringBuilderCapLen03.yml	true	unknown	2.158361	2.1733264020003844	55.832576
jbmc-regression/StringBuilderCapLen04.yml	true	unknown	2.139881	2.1445221130015852	53.080064
jbmc-regression/StringBuilderChars01.yml	true	true	2.150907	2.16558292800255	55.447552
jbmc-regression/StringBuilderChars02.yml	true	true	2.41012	2.4334405480003625	94.138368
jbmc-regression/StringBuilderChars03.yml	false	unknown	1.927839	1.9382085439974617	53.792768
jbmc-regression/StringBuilderChars04.yml	true	unknown	2.173183	2.195014393000747	55.156736
jbmc-regression/StringBuilderChars05.yml	false	unknown	2.31378	2.3347610240016365	54.202368
jbmc-regression/StringBuilderChars06.yml	true	unknown	2.13601	2.1469845680003345	53.489664
jbmc-regression/StringBuilderConstructors01.yml	true	unknown	2.562805	2.567805168000632	100.605952
jbmc-regression/StringBuilderConstructors02.yml	true	unknown	2.081802	2.1004229389982356	54.382592
jbmc-regression/StringBuilderInsertDelete01.yml	true	true	2.375535	2.3845113149982353	57.131008
jbmc-regression/StringBuilderInsertDelete02.yml	true	unknown	2.203051	2.226672808003059	54.337536
jbmc-regression/StringBuilderInsertDelete03.yml	true	unknown	1.999941	2.0217599689967756	54.943744
jbmc-regression/StringCompare01.yml	true	true	2.364244	2.384993568997743	55.418880
jbmc-regression/StringCompare02.yml	true	unknown	1.791081	1.8015561529973638	53.530624
jbmc-regression/StringCompare03.yml	true	unknown	2.006383	2.031140168001002	53.927936
jbmc-regression/StringCompare04.yml	true	unknown	1.988026	2.006891741999425	54.247424
jbmc-regression/StringCompare05.yml	true	true	2.306318	2.315240415999142	54.546432
jbmc-regression/StringConcatenation01.yml	true	true	2.30107	2.3095350399999006	81.506304
jbmc-regression/StringConcatenation02.yml	true	true	2.350819	2.354680925000139	80.793600
jbmc-regression/StringConcatenation03.yml	true	true	2.815323	2.829799577000813	83.148800
jbmc-regression/StringConcatenation04.yml	true	true	2.305898	2.3180598279977858	82.677760
jbmc-regression/StringConstructors01.yml	true	true	2.062172	2.081558837002376	54.427648
jbmc-regression/StringConstructors02.yml	true	true	2.760709	2.774145426999894	81.936384
jbmc-regression/StringConstructors03.yml	true	true	2.248098	2.2615850440015492	81.887232
jbmc-regression/StringConstructors04.yml	true	true	2.198878	2.202871020999737	82.108416
jbmc-regression/StringConstructors05.yml	true	true	2.60154	2.615573171999131	81.625088
jbmc-regression/StringContains01.yml	true	true	2.969514	2.989935786998103	82.264064
jbmc-regression/StringContains02.yml	true	true	2.216619	2.2393536960007623	82.571264
jbmc-regression/StringIndexMethods01.yml	true	true	2.226395	2.239046326998505	55.091200
jbmc-regression/StringIndexMethods02.yml	true	true	2.39733	2.4112400129997695	102.305792
jbmc-regression/StringIndexMethods03.yml	true	unknown	2.878667	2.8926782249982352	98.304000
jbmc-regression/StringIndexMethods04.yml	true	TIMEOUT	900.989158	901.0064315710006	515.809280
jbmc-regression/StringIndexMethods05.yml	true	unknown	2.253461	2.2670603699989442	97.005568
jbmc-regression/StringMiscellaneous01.yml	true	true	2.463029	2.4877085160005663	55.910400
jbmc-regression/StringMiscellaneous02.yml	true	true	2.487308	2.503200356000889	117.338112
jbmc-regression/StringMiscellaneous03.yml	false	false	3.525812	3.539683546998276	110.641152
jbmc-regression/StringMiscellaneous04.yml	true	true	2.15952	2.173237445000268	54.218752
jbmc-regression/StringStartEnd01.yml	true	true	2.556246	2.5797244519999367	54.775808
jbmc-regression/StringStartEnd02.yml	true	true	3.45597	3.4602305369990063	88.092672
jbmc-regression/StringStartEnd03.yml	true	true	4.244524	4.2545962010008225	87.871488
jbmc-regression/StringValueOf01.yml	true	true	2.09272	2.106912156999897	53.125120
jbmc-regression/StringValueOf02.yml	false	false	2.701317	2.7141180580001674	101.036032
jbmc-regression/StringValueOf03.yml	false	false	3.128571	3.140426693997142	101.314560
jbmc-regression/StringValueOf04.yml	true	true	2.600234	2.6230097799998475	81.780736
jbmc-regression/StringValueOf05.yml	true	true	2.987939	2.999313208001695	103.133184
jbmc-regression/StringValueOf06.yml	true	true	2.184413	2.195409996998933	80.711680
jbmc-regression/StringValueOf07.yml	true	unknown	2.488919	2.514561881998816	53.530624
jbmc-regression/StringValueOf08.yml	false	unknown	2.225558	2.237094984997384	79.712256
jbmc-regression/StringValueOf09.yml	false	unknown	2.770008	2.783005470999342	77.942784
jbmc-regression/StringValueOf10.yml	true	true	2.192335	2.2058302680015913	82.317312
jbmc-regression/SubString01.yml	true	true	2.070974	2.0849341970024398	52.916224
jbmc-regression/SubString02.yml	false	false	3.127757	3.1397171190001245	107.536384
jbmc-regression/SubString03.yml	false	false	2.276729	2.2994601579994196	55.160832
jbmc-regression/TokenTest01.yml	true	true	2.646919	2.6754981220001355	53.579776
jbmc-regression/TokenTest02.yml	true	unknown	2.025457	2.049798478001321	53.690368
jbmc-regression/Validate01.yml	true	true	2.697044	2.721969240999897	54.882304
jbmc-regression/Validate02.yml	true	unknown	2.025721	2.0449953070019546	54.583296
jbmc-regression/aastore_aaload1.yml	true	unknown	2.434296	2.447310159001063	100.777984
jbmc-regression/array1.yml	true	unknown	3.037546	3.0561353949997283	102.596608
jbmc-regression/array2.yml	true	true	2.57864	2.582798589999584	101.945344
jbmc-regression/arraylength1.yml	true	unknown	2.926813	2.931693638998695	102.133760
jbmc-regression/arrayread1.yml	true	unknown	2.407605	2.411305478999566	100.831232
jbmc-regression/assert1.yml	true	true	3.220146	3.2310931110005185	110.972928
jbmc-regression/assert2.yml	true	true	2.424274	2.440875229000085	100.626432
jbmc-regression/assert3.yml	true	true	3.418142	3.4352059989978443	113.700864
jbmc-regression/assert4.yml	true	true	2.508922	2.519489105001412	109.445120
jbmc-regression/assert5.yml	true	true	2.264618	2.2765776209998876	101.003264
jbmc-regression/assert6.yml	true	true	3.093588	3.100557806999859	102.072320
jbmc-regression/astore_aload1.yml	true	true	2.126704	2.130207623999013	54.525952
jbmc-regression/athrow1.yml	true	true	2.529137	2.5439055030001327	53.084160
jbmc-regression/basic1.yml	true	true	2.063812	2.087685036000039	53.792768
jbmc-regression/bitwise1.yml	true	unknown	2.890091	2.9040558419983427	97.955840
jbmc-regression/boolean1.yml	true	true	2.533915	2.539773434997187	113.184768
jbmc-regression/boolean2.yml	true	true	2.848188	2.8616180409990193	102.027264
jbmc-regression/bug-test-gen-095.yml	true	true	2.297155	2.3077441480018024	80.015360
jbmc-regression/bug-test-gen-119-2.yml	true	true	1.8893	1.9023784349992638	52.744192
jbmc-regression/bug-test-gen-119.yml	true	true	2.985501	2.9905815130005067	103.223296
jbmc-regression/calc.yml	true	unknown	2.594464	2.6045542680003564	101.289984
jbmc-regression/cast1.yml	true	unknown	3.198326	3.204986163000285	113.512448
jbmc-regression/catch1.yml	true	true	2.093793	2.1086449380018166	53.915648
jbmc-regression/char1.yml	true	unknown	2.783926	2.7909745600009046	102.252544
jbmc-regression/charArray.yml	true	unknown	2.425241	2.444202953000058	113.905664
jbmc-regression/classtest1.yml	true	true	2.040993	2.052923667997675	53.604352
jbmc-regression/const1.yml	true	true	2.415505	2.431515718002629	54.296576
jbmc-regression/constructor1.yml	true	true	1.936029	1.947943999999552	53.829632
jbmc-regression/enum1.yml	true	true	2.428741	2.450405600000522	53.305344
jbmc-regression/exceptions1.yml	true	true	2.030179	2.0441310450005403	55.091200
jbmc-regression/exceptions10.yml	true	true	2.300936	2.3261936199996853	55.627776
jbmc-regression/exceptions11.yml	true	true	2.098353	2.1046239200004493	58.855424
jbmc-regression/exceptions12.yml	true	true	2.074011	2.085057141001016	56.016896
jbmc-regression/exceptions13.yml	true	true	2.335663	2.360033236000163	54.456320
jbmc-regression/exceptions14.yml	true	true	1.972094	1.9846204150017002	54.022144
jbmc-regression/exceptions15.yml	true	true	1.994271	2.0079787200011197	54.841344
jbmc-regression/exceptions16.yml	true	true	2.396637	2.401850223999645	53.653504
jbmc-regression/exceptions18.yml	true	true	1.974808	1.9889790500019444	53.059584
jbmc-regression/exceptions2.yml	true	true	1.946799	1.9561301299982006	54.525952
jbmc-regression/exceptions3.yml	true	true	2.333265	2.3565724800027965	55.345152
jbmc-regression/exceptions4.yml	true	true	1.94059	1.9624385139977676	53.063680
jbmc-regression/exceptions5.yml	true	true	1.94663	1.9641995540005155	53.604352
jbmc-regression/exceptions6.yml	true	true	1.94533	1.9589128039988282	54.820864
jbmc-regression/exceptions7.yml	true	true	2.423354	2.4305457759983256	53.460992
jbmc-regression/exceptions8.yml	true	true	2.082227	2.0948343189993466	54.956032
jbmc-regression/exceptions9.yml	true	true	2.062827	2.0797306569984357	53.579776
jbmc-regression/fcmpx_dcmpx1.yml	true	true	2.385648	2.4031470339978114	54.009856
jbmc-regression/iarith1.yml	true	true	1.866204	1.8892480690010416	54.403072
jbmc-regression/iarith2.yml	true	true	1.936068	1.9395605079989764	52.850688
jbmc-regression/if_acmp1.yml	true	true	2.043959	2.06519095999829	55.537664
jbmc-regression/if_expr1.yml	true	true	2.905074	2.9123658889984654	100.552704
jbmc-regression/if_icmp1.yml	true	true	2.429667	2.443007708003279	102.510592
jbmc-regression/ifxx1.yml	true	true	2.006239	2.0279374509991612	54.190080
jbmc-regression/instanceof1.yml	true	true	2.392295	2.4174832879980386	55.123968
jbmc-regression/instanceof2.yml	true	true	1.963902	1.9758521010007826	55.013376
jbmc-regression/instanceof3.yml	true	true	1.977321	1.9943224460002966	53.088256
jbmc-regression/instanceof4.yml	true	true	2.287393	2.3026186790011707	54.484992
jbmc-regression/instanceof5.yml	true	true	1.938324	1.949869732998195	54.743040
jbmc-regression/instanceof6.yml	true	true	1.8548	1.8750748300008127	54.525952
jbmc-regression/instanceof7.yml	true	true	2.189018	2.2088812360016163	52.850688
jbmc-regression/instanceof8.yml	true	true	1.878396	1.8921296400003484	55.615488
jbmc-regression/interface1.yml	true	true	2.348377	2.3702135419989645	55.263232
jbmc-regression/java_append_char.yml	true	true	2.418259	2.4314729209982033	100.712448
jbmc-regression/lazyloading4.yml	true	true	1.973377	1.9966936189994158	54.280192
jbmc-regression/list1.yml	true	unknown	3.018007	3.0254789639984665	99.205120
jbmc-regression/long1.yml	true	true	1.871391	1.891191048998735	54.501376
jbmc-regression/lookupswitch1.yml	true	true	3.225389	3.249165406999964	101.421056
jbmc-regression/multinewarray.yml	true	true	2.513839	2.530670812000608	55.025664
jbmc-regression/overloading1.yml	true	true	2.016926	2.026780542000779	54.185984
jbmc-regression/package1.yml	true	true	2.065785	2.07950368100137	55.140352
jbmc-regression/putfield_getfield1.yml	true	true	1.872275	1.8923659860010957	52.834304
jbmc-regression/putstatic_getstatic1.yml	true	true	2.425049	2.438630713000748	53.051392
jbmc-regression/recursion2.yml	true	true	2.049426	2.0585232529992936	53.952512
jbmc-regression/return1.yml	true	true	2.086232	2.1099631350007257	53.686272
jbmc-regression/return2.yml	true	true	2.850596	2.8652519679999386	101.613568
jbmc-regression/store_load1.yml	true	true	2.127657	2.1319539550022455	53.039104
jbmc-regression/swap1.yml	true	true	2.169461	2.1920712949977315	53.936128
jbmc-regression/synchronized.yml	true	true	2.60732	2.622219934997702	53.231616
jbmc-regression/tableswitch1.yml	true	true	3.935178	3.9469272370006365	115.089408
jbmc-regression/uninitialised1.yml	true	true	1.974101	1.9843748690000211	53.649408
jbmc-regression/virtual1.yml	true	true	2.633355	2.65805323099994	53.035008
jbmc-regression/virtual2.yml	true	true	2.197252	2.2098452589998487	53.329920
jbmc-regression/virtual4.yml	true	true	1.917788	1.9315160309997736	53.329920
jbmc-regression/virtual_function_unwinding.yml	true	true	2.069546	2.091145544000028	55.840768
jpf-regression/ExDarko_false.yml	true	true	3.357048	3.3699246720025258	101.027840
jpf-regression/ExDarko_true.yml	true	true	2.399834	2.419428020999476	101.429248
jpf-regression/ExException_false.yml	false	false	2.24753	2.250833165999211	100.294656
jpf-regression/ExException_true.yml	true	true	2.960476	2.96499720599968	100.143104
jpf-regression/ExGenSymExe_false.yml	true	true	2.015186	2.0336831390013685	53.297152
jpf-regression/ExGenSymExe_true.yml	true	true	1.903851	1.9269271329976618	54.464512
jpf-regression/ExLazy_false.yml	true	true	2.547771	2.5568828970026516	100.978688
jpf-regression/ExLazy_true.yml	true	true	2.223817	2.227954112000589	101.756928
jpf-regression/ExMIT_false.yml	true	true	2.955565	2.9602639479999198	102.096896
jpf-regression/ExMIT_true.yml	true	true	2.302644	2.3064252350013703	100.155392
jpf-regression/ExSymExe10_false.yml	true	true	2.295814	2.299681951997627	103.124992
jpf-regression/ExSymExe10_true.yml	true	true	3.043081	3.0555236480031454	101.834752
jpf-regression/ExSymExe11_false.yml	true	true	2.022327	2.035591406001913	54.890496
jpf-regression/ExSymExe11_true.yml	true	true	2.234454	2.2469486859990866	100.220928
jpf-regression/ExSymExe12_false.yml	true	true	3.089301	3.103875793000043	103.624704
jpf-regression/ExSymExe12_true.yml	true	true	2.675495	2.684484474000783	114.413568
jpf-regression/ExSymExe13_false.yml	true	true	2.671796	2.6954765320006118	102.588416
jpf-regression/ExSymExe13_true.yml	true	true	3.336008	3.3618664349996834	122.675200
jpf-regression/ExSymExe14_false.yml	true	true	2.373948	2.3849005509982817	102.944768
jpf-regression/ExSymExe14_true.yml	true	true	2.317681	2.33347701099774	102.858752
jpf-regression/ExSymExe15_false.yml	true	true	2.527583	2.536499754001852	101.314560
jpf-regression/ExSymExe15_true.yml	true	true	2.445371	2.4610681800004386	113.958912
jpf-regression/ExSymExe16_false.yml	true	true	2.591092	2.609168769999087	53.932032
jpf-regression/ExSymExe16_true.yml	true	true	1.976304	1.9966793870007677	53.731328
jpf-regression/ExSymExe17_false.yml	true	true	1.947659	1.9717810900001496	53.071872
jpf-regression/ExSymExe17_true.yml	true	true	2.518545	2.533330793001369	53.096448
jpf-regression/ExSymExe18_false.yml	true	true	2.473064	2.4886821050022263	102.457344
jpf-regression/ExSymExe18_true.yml	true	true	1.908952	1.922923786998581	54.566912
jpf-regression/ExSymExe19_false.yml	true	true	2.943962	2.949064823002118	101.937152
jpf-regression/ExSymExe19_true.yml	true	unknown	2.396935	2.4109471769988886	126.894080
jpf-regression/ExSymExe1_false.yml	true	unknown	2.237386	2.250710116000846	123.318272
jpf-regression/ExSymExe1_true.yml	true	true	2.113226	2.1266047110002546	53.338112
jpf-regression/ExSymExe20_false.yml	true	unknown	4.944557	4.949212516999978	166.207488
jpf-regression/ExSymExe20_true.yml	true	true	1.767562	1.7880746800001361	54.665216
jpf-regression/ExSymExe21_false.yml	true	unknown	2.306786	2.3204451849996985	124.907520
jpf-regression/ExSymExe21_true.yml	true	true	2.188199	2.207956424997974	53.108736
jpf-regression/ExSymExe25_false.yml	true	true	2.167703	2.1807047660004173	110.116864
jpf-regression/ExSymExe25_true.yml	true	true	1.799204	1.8195309739967342	53.727232
jpf-regression/ExSymExe26_false.yml	true	unknown	3.69358	3.701878850999492	136.159232
jpf-regression/ExSymExe26_true.yml	true	true	1.856934	1.8760988579997502	53.886976
jpf-regression/ExSymExe27_false.yml	true	true	2.154801	2.1645164049987216	100.085760
jpf-regression/ExSymExe27_true.yml	true	true	2.301344	2.3050007700003334	53.391360
jpf-regression/ExSymExe28_false.yml	true	true	2.079714	2.1038031810021494	101.244928
jpf-regression/ExSymExe28_true.yml	true	true	1.73609	1.7568946110004617	54.587392
jpf-regression/ExSymExe29_false.yml	true	unknown	3.360278	3.3734218409990717	168.226816
jpf-regression/ExSymExe29_true.yml	true	true	2.131412	2.1500910379982088	53.628928
jpf-regression/ExSymExe2_false.yml	true	unknown	2.205405	2.219067771999107	128.270336
jpf-regression/ExSymExe2_true.yml	true	true	1.850432	1.8690673429991875	54.677504
jpf-regression/ExSymExe3_false.yml	true	true	2.533775	2.557523495001078	100.499456
jpf-regression/ExSymExe3_true.yml	true	true	1.831075	1.8485598059996846	53.886976
jpf-regression/ExSymExe4_false.yml	true	unknown	2.87012	2.8843377779994626	127.143936
jpf-regression/ExSymExe4_true.yml	true	true	1.712527	1.731977667001047	53.796864
jpf-regression/ExSymExe5_false.yml	true	true	2.047907	2.058717501000501	101.208064
jpf-regression/ExSymExe5_true.yml	true	true	1.910781	1.9319343930001196	53.764096
jpf-regression/ExSymExe6_false.yml	true	unknown	2.570807	2.5802255749986216	98.742272
jpf-regression/ExSymExe6_true.yml	true	true	2.269213	2.289324065000983	53.571584
jpf-regression/ExSymExe7_false.yml	true	unknown	2.409889	2.420214379999379	126.550016
jpf-regression/ExSymExe7_true.yml	true	unknown	2.315479	2.3288828849981655	132.902912
jpf-regression/ExSymExe8_false.yml	true	unknown	2.667465	2.67826634100129	127.328256
jpf-regression/ExSymExe8_true.yml	true	true	2.32484	2.3421822790005535	53.415936
jpf-regression/ExSymExe9_false.yml	true	true	1.861575	1.8746297580000828	53.014528
jpf-regression/ExSymExe9_true.yml	true	true	1.836546	1.8536376650008606	55.042048
jpf-regression/ExSymExeArrays_false.yml	true	true	2.181042	2.202727230000164	55.128064
jpf-regression/ExSymExeArrays_true.yml	true	true	2.314363	2.320787693002785	55.545856
jpf-regression/ExSymExeBool_false.yml	true	true	1.86496	1.885814297998877	53.297152
jpf-regression/ExSymExeBool_true.yml	true	true	1.872055	1.8853517409988854	53.252096
jpf-regression/ExSymExeComplexMath_false.yml	true	true	2.250721	2.2734510369991767	56.131584
jpf-regression/ExSymExeComplexMath_true.yml	true	true	2.353974	2.3713091680001526	55.840768
jpf-regression/ExSymExeD2I_false.yml	true	true	1.791981	1.8128483880027488	54.259712
jpf-regression/ExSymExeD2I_true.yml	true	true	1.918543	1.9404944519992569	80.793600
jpf-regression/ExSymExeD2L_false.yml	true	true	2.330345	2.3477638299991668	81.477632
jpf-regression/ExSymExeD2L_true.yml	true	true	1.887441	1.899848627999745	79.613952
jpf-regression/ExSymExeF2I_false.yml	true	true	1.831366	1.8444920649999403	52.989952
jpf-regression/ExSymExeF2I_true.yml	true	true	2.489526	2.499336423999921	77.271040
jpf-regression/ExSymExeF2L_false.yml	true	true	1.880273	1.894292711000162	78.974976
jpf-regression/ExSymExeF2L_true.yml	true	true	2.030151	2.043812469997647	78.659584
jpf-regression/ExSymExeFNEG_false.yml	true	true	2.235771	2.2494928000014625	77.479936
jpf-regression/ExSymExeFNEG_true.yml	true	true	2.398034	2.4208413470005326	78.012416
jpf-regression/ExSymExeGetStatic_false.yml	true	true	1.803716	1.8171811130014248	54.226944
jpf-regression/ExSymExeGetStatic_true.yml	true	true	1.949994	1.964827667998179	54.775808
jpf-regression/ExSymExeI2D_false.yml	true	true	2.585365	2.5894816020008875	100.093952
jpf-regression/ExSymExeI2D_true.yml	true	true	3.003297	3.011060972999985	114.864128
jpf-regression/ExSymExeI2F_false.yml	true	true	1.90749	1.9318756619977648	53.293056
jpf-regression/ExSymExeI2F_true.yml	true	true	2.339582	2.3435149190008815	99.958784
jpf-regression/ExSymExeLCMP_false.yml	true	true	2.567841	2.58091155999864	101.359616
jpf-regression/ExSymExeLCMP_true.yml	true	true	2.288397	2.301515159000701	100.241408
jpf-regression/ExSymExeLongBytecodes_false.yml	true	true	2.886877	2.8979577509999217	102.014976
jpf-regression/ExSymExeLongBytecodes_true.yml	true	true	2.483806	2.4877111229980073	111.484928
jpf-regression/ExSymExeResearch_false.yml	true	true	2.90333	2.916345966001245	110.419968
jpf-regression/ExSymExeResearch_true.yml	true	true	2.493668	2.506175673002872	119.373824
jpf-regression/ExSymExeSimple_false.yml	true	true	2.249076	2.2675519969998277	99.880960
jpf-regression/ExSymExeSimple_true.yml	true	true	2.806843	2.8127328010014025	101.478400
jpf-regression/ExSymExeSuzette_false.yml	true	true	2.291407	2.3037420399996336	101.691392
jpf-regression/ExSymExeSuzette_true.yml	true	true	2.711306	2.7200144049966184	110.555136
jpf-regression/ExSymExeSwitch_false.yml	true	true	2.163879	2.180521657999634	100.696064
jpf-regression/ExSymExeSwitch_true.yml	true	true	2.851552	2.860920750998048	102.211584
jpf-regression/ExSymExeTestAssignments_false.yml	true	true	2.29377	2.3074832810016233	100.315136
jpf-regression/ExSymExeTestAssignments_true.yml	true	true	2.612975	2.62269747299797	100.339712
jpf-regression/ExSymExeTestClassFields_false.yml	true	true	2.341304	2.3602818489998754	100.773888
jpf-regression/ExSymExeTestClassFields_true.yml	true	true	2.87592	2.8816977360002056	101.031936
jpf-regression/ExSymExe_false.yml	true	true	2.047233	2.0591061059967615	55.185408
jpf-regression/ExSymExe_true.yml	true	true	2.053254	2.066988635000598	53.551104
jpf-regression/TestLazy_false.yml	true	true	2.538513	2.562095995999698	100.257792
jpf-regression/TestLazy_true.yml	true	true	2.122491	2.1422902369995427	102.629376
java-ranger-regression/TCAS_prop1.yml	true	true	86.428146	86.44781718100057	152.518656
java-ranger-regression/TCAS_prop2.yml	true	true	55.907145	55.92552901599993	147.824640
java-ranger-regression/TCAS_prop3.yml	true	true	69.519222	69.55340439800057	142.741504
java-ranger-regression/apachecli_eqchk.yml	true	true	352.047289	352.11577130399746	170.717184
java-ranger-regression/schedule_eqchk.yml	true	true	53.980757	53.987884379002935	136.138752
java-ranger-regression/WBS/WBS_prop1.yml	true	true	45.885416	45.904193263002526	136.433664
java-ranger-regression/WBS/WBS_prop2.yml	true	true	69.222633	69.23267154800124	132.075520
java-ranger-regression/WBS/WBS_prop3.yml	true	true	33.525486	33.54199484799756	134.025216
java-ranger-regression/WBS/WBS_prop4.yml	true	true	518.000349	518.2497128319992	175.861760
java-ranger-regression/alarm/Alarm_prop1.yml	true	true	4.132871	4.144845730999805	121.532416
java-ranger-regression/alarm/Alarm_prop10.yml	true	true	3.775646	3.7881528540019644	107.737088
java-ranger-regression/alarm/Alarm_prop2.yml	true	true	4.039613	4.050637768999877	107.397120
java-ranger-regression/alarm/Alarm_prop3.yml	true	true	4.906431	4.913996977997158	106.373120
java-ranger-regression/alarm/Alarm_prop4.yml	true	true	4.094388	4.099778001997038	118.480896
java-ranger-regression/alarm/Alarm_prop5.yml	true	true	3.663687	3.6780539130013494	109.043712
java-ranger-regression/alarm/Alarm_prop6.yml	true	true	4.879719	4.897543989998667	111.898624
java-ranger-regression/alarm/Alarm_prop8.yml	true	true	3.599434	3.6050907260032545	108.290048
java-ranger-regression/alarm/Alarm_prop9.yml	true	true	4.860401	4.871526912997069	112.230400
java-ranger-regression/infusion/Infusion_prop1.yml	true	true	3.494938	3.509313923997979	102.711296
java-ranger-regression/infusion/Infusion_prop10.yml	true	true	4.572979	4.588062271002855	106.201088
java-ranger-regression/infusion/Infusion_prop11.yml	true	true	3.548915	3.5580377650003356	102.522880
java-ranger-regression/infusion/Infusion_prop12.yml	true	true	3.912982	3.9281392709999636	116.068352
java-ranger-regression/infusion/Infusion_prop13.yml	true	true	4.806033	4.824879591000354	115.412992
java-ranger-regression/infusion/Infusion_prop2.yml	true	true	3.627643	3.6411670750021585	105.189376
java-ranger-regression/infusion/Infusion_prop3.yml	true	true	5.058828	5.0753935590000765	115.585024
java-ranger-regression/infusion/Infusion_prop4.yml	true	true	3.953291	3.966161665000982	119.586816
java-ranger-regression/infusion/Infusion_prop5.yml	true	true	4.476126	4.481576064001274	104.214528
java-ranger-regression/infusion/Infusion_prop6.yml	true	true	3.399857	3.413446405000286	102.604800
java-ranger-regression/infusion/Infusion_prop7.yml	true	true	4.377439	4.391624555999442	102.821888
java-ranger-regression/infusion/Infusion_prop8.yml	true	true	3.293326	3.3025070619987673	108.527616
java-ranger-regression/infusion/Infusion_prop9.yml	true	true	3.388025	3.3970933590026107	105.574400
java-ranger-regression/siena_eqchk/siena_prop1.yml	true	unknown	50.339014	50.35254091400202	139.558912
java-ranger-regression/siena_eqchk/siena_prop2.yml	true	unknown	37.645821	37.65841302699846	138.006528
java-ranger-regression/replace5_eqchk/replace5_prop1.yml	true	true	117.752863	117.78083667800092	138.424320
java-ranger-regression/replace5_eqchk/replace5_prop2.yml	true	true	111.834285	111.85530287700021	142.462976
java-ranger-regression/nanoxml_eqchk/nanoxml_prop1.yml	false	unknown	4.185404	4.199332002997835	101.044224
java-ranger-regression/nanoxml_eqchk/nanoxml_prop2.yml	false	unknown	3.920302	3.931756772999506	100.843520
java-ranger-regression/nanoxml_eqchk/nanoxml_prop3.yml	false	unknown	3.094559	3.1610455039990484	116.277248
java-ranger-regression/printtokens_eqchk/printtokens_prop1.yml	true	unknown	3.59072	3.602973781999026	101.494784
java-ranger-regression/printtokens_eqchk/printtokens_prop2.yml	true	unknown	2.82867	2.893637713001226	101.904384
MinePump/spec1-5_product1.yml	true	true	116.821538	116.83277956200254	143.237120
MinePump/spec1-5_product10.yml	true	true	52.431938	53.39801668200016	141.471744
MinePump/spec1-5_product11.yml	true	true	77.658058	77.67656593100037	141.279232
MinePump/spec1-5_product12.yml	true	true	70.234929	70.25234833099967	141.287424
MinePump/spec1-5_product13.yml	true	true	73.593957	73.61952403399846	140.480512
MinePump/spec1-5_product14.yml	true	true	55.695774	56.782286175999616	141.631488
MinePump/spec1-5_product15.yml	true	true	79.672712	79.69184081799904	140.886016
MinePump/spec1-5_product16.yml	true	true	88.238376	88.25404187700042	144.441344
MinePump/spec1-5_product17.yml	true	true	57.531973	57.547834123997745	140.357632
MinePump/spec1-5_product18.yml	true	true	54.431126	55.477684972000134	141.066240
MinePump/spec1-5_product19.yml	true	true	94.616344	94.62624026200137	141.471744
MinePump/spec1-5_product2.yml	true	true	55.855271	55.87666598299984	141.586432
MinePump/spec1-5_product20.yml	true	true	68.727184	70.02048333399944	139.558912
MinePump/spec1-5_product21.yml	true	true	54.872676	54.88397382500261	141.115392
MinePump/spec1-5_product22.yml	true	true	67.562314	67.57579965100012	139.563008
MinePump/spec1-5_product23.yml	true	true	76.577534	76.60026510399985	138.035200
MinePump/spec1-5_product24.yml	true	true	93.98483	93.99650560900045	139.485184
MinePump/spec1-5_product25.yml	true	true	66.778164	66.79470687100184	140.062720
MinePump/spec1-5_product26.yml	true	true	53.445493	53.454912293000234	141.656064
MinePump/spec1-5_product27.yml	true	true	75.973906	77.40841550600089	139.157504
MinePump/spec1-5_product28.yml	true	true	87.150378	87.16737682299936	139.735040
MinePump/spec1-5_product29.yml	true	true	54.986245	55.0039939269991	139.702272
MinePump/spec1-5_product3.yml	true	true	95.909622	95.92319094399863	142.213120
MinePump/spec1-5_product30.yml	true	true	56.272811	56.298937736999505	140.558336
MinePump/spec1-5_product31.yml	true	true	101.530051	101.61125066899695	142.176256
MinePump/spec1-5_product32.yml	true	true	90.862039	90.88406618500085	141.869056
MinePump/spec1-5_product33.yml	true	true	52.196404	53.14158564299942	141.942784
MinePump/spec1-5_product34.yml	true	true	57.10457	57.118030021996674	141.254656
MinePump/spec1-5_product35.yml	true	true	114.844856	114.87463060099981	177.020928
MinePump/spec1-5_product36.yml	true	true	73.687723	73.7145236590004	141.430784
MinePump/spec1-5_product37.yml	true	true	64.246883	65.45768530499845	141.811712
MinePump/spec1-5_product38.yml	true	true	67.928338	67.93806515499818	141.303808
MinePump/spec1-5_product39.yml	true	true	110.130049	110.15679968400218	140.091392
MinePump/spec1-5_product4.yml	true	true	74.021042	74.03844234499775	139.796480
MinePump/spec1-5_product40.yml	true	true	99.707227	99.72051369899782	142.536704
MinePump/spec1-5_product41.yml	true	true	118.234253	118.35169470000255	145.362944
MinePump/spec1-5_product42.yml	true	true	92.921044	92.94835412999964	147.070976
MinePump/spec1-5_product43.yml	true	true	100.100051	102.07538612400094	145.629184
MinePump/spec1-5_product44.yml	true	true	101.246827	101.26324970000132	143.114240
MinePump/spec1-5_product45.yml	true	true	131.573378	131.5876271929992	144.199680
MinePump/spec1-5_product46.yml	true	true	106.539504	106.55651386300087	145.743872
MinePump/spec1-5_product47.yml	true	true	129.009599	129.02396975300144	143.491072
MinePump/spec1-5_product48.yml	true	true	135.758999	135.79199569699995	143.372288
MinePump/spec1-5_product49.yml	true	true	69.484772	69.5045836069985	139.255808
MinePump/spec1-5_product5.yml	true	true	76.572486	76.6556941350027	140.312576
MinePump/spec1-5_product50.yml	true	true	58.630229	59.75005645700003	139.374592
MinePump/spec1-5_product51.yml	true	true	90.20758	90.23179953400177	140.021760
MinePump/spec1-5_product52.yml	true	true	81.238712	81.26503776200116	142.880768
MinePump/spec1-5_product53.yml	true	true	70.020193	70.04483482900105	139.042816
MinePump/spec1-5_product54.yml	true	true	81.85501	81.88339868500043	138.395648
MinePump/spec1-5_product55.yml	true	true	119.444973	119.56346822799969	140.034048
MinePump/spec1-5_product56.yml	true	true	77.547593	79.09131619099935	140.541952
MinePump/spec1-5_product57.yml	true	true	123.694978	123.71931939099886	138.391552
MinePump/spec1-5_product58.yml	true	true	137.023846	137.03950645900113	136.425472
MinePump/spec1-5_product59.yml	true	true	102.518879	102.54609884199817	140.111872
MinePump/spec1-5_product6.yml	true	true	57.185955	57.20518694400016	141.877248
MinePump/spec1-5_product60.yml	true	true	102.717703	102.74986246099797	146.247680
MinePump/spec1-5_product61.yml	true	true	123.832717	123.84899208299976	137.859072
MinePump/spec1-5_product62.yml	true	true	100.252249	102.2069538959986	139.493376
MinePump/spec1-5_product63.yml	true	true	101.248282	101.27389640100228	139.698176
MinePump/spec1-5_product64.yml	true	true	128.265112	128.35445181500108	139.223040
MinePump/spec1-5_product7.yml	true	true	81.830643	81.84418037100113	142.245888
MinePump/spec1-5_product8.yml	true	true	89.393536	89.40359228799934	140.247040
MinePump/spec1-5_product9.yml	true	true	55.726982	55.749452857002325	141.635584
algorithms/BellmanFord-FunSat01.yml	true	unknown	3.3094	3.3233613209995383	110.346240
algorithms/BellmanFord-FunSat02.yml	true	unknown	3.153097	3.170365373000095	112.492544
algorithms/BellmanFord-FunUnsat01.yml	true	unknown	3.273672	3.293796347999887	122.585088
algorithms/BellmanFord-FunUnsat02.yml	true	unknown	2.491168	2.543458288997499	109.682688
algorithms/BellmanFord-MemSat01.yml	true	unknown	3.46345	3.4789885669997602	122.732544
algorithms/BellmanFord-MemSat02.yml	true	unknown	2.564219	2.6166739459986275	118.353920
algorithms/BellmanFord-MemUnsat01.yml	true	unknown	3.223523	3.2319348999990325	109.969408
algorithms/BellmanFord-MemUnsat02.yml	true	unknown	2.370993	2.4268159529965487	100.814848
algorithms/BinaryTreeSearch-FunSat01.yml	true	true	30.853229	31.46809607600153	138.391552
algorithms/BinaryTreeSearch-FunUnsat01.yml	true	true	32.818159	32.843468222999945	134.389760
algorithms/BinaryTreeSearch-MemSat01.yml	true	true	38.402943	38.4222287449993	142.864384
algorithms/BinaryTreeSearch-MemUnsat01.yml	true	true	7.848036	7.860209395999846	121.815040
algorithms/BinaryTreeSearch-MemUnsat02.yml	true	true	2.820553	2.8263230320008006	103.239680
algorithms/InsertionSort-FunSat01.yml	true	unknown	2.729262	2.751914530999784	114.368512
algorithms/InsertionSort-FunSat02.yml	true	unknown	2.233837	2.2449609089999285	101.060608
algorithms/InsertionSort-FunUnsat01.yml	true	unknown	2.227118	2.231462023999484	101.736448
algorithms/InsertionSort-MemSat01.yml	true	unknown	2.196853	2.21167185000013	100.470784
algorithms/InsertionSort-MemUnsat01.yml	true	unknown	2.118027	2.1538909210030397	101.220352
algorithms/MergeSortIterative-FunSat01.yml	true	unknown	2.160904	2.1734854620008264	101.294080
algorithms/MergeSortIterative-FunSat02.yml	true	unknown	2.165648	2.176418298000499	100.954112
algorithms/MergeSortIterative-FunUnsat01.yml	true	unknown	2.242552	2.2567462290026015	101.507072
algorithms/MergeSortIterative-MemSat01.yml	true	unknown	2.695832	2.709697933001735	101.052416
algorithms/MergeSortIterative-MemUnsat01.yml	true	unknown	2.098185	2.1293730580000556	101.588992
algorithms/RedBlackTree-FunSat01.yml	true	true	4.989221	4.994366041999456	112.381952
algorithms/RedBlackTree-FunUnsat01.yml	true	true	3.215497	3.224440133999451	119.980032
algorithms/RedBlackTree-MemSat01.yml	true	true	29.587546	29.60326948799775	137.498624
algorithms/RedBlackTree-MemUnsat01.yml	true	true	27.854175	27.908631008998782	146.837504
algorithms/SortedListInsert-FunSat01.yml	true	true	31.513099	31.519241057998443	142.024704
algorithms/SortedListInsert-FunSat02.yml	true	true	33.41179	33.430545061000885	136.347648
algorithms/SortedListInsert-FunUnsat01.yml	true	true	25.73563	25.74975957800052	145.756160
algorithms/SortedListInsert-MemSat01.yml	true	true	18.947008	18.95184991199858	129.097728
algorithms/SortedListInsert-MemUnsat01.yml	true	true	10.223493	10.238276692998625	122.466304
algorithms/Trie-FunSat01.yml	true	true	3.0513	3.057375458000024	102.354944
algorithms/Trie-FunUnsat01.yml	true	true	3.093326	3.1060767429989937	102.735872
algorithms/Trie-MemSat01.yml	true	true	3.029663	3.051114325000526	106.852352
algorithms/Trie-MemUnsat01.yml	true	true	2.84864	2.8616235129993584	100.634624
algorithms/Tsp-FunSat01.yml	true	unknown	2.965994	2.982882573000097	112.283648
algorithms/Tsp-FunUnsat01.yml	true	unknown	2.676655	2.680341134000628	101.310464
algorithms/Tsp-MemSat01.yml	true	unknown	2.859097	2.8750220889996854	105.848832
algorithms/Tsp-MemUnsat01.yml	true	unknown	2.531133	2.534679442000197	100.143104
juliet-java/CWE369_Divide_by_Zero__float_connect_tcp_divide_01_bad.yml	true	unknown	1.764244	1.7757390389997454	54.554624
juliet-java/CWE369_Divide_by_Zero__float_connect_tcp_divide_01_bad_version2.yml	true	unknown	2.396426	2.4158436549987528	53.940224
juliet-java/CWE369_Divide_by_Zero__float_connect_tcp_divide_01_good.yml	true	unknown	1.87456	1.895266667001124	54.865920
juliet-java/CWE369_Divide_by_Zero__float_connect_tcp_divide_81a_bad.yml	true	unknown	1.752638	1.775417484001082	54.943744
juliet-java/CWE369_Divide_by_Zero__float_connect_tcp_divide_81a_bad_version2.yml	true	unknown	1.780466	1.802775632997509	54.063104
juliet-java/CWE369_Divide_by_Zero__float_connect_tcp_divide_81a_good.yml	true	unknown	2.382996	2.3864802890020655	57.057280
juliet-java/CWE369_Divide_by_Zero__float_console_readLine_divide_54_bad.yml	true	unknown	2.544458	2.5598595829978876	87.982080
juliet-java/CWE369_Divide_by_Zero__float_console_readLine_divide_54_bad_version2.yml	true	unknown	2.582977	2.5967509690017323	78.446592
juliet-java/CWE369_Divide_by_Zero__float_console_readLine_divide_54_good.yml	true	unknown	1.937273	1.9507021099998383	77.004800
jdart-regression/OverapproximationString01.yml	true	true	1.88659	1.8995254280016525	80.130048
jdart-regression/URLDecoder01.yml	false	true	1.685342	1.6982250639994163	56.995840
jdart-regression/URLDecoder02.yml	false	true	2.209451	2.2213874199987913	60.010496
jdart-regression/addition01.yml	true	true	3.648511	3.6521644349995768	112.852992
jdart-regression/array-iteration01.yml	true	unknown	2.613351	2.6286626020009862	109.703168
jdart-regression/boundcheck100.yml	true	true	11.097289	11.11355239200202	113.184768
jdart-regression/boundcheck200.yml	true	true	15.461815	15.473928955998417	114.569216
jdart-regression/boundcheck30.yml	true	true	3.808412	3.822781157999998	105.811968
jdart-regression/double2long.yml	true	true	1.753978	1.7671721740007342	77.590528
jdart-regression/float.yml	true	true	2.315004	2.3337574479992327	77.275136
jdart-regression/list2.yml	true	true	248.443194	248.51582120499734	176.230400
jdart-regression/radians.yml	true	unknown	1.849286	1.8696959389999392	52.719616
jdart-regression/shifting.yml	true	unknown	2.661789	2.6908323940006085	110.411776
jdart-regression/shifting2.yml	true	unknown	2.573294	2.5793631650012685	108.957696
jdart-regression/shifting3.yml	true	unknown	2.642086	2.6462112739973236	108.630016
jdart-regression/startswith.yml	true	true	2.223663	2.234895288998814	81.051648
securibench/Aliasing1.yml	true	true	3.876271	3.9000646130007226	98.070528
securibench/Aliasing2.yml	true	true	4.209529	4.230750802002149	58.736640
securibench/Aliasing3.yml	true	true	3.968265	3.992527626000083	55.148544
securibench/Aliasing4.yml	true	true	4.787418	4.81416999999783	96.051200
securibench/Aliasing5.yml	true	true	3.655459	3.6694543800003885	83.861504
securibench/Aliasing6.yml	true	true	3.81042	3.8251385149997077	82.444288
securibench/Arrays1.yml	true	true	4.632657	4.660112000998197	88.358912
securibench/Arrays10.yml	false	false	4.525324	4.530153814997902	94.007296
securibench/Arrays2.yml	true	true	3.546596	3.5594575880022603	97.640448
securibench/Arrays3.yml	true	true	4.36261	4.374997517999873	86.335488
securibench/Arrays4.yml	true	true	4.471836	4.486015151000174	83.435520
securibench/Arrays5.yml	true	true	3.208267	3.2312333490008314	56.889344
securibench/Arrays6.yml	true	true	3.253608	3.320948254000541	85.708800
securibench/Arrays7.yml	true	true	4.408235	4.42205312599981	87.113728
securibench/Arrays8.yml	true	true	4.322072	4.343080396000005	88.162304
securibench/Arrays9.yml	true	true	3.303112	3.325868411000556	87.867392
securibench/Basic1.yml	true	true	4.332232	4.336530622000282	82.640896
securibench/Basic10.yml	true	true	3.268007	3.2812461059984344	82.853888
securibench/Basic11.yml	true	unknown	3.828805	3.852507505001995	55.898112
securibench/Basic12.yml	true	true	3.626298	3.6979320040009043	107.827200
securibench/Basic15.yml	true	true	3.461231	3.474257073001354	82.288640
securibench/Basic16.yml	true	true	3.461542	3.46621242800029	81.575936
securibench/Basic17.yml	true	true	4.327446	4.351271252002334	82.337792
securibench/Basic18.yml	true	true	4.83555	4.859317809998174	88.821760
securibench/Basic19.yml	true	true	4.300172	4.330949519000569	82.632704
securibench/Basic2.yml	true	true	4.43185	4.436359747000097	102.866944
securibench/Basic20.yml	true	true	3.173841	3.2259262110019336	82.767872
securibench/Basic21.yml	true	unknown	3.306035	3.3192979270024807	65.081344
securibench/Basic24.yml	true	unknown	3.264042	3.2817883800016716	64.077824
securibench/Basic25.yml	true	unknown	4.247217	4.271105252999405	61.472768
securibench/Basic26.yml	true	true	4.34782	4.371214750997751	83.034112
securibench/Basic27.yml	true	true	4.379659	4.403957713999262	83.116032
securibench/Basic28.yml	true	true	4.013408	4.024365379998926	55.705600
securibench/Basic29.yml	true	true	3.326508	3.387232260000019	82.833408
securibench/Basic3.yml	true	unknown	3.092785	3.105736044999503	58.560512
securibench/Basic30.yml	true	true	3.233462	3.2473433689992817	82.055168
securibench/Basic31.yml	true	true	4.602528	4.618515687001491	95.924224
securibench/Basic32.yml	true	true	3.3156	3.3745990349998465	86.642688
securibench/Basic33.yml	true	true	4.261363	4.274696860000404	82.874368
securibench/Basic34.yml	true	true	4.328069	4.348277297001914	86.831104
securibench/Basic35.yml	true	true	4.87533	4.895784473999811	88.068096
securibench/Basic37.yml	true	unknown	3.332569	3.341563710997434	101.593088
securibench/Basic38.yml	true	unknown	3.290504	3.3039127349984483	102.264832
securibench/Basic39.yml	true	unknown	3.384524	3.4492633150002803	103.325696
securibench/Basic4.yml	true	true	4.492325	4.5198946700002125	107.724800
securibench/Basic5.yml	true	unknown	3.313241	3.329844566000247	56.492032
securibench/Basic6.yml	true	unknown	3.29035	3.303658771998016	55.029760
securibench/Basic7.yml	true	unknown	3.905522	3.925494938997872	57.184256
securibench/Basic8.yml	true	true	3.957737	3.9748467370009166	55.824384
securibench/Basic9.yml	true	true	4.411698	4.416189323001163	103.440384
securibench/Collections1.yml	true	true	3.492467	3.5548203960024694	83.865600
securibench/Collections10.yml	true	true	3.389735	3.402994342999591	82.345984
securibench/Collections12.yml	true	true	3.2094	3.2127131689994712	82.255872
securibench/Collections13.yml	true	true	4.004704	4.010387786001957	65.314816
securibench/Collections14.yml	true	true	5.18717	5.195313984000677	94.748672
securibench/Collections2.yml	true	true	4.332785	4.347322292996978	82.993152
securibench/Collections3.yml	true	true	4.264577	4.278487969000707	82.812928
securibench/Collections4.yml	true	true	3.32934	3.3787923680029053	82.968576
securibench/Collections5.yml	true	true	3.255659	3.2775748359999852	83.075072
securibench/Collections6.yml	true	true	3.396989	3.4071738210004696	82.829312
securibench/Collections7.yml	true	true	4.354987	4.373893929001497	83.644416
securibench/Collections8.yml	true	true	3.995756	4.011915942999622	58.454016
securibench/Collections9.yml	false	false	3.28108	3.3485455740010366	82.321408
securibench/Datastructures1.yml	true	true	4.215038	4.237697675998788	84.312064
securibench/Datastructures2.yml	true	true	4.205925	4.225036257001193	82.325504
securibench/Datastructures3.yml	true	true	3.176769	3.192131944000721	82.718720
securibench/Datastructures4.yml	true	true	3.177507	3.19024211299984	58.785792
securibench/Datastructures5.yml	true	unknown	3.944754	3.9664764750014	55.365632
securibench/Datastructures6.yml	true	true	5.756195	5.768796845000907	104.611840
securibench/Factories1.yml	true	unknown	3.023882	3.082318431999738	55.836672
securibench/Factories2.yml	true	true	3.269127	3.2823363520001294	82.452480
securibench/Factories3.yml	true	true	3.369516	3.3727054629998747	82.108416
securibench/Inter1.yml	true	true	4.339592	4.364108382000268	82.706432
securibench/Inter10.yml	true	unknown	3.899794	3.921985605997179	56.938496
securibench/Inter11.yml	true	unknown	3.082815	3.140072024001711	56.061952
securibench/Inter12.yml	true	true	4.298904	4.321480720998807	82.878464
securibench/Inter13.yml	true	true	3.38402	3.407122636999702	88.264704
securibench/Inter14.yml	true	true	3.937787	3.9498185099982948	87.867392
securibench/Inter2.yml	true	true	4.528645	4.5501890660016215	94.560256
securibench/Inter3.yml	true	true	4.830447	4.844498580001527	83.533824
securibench/Inter4.yml	true	true	4.572145	4.587032182000257	81.965056
securibench/Inter5.yml	true	unknown	3.008749	3.063161129997752	56.344576
securibench/Inter6.yml	true	true	3.27405	3.2845333030018082	82.493440
securibench/Inter7.yml	true	true	3.220868	3.2293484439978783	82.190336
securibench/Inter8.yml	true	true	4.34323	4.367470056997263	82.477056
securibench/Inter9.yml	true	unknown	2.911932	2.9646192700020038	55.533568
securibench/Pred1.yml	true	true	4.055725	4.075035904003016	58.126336
securibench/Pred2.yml	true	true	4.420417	4.434398671000963	103.350272
securibench/Pred3.yml	true	true	4.356826	4.370279676000791	102.604800
securibench/Pred4.yml	true	true	3.188623	3.1920450550023816	86.609920
securibench/Pred5.yml	true	true	3.389218	3.402020770998206	82.477056
securibench/Pred6.yml	true	true	3.823798	3.847883100999752	54.312960
securibench/Pred7.yml	true	true	3.179676	3.2414793250027287	64.049152
securibench/Pred8.yml	true	true	4.304001	4.317140301998734	83.070976
securibench/Pred9.yml	true	true	3.239596	3.2530982169992058	82.735104
securibench/Refl1.yml	true	true	4.337087	4.356240819000959	82.456576
securibench/Refl2.yml	true	true	4.050038	4.062522231997718	58.007552
securibench/Refl3.yml	true	true	3.218875	3.2317939610002213	83.521536
securibench/Refl4.yml	true	true	3.155469	3.2114307430019835	83.304448
securibench/Sanitizers1.yml	true	TIMEOUT	901.021583	901.0061247019985	2166.878208
securibench/Sanitizers2.yml	true	OUT OF MEMORY	321.118913	320.9625722689998	2999.975936
securibench/Sanitizers3.yml	true	unknown	3.496679	3.51259171899801	76.599296
securibench/Sanitizers4.yml	true	true	76.726296	76.74552857399976	209.711104
securibench/Sanitizers5.yml	true	unknown	4.437885	4.461146408000786	63.762432
securibench/Sanitizers6.yml	true	true	8.634234	8.642135517999122	119.422976
securibench/Session1.yml	true	true	3.489955	3.551291769999807	95.916032
securibench/Session2.yml	true	true	3.533875	3.537635868000507	82.743296
securibench/Session3.yml	true	true	3.449408	3.525426175998291	85.532672
securibench/StrongUpdates1.yml	true	true	4.005561	4.029580721999082	57.733120
securibench/StrongUpdates2.yml	true	true	3.131537	3.1449905299996317	57.360384
securibench/StrongUpdates3.yml	true	true	3.156941	3.2243392009986565	58.359808
securibench/StrongUpdates4.yml	true	true	4.10128	4.114597601997957	58.130432
securibench/StrongUpdates5.yml	false	false	3.969352	3.992034202998184	56.258560
float-nonlinear-calculation/Bessel.yml	true	true	1.847565	1.8603381800021452	77.627392
float-nonlinear-calculation/Conflict.yml	true	true	1.810975	1.8563702259998536	81.002496
float-nonlinear-calculation/EulerMethod.yml	true	unknown	1.798389	1.8032220070017502	79.736832
float-nonlinear-calculation/MathSin.yml	true	unknown	2.274322	2.3276600710014463	55.009280
float-nonlinear-calculation/Optimization1.yml	true	unknown	3.026498	3.0400694429990835	78.778368
float-nonlinear-calculation/Optimization2.yml	true	unknown	3.041469	3.0622712910007976	77.828096
float-nonlinear-calculation/Optimization3.yml	true	true	2.249988	2.261547114001587	78.102528
float-nonlinear-calculation/Optimization4.yml	true	unknown	2.276305	2.31202488100098	77.869056
float-nonlinear-calculation/Optimization5.yml	true	unknown	2.354245	2.3672085420002986	77.963264
float-nonlinear-calculation/Optimization6.yml	true	unknown	2.890359	2.90205278600115	78.069760
float-nonlinear-calculation/PartitionEx.yml	true	true	2.322628	2.342166956001165	78.082048
float-nonlinear-calculation/TurnLogic.yml	true	true	1.678902	1.7188821909985563	54.730752
float-nonlinear-calculation/coral1.yml	true	unknown	2.238284	2.251650056998187	77.856768
float-nonlinear-calculation/coral10.yml	true	unknown	2.970227	2.9780088490006165	78.598144
float-nonlinear-calculation/coral11.yml	true	unknown	2.977174	2.99070218199995	78.147584
float-nonlinear-calculation/coral12.yml	true	unknown	2.261433	2.306985691000591	78.561280
float-nonlinear-calculation/coral13.yml	true	unknown	2.295018	2.3061236380017363	77.901824
float-nonlinear-calculation/coral14.yml	true	unknown	2.950241	2.9751551280023705	79.429632
float-nonlinear-calculation/coral15.yml	true	unknown	2.34265	2.39312828599941	80.982016
float-nonlinear-calculation/coral16.yml	true	true	3.052846	3.0633896099971025	78.311424
float-nonlinear-calculation/coral17.yml	true	unknown	2.267886	2.279696816000069	77.901824
float-nonlinear-calculation/coral18.yml	true	unknown	2.223344	2.257798283997545	78.958592
float-nonlinear-calculation/coral19.yml	true	unknown	3.019046	3.0270408110009157	81.547264
float-nonlinear-calculation/coral2.yml	true	unknown	3.006576	3.0174123800024972	79.572992
float-nonlinear-calculation/coral20.yml	true	unknown	2.362941	2.3718823390008765	78.536704
float-nonlinear-calculation/coral21.yml	true	unknown	2.253801	2.2975900850033213	78.503936
float-nonlinear-calculation/coral22.yml	true	unknown	2.875586	2.8993595889987773	78.258176
float-nonlinear-calculation/coral23.yml	true	true	2.318726	2.332338455998979	77.733888
float-nonlinear-calculation/coral26.yml	true	true	2.979852	2.991147093998734	78.106624
float-nonlinear-calculation/coral27.yml	true	unknown	2.330894	2.3681606350000948	78.143488
float-nonlinear-calculation/coral28.yml	true	unknown	2.379529	2.387047749998601	77.774848
float-nonlinear-calculation/coral29.yml	true	unknown	3.017995	3.029482286001439	77.721600
float-nonlinear-calculation/coral3.yml	true	true	3.019062	3.0270400810004503	77.971456
float-nonlinear-calculation/coral30.yml	true	unknown	2.208826	2.2627928020010586	54.149120
float-nonlinear-calculation/coral31.yml	true	true	2.363641	2.376407522999216	77.676544
float-nonlinear-calculation/coral32.yml	true	unknown	3.128083	3.147895428002812	81.358848
float-nonlinear-calculation/coral33.yml	true	unknown	2.262049	2.299902007001947	78.123008
float-nonlinear-calculation/coral34.yml	true	unknown	3.130435	3.1438695059987367	78.192640
float-nonlinear-calculation/coral35.yml	true	unknown	2.296067	2.309418544999062	78.036992
float-nonlinear-calculation/coral36.yml	true	unknown	2.161872	2.214981124998303	54.595584
float-nonlinear-calculation/coral38.yml	true	unknown	2.986669	2.9977567399982945	77.922304
float-nonlinear-calculation/coral39.yml	true	unknown	3.077856	3.0899614739973913	78.118912
float-nonlinear-calculation/coral4.yml	true	unknown	2.26851	2.2803811349986063	77.234176
float-nonlinear-calculation/coral40.yml	true	unknown	2.220332	2.263028209999902	79.450112
float-nonlinear-calculation/coral41.yml	true	unknown	2.988245	3.0100685880024685	79.544320
float-nonlinear-calculation/coral42.yml	true	unknown	2.341882	2.3473394339998777	77.959168
float-nonlinear-calculation/coral43.yml	true	unknown	2.953492	2.9668565200008743	77.963264
float-nonlinear-calculation/coral44.yml	true	unknown	2.208501	2.2507836660006433	78.135296
float-nonlinear-calculation/coral45.yml	true	unknown	2.372998	2.3867393550026463	84.074496
float-nonlinear-calculation/coral46.yml	true	unknown	2.304936	2.342341106003005	78.462976
float-nonlinear-calculation/coral48.yml	true	true	2.958332	2.969881324999733	77.705216
float-nonlinear-calculation/coral49.yml	true	unknown	2.967139	2.9860796299981303	78.004224
float-nonlinear-calculation/coral5.yml	true	true	2.314222	2.3270879499978037	78.278656
float-nonlinear-calculation/coral50.yml	true	unknown	2.276809	2.318619020999904	80.801792
float-nonlinear-calculation/coral51.yml	true	unknown	3.008955	3.0219753439996566	78.450688
float-nonlinear-calculation/coral52.yml	true	unknown	3.05778	3.06833940299839	84.963328
float-nonlinear-calculation/coral53.yml	true	unknown	2.262355	2.2748174900007143	78.516224
float-nonlinear-calculation/coral54.yml	true	unknown	2.263846	2.3066578209982254	78.237696
float-nonlinear-calculation/coral55.yml	true	true	2.923066	2.935850398000184	77.676544
float-nonlinear-calculation/coral56.yml	true	true	2.273686	2.284463232001144	78.700544
float-nonlinear-calculation/coral57.yml	true	true	3.095135	3.1171219759999076	80.338944
float-nonlinear-calculation/coral58.yml	true	true	2.25235	2.2940381610023906	78.049280
float-nonlinear-calculation/coral59.yml	true	true	2.352914	2.3624113709993253	77.893632
float-nonlinear-calculation/coral6.yml	true	unknown	2.992171	3.0072467409991077	81.403904
float-nonlinear-calculation/coral60.yml	true	true	2.314312	2.3574977700009185	78.315520
float-nonlinear-calculation/coral61.yml	true	true	3.061884	3.07466564599963	85.540864
float-nonlinear-calculation/coral62.yml	true	true	2.299742	2.3122318819987413	79.020032
float-nonlinear-calculation/coral63.yml	true	true	2.326778	2.3684635070021614	78.479360
float-nonlinear-calculation/coral64.yml	true	true	2.989458	3.000523197999428	78.110720
float-nonlinear-calculation/coral65.yml	true	true	2.998503	3.0016276609967463	78.036992
float-nonlinear-calculation/coral66.yml	true	true	2.282641	2.2966913290001685	79.065088
float-nonlinear-calculation/coral67.yml	true	true	2.283701	2.3371142180003517	82.022400
float-nonlinear-calculation/coral68.yml	true	true	2.940414	2.955681937000918	78.786560
float-nonlinear-calculation/coral69.yml	true	true	2.417143	2.43007092499829	78.716928
float-nonlinear-calculation/coral71.yml	true	unknown	3.017786	3.025365855999553	77.639680
float-nonlinear-calculation/coral72.yml	true	unknown	2.314545	2.360325189001742	78.544896
float-nonlinear-calculation/coral73.yml	true	unknown	3.086688	3.1014900930022122	78.962688
float-nonlinear-calculation/coral74.yml	true	unknown	2.298424	2.307889558996976	78.663680
float-nonlinear-calculation/coral75.yml	true	unknown	3.093527	3.104200760000822	78.278656
float-nonlinear-calculation/coral76.yml	true	true	2.245292	2.282679027000995	77.901824
float-nonlinear-calculation/coral77.yml	true	true	2.348991	2.360956955999427	77.668352
float-nonlinear-calculation/coral79.yml	true	true	2.947625	2.969897220002167	77.787136
float-nonlinear-calculation/coral80.yml	true	true	2.238219	2.281996182999137	77.213696
float-nonlinear-calculation/coral81.yml	true	unknown	2.966458	2.975553085001593	78.258176
float-nonlinear-calculation/coral84.yml	true	unknown	2.286874	2.2981580960004067	78.409728
float-nonlinear-calculation/coral9.yml	true	unknown	2.305387	2.3505130520024977	78.462976
float-nonlinear-calculation/coral91.yml	true	true	2.470853	2.4795546140012448	78.516224
