tool		SPF Thursday 21 August 2025 11:10:18 PM IST	SPF Thursday 21 August 2025 11:10:18 PM IST	SPF Thursday 21 August 2025 11:10:18 PM IST	SPF Thursday 21 August 2025 11:10:18 PM IST
run set		SV-COMP25_assert_java.ReachSafety-Java	SV-COMP25_assert_java.ReachSafety-Java	SV-COMP25_assert_java.ReachSafety-Java	SV-COMP25_assert_java.ReachSafety-Java
sv-benchmarks/java/		status	cputime (s)	walltime (s)	memory (MB)
jayhorn-recursive/Ackermann01.yml	false	false	2.207078	2.3629248599991115	83.316736
jayhorn-recursive/Addition.yml	true	true	2.493558	2.6319085439990886	86.622208
jayhorn-recursive/InfiniteLoop.yml	false	false	2.153187	2.4626320080005826	78.585856
jayhorn-recursive/SatAckermann01.yml	true	true	19.787555	25.12864381700092	159.535104
jayhorn-recursive/SatAckermann02.yml	true	true	19.138802	23.4406794610004	158.220288
jayhorn-recursive/SatAckermann03.yml	true	true	19.512674	23.64445797299959	156.811264
jayhorn-recursive/SatAddition01.yml	true	true	2.440313	2.684109953999723	80.023552
jayhorn-recursive/SatEvenOdd01.yml	true	true	2.365368	2.513408808999884	79.650816
jayhorn-recursive/SatFibonacci01.yml	true	true	3.439557	4.183391959999426	103.067648
jayhorn-recursive/SatFibonacci02.yml	true	true	2.097826	2.303876140000284	53.948416
jayhorn-recursive/SatFibonacci03.yml	true	true	4.103644	5.2898745050006255	113.004544
jayhorn-recursive/SatGcd.yml	true	TIMEOUT	835.492756	931.0036510749997	134.299648
jayhorn-recursive/SatHanoi01.yml	true	true	8.552711	10.065330035999068	162.234368
jayhorn-recursive/SatMccarthy91.yml	true	true	102.932982	114.1511095700007	186.392576
jayhorn-recursive/SatMultCommutative01.yml	true	true	2.833077	3.677347181999721	80.769024
jayhorn-recursive/SatPrimes01.yml	true	unknown	474.890483	585.4227349299999	214.392832
jayhorn-recursive/UnsatAckermann01.yml	false	false	2.420592	2.8802312730003905	82.702336
jayhorn-recursive/UnsatAddition01.yml	false	false	2.323711	2.5546167259999493	78.581760
jayhorn-recursive/UnsatAddition02.yml	false	true	2.693641	3.0609508939996886	80.879616
jayhorn-recursive/UnsatEvenOdd01.yml	false	false	2.190834	2.540400675001365	78.639104
jayhorn-recursive/UnsatFibonacci01.yml	false	false	2.323293	2.932836360001602	80.130048
jayhorn-recursive/UnsatFibonacci02.yml	false	false	3.023612	3.5734257780004555	99.536896
jayhorn-recursive/UnsatMccarthy91.yml	false	false	2.234813	2.7430792979994294	79.462400
jbmc-regression/ArithmeticException1.yml	false	false	2.218706	2.439555360000668	78.413824
jbmc-regression/ArithmeticException5.yml	true	true	2.069638	2.6380789989998448	53.231616
jbmc-regression/ArithmeticException6.yml	false	false	2.335178	3.176862901998902	79.106048
jbmc-regression/ArrayIndexOutOfBoundsException1.yml	false	false	2.385577	3.268219166000563	79.351808
jbmc-regression/ArrayIndexOutOfBoundsException2.yml	false	false	2.309257	2.952319730999079	81.887232
jbmc-regression/ArrayIndexOutOfBoundsException3.yml	false	false	2.410436	3.1262476769989007	81.346560
jbmc-regression/BufferedReaderReadLine.yml	false	false	2.327351	2.5630175980004424	79.106048
jbmc-regression/CharSequenceBug.yml	false	false	2.29865	2.742517349000991	78.069760
jbmc-regression/CharSequenceToString.yml	true	false	2.240126	2.6358778630001325	78.856192
jbmc-regression/ClassCastException1.yml	false	false	2.05481	2.2173695330002374	53.452800
jbmc-regression/ClassCastException2.yml	true	true	1.963558	2.391091587000119	54.419456
jbmc-regression/ClassCastException3.yml	false	false	2.014745	2.5401992440001777	53.776384
jbmc-regression/Class_method1.yml	true	true	2.069447	2.3977928280000924	53.452800
jbmc-regression/Inheritance1.yml	true	true	2.162694	2.863131643000088	55.058432
jbmc-regression/NegativeArraySizeException1.yml	false	false	1.99332	2.453962221999973	53.071872
jbmc-regression/NegativeArraySizeException2.yml	false	false	2.201434	3.3262437350003893	53.698560
jbmc-regression/NullPointerException1.yml	true	true	2.049167	2.356684796999616	54.661120
jbmc-regression/NullPointerException2.yml	false	false	2.214627	2.882340951000515	52.645888
jbmc-regression/NullPointerException3.yml	false	false	2.011435	2.3045905140006653	54.730752
jbmc-regression/NullPointerException4.yml	false	false	2.111966	2.631697685999825	54.566912
jbmc-regression/RegexMatches01.yml	true	true	2.123954	2.45238527499896	54.558720
jbmc-regression/RegexMatches02.yml	false	true	2.289095	3.109160541000165	55.013376
jbmc-regression/RegexSubstitution01.yml	true	true	2.255383	3.041006433999428	56.762368
jbmc-regression/RegexSubstitution02.yml	false	unknown	2.194757	2.598409529999117	56.823808
jbmc-regression/RegexSubstitution03.yml	true	true	2.132327	2.362359493999975	52.932608
jbmc-regression/StaticCharMethods01.yml	true	true	2.030468	2.3476362399997015	53.137408
jbmc-regression/StaticCharMethods02.yml	false	false	2.264176	3.0303709609997895	79.126528
jbmc-regression/StaticCharMethods03.yml	false	false	2.398299	3.5655792119996477	79.904768
jbmc-regression/StaticCharMethods04.yml	false	false	2.101064	2.744284537000567	54.718464
jbmc-regression/StaticCharMethods05.yml	false	unknown	2.306617	2.844846748999771	53.813248
jbmc-regression/StaticCharMethods06.yml	true	true	2.38208	3.301364945000387	80.318464
jbmc-regression/StringBuilderAppend01.yml	true	true	2.214924	2.6775633500001277	53.477376
jbmc-regression/StringBuilderAppend02.yml	false	unknown	2.29438	2.5991153809991374	53.841920
jbmc-regression/StringBuilderCapLen01.yml	true	true	2.247117	2.8054778640016593	56.086528
jbmc-regression/StringBuilderCapLen02.yml	false	false	2.217555	2.73742884999956	57.135104
jbmc-regression/StringBuilderCapLen03.yml	false	unknown	2.140411	2.5989608469990344	54.960128
jbmc-regression/StringBuilderCapLen04.yml	false	unknown	2.017504	2.2967686030006007	53.846016
jbmc-regression/StringBuilderChars01.yml	true	true	2.13177	2.67141012600041	53.481472
jbmc-regression/StringBuilderChars02.yml	false	false	2.245624	3.028563943998961	57.962496
jbmc-regression/StringBuilderChars03.yml	false	unknown	2.052611	2.625809617999039	57.135104
jbmc-regression/StringBuilderChars04.yml	false	unknown	2.124311	2.766070822999609	54.870016
jbmc-regression/StringBuilderChars05.yml	false	unknown	2.153098	2.868489956999838	53.723136
jbmc-regression/StringBuilderChars06.yml	false	unknown	2.072401	2.233628089999911	54.714368
jbmc-regression/StringBuilderConstructors01.yml	true	unknown	2.279164	2.6840440630003286	78.655488
jbmc-regression/StringBuilderConstructors02.yml	false	unknown	2.229371	3.100579940000898	55.377920
jbmc-regression/StringBuilderInsertDelete01.yml	true	true	2.152705	2.35150038699976	54.292480
jbmc-regression/StringBuilderInsertDelete02.yml	false	unknown	2.199434	2.688241324000046	54.398976
jbmc-regression/StringBuilderInsertDelete03.yml	false	unknown	2.180078	2.4972711480004364	53.891072
jbmc-regression/StringCompare01.yml	true	true	2.19678	2.922657570999945	53.088256
jbmc-regression/StringCompare02.yml	false	unknown	2.183118	2.7497742340001423	54.632448
jbmc-regression/StringCompare03.yml	false	unknown	2.149019	2.7780920389996027	53.415936
jbmc-regression/StringCompare04.yml	false	unknown	2.133962	2.6784410569998727	53.018624
jbmc-regression/StringCompare05.yml	false	false	2.108649	2.426218324000729	54.370304
jbmc-regression/StringConcatenation01.yml	true	false	2.411632	3.2146740059997683	58.023936
jbmc-regression/StringConcatenation02.yml	false	false	2.288675	3.1895494220007095	57.815040
jbmc-regression/StringConcatenation03.yml	false	false	2.341334	3.063183811000272	56.971264
jbmc-regression/StringConcatenation04.yml	false	false	2.472452	3.1998949959997844	57.905152
jbmc-regression/StringConstructors01.yml	true	true	2.233727	2.863388160998511	53.264384
jbmc-regression/StringConstructors02.yml	false	false	2.245745	2.3448952520011517	59.129856
jbmc-regression/StringConstructors03.yml	false	false	2.152544	2.6385085099991556	58.150912
jbmc-regression/StringConstructors04.yml	false	false	2.040065	2.7347705910015065	57.704448
jbmc-regression/StringConstructors05.yml	false	false	2.056316	2.5425452910003514	59.961344
jbmc-regression/StringContains01.yml	false	false	2.143365	2.2829727869993803	57.937920
jbmc-regression/StringContains02.yml	false	false	2.051547	2.318192144999557	57.204736
jbmc-regression/StringIndexMethods01.yml	true	true	2.115314	2.8840202689989383	54.812672
jbmc-regression/StringIndexMethods02.yml	false	false	2.244175	3.113058564000312	78.745600
jbmc-regression/StringIndexMethods03.yml	false	false	2.250127	2.6163566569994146	78.872576
jbmc-regression/StringIndexMethods04.yml	false	false	2.181032	2.9017579149985977	79.945728
jbmc-regression/StringIndexMethods05.yml	false	false	2.184819	2.6198188990001654	79.749120
jbmc-regression/StringMiscellaneous01.yml	true	true	2.289622	2.9937364569996134	53.665792
jbmc-regression/StringMiscellaneous02.yml	false	false	2.336263	2.870510161999846	78.995456
jbmc-regression/StringMiscellaneous03.yml	false	false	2.500348	3.456326491001164	80.228352
jbmc-regression/StringMiscellaneous04.yml	true	true	2.265434	3.213381194000249	53.014528
jbmc-regression/StringStartEnd01.yml	true	true	2.130324	2.628088587998718	53.477376
jbmc-regression/StringStartEnd02.yml	false	false	2.212014	2.89403214900085	58.425344
jbmc-regression/StringStartEnd03.yml	false	false	2.209185	3.0089314520009793	58.515456
jbmc-regression/StringValueOf01.yml	true	true	2.134789	2.8362120390011114	53.792768
jbmc-regression/StringValueOf02.yml	false	false	2.133455	2.4660484479991283	53.182464
jbmc-regression/StringValueOf03.yml	false	false	2.179874	2.7810730539986253	53.481472
jbmc-regression/StringValueOf04.yml	false	false	2.286835	3.161619714999688	58.130432
jbmc-regression/StringValueOf05.yml	false	false	2.435296	2.9978188929999305	80.064512
jbmc-regression/StringValueOf06.yml	false	false	2.207049	2.683411640000486	57.720832
jbmc-regression/StringValueOf07.yml	false	unknown	2.178504	2.659840260001147	53.960704
jbmc-regression/StringValueOf08.yml	false	unknown	2.24681	2.8509574479994626	53.710848
jbmc-regression/StringValueOf09.yml	false	unknown	2.0095	2.4137015369997243	55.062528
jbmc-regression/StringValueOf10.yml	false	false	2.029096	2.4179883659999177	57.499648
jbmc-regression/SubString01.yml	true	true	2.008488	2.1896708509993914	53.579776
jbmc-regression/SubString02.yml	false	false	1.950153	2.113083905998792	58.290176
jbmc-regression/SubString03.yml	false	false	2.127472	2.255989186000079	57.466880
jbmc-regression/TokenTest01.yml	true	true	1.996391	2.4088834100002714	54.521856
jbmc-regression/TokenTest02.yml	false	unknown	2.082884	2.594764026000121	54.632448
jbmc-regression/Validate01.yml	true	true	2.124702	2.986897606000639	53.805056
jbmc-regression/Validate02.yml	false	unknown	2.042675	2.651933334000205	54.829056
jbmc-regression/aastore_aaload1.yml	true	true	568.758364	660.7985835489999	127.336448
jbmc-regression/array1.yml	true	true	2.358318	3.0319329040012235	79.978496
jbmc-regression/array2.yml	true	true	2.244686	3.0742754669990973	79.208448
jbmc-regression/arraylength1.yml	true	true	2.281998	2.959077642999546	80.084992
jbmc-regression/arrayread1.yml	true	true	2.142658	2.6813670080009615	79.024128
jbmc-regression/assert1.yml	true	true	2.343409	3.0655791089993727	78.467072
jbmc-regression/assert2.yml	false	false	2.179159	2.63412839800003	79.138816
jbmc-regression/assert3.yml	false	false	2.275971	3.120056289000786	84.439040
jbmc-regression/assert4.yml	false	false	2.232338	3.02918807900096	79.224832
jbmc-regression/assert5.yml	true	true	2.234087	2.826532798999324	79.589376
jbmc-regression/assert6.yml	true	true	2.334101	3.0285319649992744	78.909440
jbmc-regression/astore_aload1.yml	true	true	2.184221	2.7556452359985997	53.157888
jbmc-regression/athrow1.yml	false	false	2.186252	3.204941379999582	56.864768
jbmc-regression/basic1.yml	true	true	2.004719	2.198861888000465	54.812672
jbmc-regression/bitwise1.yml	true	true	2.088991	2.6073529359982786	81.674240
jbmc-regression/boolean1.yml	true	true	2.04547	2.437625286000184	78.581760
jbmc-regression/boolean2.yml	true	true	2.150004	2.8590019359999133	82.681856
jbmc-regression/bug-test-gen-095.yml	false	false	2.094567	2.890478108000025	62.173184
jbmc-regression/bug-test-gen-119-2.yml	true	true	1.96634	2.3824009359996126	52.961280
jbmc-regression/bug-test-gen-119.yml	true	false	2.286926	3.121329675999732	80.437248
jbmc-regression/calc.yml	true	true	144.837188	176.79090366000128	125.648896
jbmc-regression/cast1.yml	true	true	2.252925	2.964551618999394	80.171008
jbmc-regression/catch1.yml	true	true	1.902254	2.4050640250006836	54.259712
jbmc-regression/char1.yml	true	true	2.297419	3.0747859950006386	78.061568
jbmc-regression/charArray.yml	true	unknown	2.320564	3.2815113449996716	77.836288
jbmc-regression/classtest1.yml	true	true	2.016541	2.6633050719992752	52.359168
jbmc-regression/const1.yml	true	true	2.079769	2.6595604029989772	53.374976
jbmc-regression/constructor1.yml	true	true	2.079765	2.7670459979999578	53.919744
jbmc-regression/enum1.yml	true	true	2.176391	2.4851641719997133	53.014528
jbmc-regression/exceptions1.yml	false	false	2.118906	2.6272539959991263	53.317632
jbmc-regression/exceptions10.yml	false	false	2.033456	2.4337426649999543	52.637696
jbmc-regression/exceptions11.yml	false	false	2.030291	2.343331312000373	54.169600
jbmc-regression/exceptions12.yml	false	false	1.951305	2.666595488999519	52.989952
jbmc-regression/exceptions13.yml	false	false	1.887881	2.3017017459987983	52.793344
jbmc-regression/exceptions14.yml	true	true	1.859341	2.6092007989991544	52.875264
jbmc-regression/exceptions15.yml	true	true	1.921192	2.195793761000459	53.202944
jbmc-regression/exceptions16.yml	false	false	2.01591	2.635995523998645	54.337536
jbmc-regression/exceptions18.yml	true	true	2.042118	2.700663790999897	53.690368
jbmc-regression/exceptions2.yml	false	false	2.009241	2.5643160689996876	53.387264
jbmc-regression/exceptions3.yml	false	false	2.003398	2.7455458900003578	53.612544
jbmc-regression/exceptions4.yml	true	true	2.094515	2.631277147000219	55.713792
jbmc-regression/exceptions5.yml	true	true	2.090563	2.5720524259995727	53.256192
jbmc-regression/exceptions6.yml	false	false	2.004649	2.5725906629995734	53.276672
jbmc-regression/exceptions7.yml	false	false	2.114674	2.7035901180006476	53.960704
jbmc-regression/exceptions8.yml	false	false	2.22299	3.2865153170005215	53.035008
jbmc-regression/exceptions9.yml	true	true	1.984272	2.4184905900001468	53.821440
jbmc-regression/fcmpx_dcmpx1.yml	true	true	1.975421	2.6255122660004417	53.149696
jbmc-regression/iarith1.yml	true	true	2.008344	2.415196879999712	53.866496
jbmc-regression/iarith2.yml	true	true	1.847499	2.0143113379999704	52.899840
jbmc-regression/if_acmp1.yml	true	true	1.902172	2.4450460400003067	53.526528
jbmc-regression/if_expr1.yml	true	true	2.105625	2.6878618150003604	79.851520
jbmc-regression/if_icmp1.yml	true	true	2.110644	2.8601994330001617	79.261696
jbmc-regression/ifxx1.yml	true	true	1.837963	2.2312390970000706	52.785152
jbmc-regression/instanceof1.yml	true	true	1.907084	2.4893821839996235	53.362688
jbmc-regression/instanceof2.yml	true	true	1.836309	2.211140835999686	53.968896
jbmc-regression/instanceof3.yml	true	true	1.896838	2.15713387300093	53.923840
jbmc-regression/instanceof4.yml	true	true	1.951372	2.550104312000258	53.420032
jbmc-regression/instanceof5.yml	true	true	2.005602	2.553491851000217	54.001664
jbmc-regression/instanceof6.yml	true	true	1.934101	2.3555306140005996	53.133312
jbmc-regression/instanceof7.yml	true	true	2.001102	2.3402854570013005	53.518336
jbmc-regression/instanceof8.yml	true	true	2.02916	2.408069932000217	53.161984
jbmc-regression/interface1.yml	false	false	2.007884	2.270366976999867	53.747712
jbmc-regression/java_append_char.yml	false	false	2.125043	2.750729951001631	79.081472
jbmc-regression/lazyloading4.yml	true	true	1.936445	2.1487980789988796	53.542912
jbmc-regression/list1.yml	true	true	112.820928	142.0421542460008	162.971648
jbmc-regression/long1.yml	true	true	1.852288	2.116282097998919	53.735424
jbmc-regression/lookupswitch1.yml	true	true	2.230544	2.9231888089998392	78.807040
jbmc-regression/multinewarray.yml	true	true	1.92787	2.496160083999712	53.301248
jbmc-regression/overloading1.yml	true	true	1.900385	2.1896477620011865	53.637120
jbmc-regression/package1.yml	true	true	1.906636	2.3403725789994496	53.293056
jbmc-regression/putfield_getfield1.yml	true	true	1.905857	2.2733732470005634	53.768192
jbmc-regression/putstatic_getstatic1.yml	true	true	1.897403	2.0735704329999862	54.247424
jbmc-regression/recursion2.yml	true	true	1.969213	2.5751714130001346	53.817344
jbmc-regression/return1.yml	false	false	2.010544	2.4389912690003257	52.924416
jbmc-regression/return2.yml	false	false	2.233256	2.593699461998767	86.786048
jbmc-regression/store_load1.yml	true	true	2.06581	2.6607906550016196	58.163200
jbmc-regression/swap1.yml	true	true	1.959989	2.1901068590013892	54.210560
jbmc-regression/synchronized.yml	true	true	1.951021	2.3584410509993177	53.059584
jbmc-regression/tableswitch1.yml	true	true	2.259925	2.8926236079987575	79.691776
jbmc-regression/uninitialised1.yml	true	true	2.021446	2.8577275490006286	53.538816
jbmc-regression/virtual1.yml	true	true	1.854208	2.0931347790010477	54.251520
jbmc-regression/virtual2.yml	false	false	1.887416	2.232803505999982	55.255040
jbmc-regression/virtual4.yml	true	true	1.904962	2.726165410000249	54.915072
jbmc-regression/virtual_function_unwinding.yml	true	true	1.989364	2.8978818920004414	54.493184
jpf-regression/ExDarko_false.yml	false	false	2.302995	2.8655491859990434	78.987264
jpf-regression/ExDarko_true.yml	true	true	2.174909	2.5034635419997358	79.351808
jpf-regression/ExException_false.yml	false	false	2.320275	3.4788525410003786	78.368768
jpf-regression/ExException_true.yml	true	true	2.224415	2.673261679999996	78.614528
jpf-regression/ExGenSymExe_false.yml	false	false	2.04773	2.551094895999995	53.477376
jpf-regression/ExGenSymExe_true.yml	true	true	2.098978	2.677462399000433	52.707328
jpf-regression/ExLazy_false.yml	false	false	2.16346	2.620091720000346	78.315520
jpf-regression/ExLazy_true.yml	true	true	2.034107	2.3504644249987905	79.761408
jpf-regression/ExMIT_false.yml	false	false	2.089558	2.895650200998716	78.524416
jpf-regression/ExMIT_true.yml	true	true	2.084994	2.475533118000385	79.912960
jpf-regression/ExSymExe10_false.yml	false	false	2.015024	2.2335299490005127	79.241216
jpf-regression/ExSymExe10_true.yml	true	true	2.208597	2.909064555000441	79.474688
jpf-regression/ExSymExe11_false.yml	false	false	1.922334	2.217709759999707	55.422976
jpf-regression/ExSymExe11_true.yml	true	true	2.154693	2.9201331260010193	79.564800
jpf-regression/ExSymExe12_false.yml	false	false	2.179712	2.7134213900008035	80.695296
jpf-regression/ExSymExe12_true.yml	true	true	2.222899	3.1433232219987985	81.346560
jpf-regression/ExSymExe13_false.yml	false	false	2.235556	3.1135790969983645	80.203776
jpf-regression/ExSymExe13_true.yml	true	true	2.201829	2.989196328999242	78.860288
jpf-regression/ExSymExe14_false.yml	false	false	2.270418	2.939186781999524	81.248256
jpf-regression/ExSymExe14_true.yml	true	true	2.206393	3.04892911800016	79.667200
jpf-regression/ExSymExe15_false.yml	false	false	2.132973	2.7012367820007057	77.656064
jpf-regression/ExSymExe15_true.yml	true	true	2.229666	3.0070964349997666	78.249984
jpf-regression/ExSymExe16_false.yml	false	false	1.953217	2.4977062189991557	52.977664
jpf-regression/ExSymExe16_true.yml	true	true	1.901857	2.150392474999535	52.645888
jpf-regression/ExSymExe17_false.yml	false	false	1.870982	2.20662745700065	53.186560
jpf-regression/ExSymExe17_true.yml	true	true	1.8644	2.178352380000433	53.526528
jpf-regression/ExSymExe18_false.yml	false	false	2.015686	2.277380452000216	78.045184
jpf-regression/ExSymExe18_true.yml	true	true	2.026589	2.676774724999632	55.586816
jpf-regression/ExSymExe19_false.yml	false	false	2.183236	2.6363355760004197	78.823424
jpf-regression/ExSymExe19_true.yml	true	true	5.303731	6.791250922000472	115.523584
jpf-regression/ExSymExe1_false.yml	false	false	2.810256	3.7950903700002527	113.811456
jpf-regression/ExSymExe1_true.yml	true	true	2.032252	2.5642032449995895	53.121024
jpf-regression/ExSymExe20_false.yml	false	false	7.803108	9.045449509001628	158.183424
jpf-regression/ExSymExe20_true.yml	true	true	2.12058	2.504839716999413	52.834304
jpf-regression/ExSymExe21_false.yml	false	false	2.676939	3.412227859998893	115.814400
jpf-regression/ExSymExe21_true.yml	true	true	2.073939	2.6691138180012786	53.239808
jpf-regression/ExSymExe25_false.yml	false	false	2.064439	2.389940805000151	81.252352
jpf-regression/ExSymExe25_true.yml	true	true	1.793098	2.11564905799969	54.697984
jpf-regression/ExSymExe26_false.yml	false	false	3.274811	4.310858251999889	116.965376
jpf-regression/ExSymExe26_true.yml	true	true	1.813036	2.1052992240001913	53.305344
jpf-regression/ExSymExe27_false.yml	false	false	2.080795	2.7606385439994483	78.163968
jpf-regression/ExSymExe27_true.yml	true	true	1.877924	2.2419328890009638	54.661120
jpf-regression/ExSymExe28_false.yml	false	false	2.174003	2.730085698000039	78.585856
jpf-regression/ExSymExe28_true.yml	true	true	2.096155	2.8274760299991613	54.419456
jpf-regression/ExSymExe29_false.yml	false	false	3.449086	4.208511807000832	164.749312
jpf-regression/ExSymExe29_true.yml	true	true	2.026608	2.6130036920003477	53.653504
jpf-regression/ExSymExe2_false.yml	false	false	2.891787	3.512373382000078	117.743616
jpf-regression/ExSymExe2_true.yml	true	true	1.962078	2.271959425001114	52.916224
jpf-regression/ExSymExe3_false.yml	false	false	2.195337	2.918585882000116	81.649664
jpf-regression/ExSymExe3_true.yml	true	true	2.056116	2.469957848999911	52.641792
jpf-regression/ExSymExe4_false.yml	false	false	4.304546	5.0690828890001285	120.528896
jpf-regression/ExSymExe4_true.yml	true	true	2.003933	2.3379317600010836	53.268480
jpf-regression/ExSymExe5_false.yml	false	false	2.03284	2.3786221409991413	80.150528
jpf-regression/ExSymExe5_true.yml	true	true	1.88149	2.3244150950013136	54.288384
jpf-regression/ExSymExe6_false.yml	false	false	2.101158	2.537413968000692	79.982592
jpf-regression/ExSymExe6_true.yml	true	true	1.984174	2.5480776659987896	53.047296
jpf-regression/ExSymExe7_false.yml	false	false	2.270913	2.7549244579986407	108.167168
jpf-regression/ExSymExe7_true.yml	true	true	2.773453	3.5343790690003516	126.611456
jpf-regression/ExSymExe8_false.yml	false	false	2.773524	3.4264113640001597	117.551104
jpf-regression/ExSymExe8_true.yml	true	true	1.971777	2.5053973470003257	54.321152
jpf-regression/ExSymExe9_false.yml	false	false	2.050923	2.9606693030000315	54.018048
jpf-regression/ExSymExe9_true.yml	true	true	1.908222	2.21458973100016	53.248000
jpf-regression/ExSymExeArrays_false.yml	false	false	2.04129	2.6297745169995324	53.415936
jpf-regression/ExSymExeArrays_true.yml	true	true	1.957839	2.5549665549988276	53.178368
jpf-regression/ExSymExeBool_false.yml	false	false	2.014168	2.4033857900012663	54.210560
jpf-regression/ExSymExeBool_true.yml	true	true	2.014583	2.7065137770005094	55.259136
jpf-regression/ExSymExeComplexMath_false.yml	false	false	1.943835	2.2873132089989667	53.239808
jpf-regression/ExSymExeComplexMath_true.yml	true	true	2.024114	2.3894070829992415	54.960128
jpf-regression/ExSymExeD2I_false.yml	false	false	1.936441	2.4239504510005645	53.514240
jpf-regression/ExSymExeD2I_true.yml	true	true	2.069462	2.5032505559993297	78.151680
jpf-regression/ExSymExeD2L_false.yml	false	true	2.101285	2.703009236998696	78.946304
jpf-regression/ExSymExeD2L_true.yml	true	true	2.253016	3.130405525000242	78.745600
jpf-regression/ExSymExeF2I_false.yml	false	false	2.014168	2.90374742899985	54.013952
jpf-regression/ExSymExeF2I_true.yml	true	true	2.106134	2.3770361710012367	77.975552
jpf-regression/ExSymExeF2L_false.yml	false	true	2.230247	2.948242336000476	78.602240
jpf-regression/ExSymExeF2L_true.yml	true	true	2.026875	2.547541412999635	77.463552
jpf-regression/ExSymExeFNEG_false.yml	false	true	2.142946	2.8255852070014953	77.586432
jpf-regression/ExSymExeFNEG_true.yml	true	true	2.25626	2.854307466001046	78.876672
jpf-regression/ExSymExeGetStatic_false.yml	false	false	2.0159	2.3802819370012003	55.005184
jpf-regression/ExSymExeGetStatic_true.yml	true	true	2.011937	2.493485409000641	53.448704
jpf-regression/ExSymExeI2D_false.yml	false	true	2.203771	2.6357139389983786	79.208448
jpf-regression/ExSymExeI2D_true.yml	true	true	2.344947	2.8761059400003433	114.130944
jpf-regression/ExSymExeI2F_false.yml	false	false	1.937712	2.084783521000645	53.268480
jpf-regression/ExSymExeI2F_true.yml	true	true	2.096015	2.7014699810006277	79.179776
jpf-regression/ExSymExeLCMP_false.yml	false	false	2.119343	2.4538541559995792	79.425536
jpf-regression/ExSymExeLCMP_true.yml	true	true	2.066998	2.4664357989986456	78.893056
jpf-regression/ExSymExeLongBytecodes_false.yml	false	false	2.07923	2.528499763999207	79.048704
jpf-regression/ExSymExeLongBytecodes_true.yml	true	true	2.18726	2.6147938599988265	80.953344
jpf-regression/ExSymExeResearch_false.yml	false	false	2.156447	3.2449339700015116	80.670720
jpf-regression/ExSymExeResearch_true.yml	true	true	2.300061	2.7525079030001507	79.360000
jpf-regression/ExSymExeSimple_false.yml	false	false	2.207754	2.576281065999865	79.863808
jpf-regression/ExSymExeSimple_true.yml	true	true	2.123944	2.8234183939985087	79.069184
jpf-regression/ExSymExeSuzette_false.yml	false	false	2.186548	3.025374978999025	78.217216
jpf-regression/ExSymExeSuzette_true.yml	true	true	2.198272	2.511676508000164	80.183296
jpf-regression/ExSymExeSwitch_false.yml	false	false	2.087087	2.580006662001324	79.253504
jpf-regression/ExSymExeSwitch_true.yml	true	true	2.113913	2.502803565999784	78.598144
jpf-regression/ExSymExeTestAssignments_false.yml	false	false	2.091653	2.5487981909991504	79.187968
jpf-regression/ExSymExeTestAssignments_true.yml	true	true	2.04065	2.170865248001064	79.106048
jpf-regression/ExSymExeTestClassFields_false.yml	false	false	2.031917	2.2193430719999014	79.134720
jpf-regression/ExSymExeTestClassFields_true.yml	true	true	2.035006	2.9183124270002736	81.412096
jpf-regression/ExSymExe_false.yml	false	false	1.982692	2.8144405929997447	53.514240
jpf-regression/ExSymExe_true.yml	true	true	1.939015	2.0912204020005447	53.129216
jpf-regression/TestLazy_false.yml	false	false	2.187479	2.857433037001101	79.097856
jpf-regression/TestLazy_true.yml	true	true	2.082808	2.3469867019994126	79.126528
java-ranger-regression/LoopCharAt.yml	false	true	3.386414	4.496833124001569	86.638592
java-ranger-regression/TCAS_prop1.yml	false	false	4.241288	5.818312671000967	89.931776
java-ranger-regression/TCAS_prop2.yml	true	true	12.782269	14.98414885800048	122.818560
java-ranger-regression/TCAS_prop3.yml	true	true	13.666856	15.928822552001293	132.976640
java-ranger-regression/apachecli_eqchk.yml	true	true	54.614661	70.58505790199888	115.609600
java-ranger-regression/schedule_eqchk.yml	true	true	7.671511	10.038915053999517	95.444992
java-ranger-regression/WBS/WBS_prop1.yml	false	false	2.540307	3.269016222000573	79.065088
java-ranger-regression/WBS/WBS_prop2.yml	true	true	7.304512	9.243391755999255	118.620160
java-ranger-regression/WBS/WBS_prop3.yml	false	false	2.379436	3.1495164730004035	79.298560
java-ranger-regression/WBS/WBS_prop4.yml	false	false	8.158522	10.402325004999511	114.712576
java-ranger-regression/alarm/Alarm_prop1.yml	true	true	2.960257	3.3246104570007446	82.587648
java-ranger-regression/alarm/Alarm_prop10.yml	true	true	3.018028	3.8560244489999604	85.553152
java-ranger-regression/alarm/Alarm_prop2.yml	true	true	2.932851	3.6319781210004294	83.132416
java-ranger-regression/alarm/Alarm_prop3.yml	true	true	3.181079	4.381189292998897	84.217856
java-ranger-regression/alarm/Alarm_prop4.yml	true	true	2.987692	3.53403412499938	85.508096
java-ranger-regression/alarm/Alarm_prop5.yml	true	true	3.001244	3.5978086779996374	81.096704
java-ranger-regression/alarm/Alarm_prop6.yml	true	true	3.061177	4.185533419000421	86.323200
java-ranger-regression/alarm/Alarm_prop8.yml	true	true	3.025534	3.860810833999494	80.457728
java-ranger-regression/alarm/Alarm_prop9.yml	true	true	2.930967	3.712859789999129	83.574784
java-ranger-regression/infusion/Infusion_prop1.yml	true	true	2.782866	3.3559309739994205	81.080320
java-ranger-regression/infusion/Infusion_prop10.yml	true	true	2.751223	3.412764431999676	80.121856
java-ranger-regression/infusion/Infusion_prop11.yml	true	true	2.660649	3.257016151001153	83.120128
java-ranger-regression/infusion/Infusion_prop12.yml	true	true	2.726718	2.9523895399997855	79.740928
java-ranger-regression/infusion/Infusion_prop13.yml	true	true	2.732112	3.2126583000008395	89.067520
java-ranger-regression/infusion/Infusion_prop2.yml	true	true	2.610305	3.2780466269996396	80.863232
java-ranger-regression/infusion/Infusion_prop3.yml	true	true	2.730726	3.5711008180005592	85.581824
java-ranger-regression/infusion/Infusion_prop4.yml	true	true	2.7305	3.55904743300016	80.711680
java-ranger-regression/infusion/Infusion_prop5.yml	true	true	2.595038	3.4010169619996304	79.384576
java-ranger-regression/infusion/Infusion_prop6.yml	true	true	2.926574	3.634000442998513	89.825280
java-ranger-regression/infusion/Infusion_prop7.yml	true	true	2.767081	3.577826438999182	84.111360
java-ranger-regression/infusion/Infusion_prop8.yml	true	true	2.910991	3.76522722899972	80.445440
java-ranger-regression/infusion/Infusion_prop9.yml	true	true	2.692039	3.3487877170009597	79.286272
java-ranger-regression/siena_eqchk/siena_prop1.yml	true	true	40.955311	54.19448195000041	125.554688
java-ranger-regression/siena_eqchk/siena_prop2.yml	false	false	6.406145	7.086827504001121	99.246080
java-ranger-regression/replace5_eqchk/replace5_prop1.yml	true	true	12.116484	14.500638793999315	100.687872
java-ranger-regression/replace5_eqchk/replace5_prop2.yml	false	false	2.721883	3.3325430719996803	78.864384
java-ranger-regression/nanoxml_eqchk/nanoxml_prop1.yml	true	unknown	4.098751	5.089252216999739	90.624000
java-ranger-regression/nanoxml_eqchk/nanoxml_prop2.yml	false	unknown	3.448041	4.4996442290012055	84.631552
java-ranger-regression/nanoxml_eqchk/nanoxml_prop3.yml	false	unknown	4.250124	5.329448965001575	94.416896
java-ranger-regression/printtokens_eqchk/printtokens_prop1.yml	true	true	33.424939	39.10017237300053	148.836352
java-ranger-regression/printtokens_eqchk/printtokens_prop2.yml	false	false	2.653415	3.4290389489997324	78.704640
MinePump/spec1-5_product1.yml	false	false	2.46892	3.2584442509996734	82.784256
MinePump/spec1-5_product10.yml	false	false	2.440781	3.0573686320003617	79.413248
MinePump/spec1-5_product11.yml	false	false	4.156747	5.387911775000248	94.982144
MinePump/spec1-5_product12.yml	false	false	2.54036	3.4249864969988266	83.513344
MinePump/spec1-5_product13.yml	false	false	2.453102	3.294233468001039	80.871424
MinePump/spec1-5_product14.yml	false	false	2.430801	3.198196392000682	79.278080
MinePump/spec1-5_product15.yml	false	false	4.399431	6.050671212999077	94.638080
MinePump/spec1-5_product16.yml	false	false	2.658807	3.440153259998624	84.443136
MinePump/spec1-5_product17.yml	false	false	2.690433	3.956618582000374	79.470592
MinePump/spec1-5_product18.yml	false	false	2.311154	2.9149675289991137	79.749120
MinePump/spec1-5_product19.yml	false	false	4.085105	4.80113168599928	93.396992
MinePump/spec1-5_product2.yml	false	false	2.261535	2.833526067001003	78.540800
MinePump/spec1-5_product20.yml	false	false	2.549704	3.0694254979989637	85.262336
MinePump/spec1-5_product21.yml	false	false	2.337117	2.9890266629990947	80.371712
MinePump/spec1-5_product22.yml	false	false	2.482556	3.6020510629987257	82.632704
MinePump/spec1-5_product23.yml	false	false	4.122815	5.229690422000203	93.716480
MinePump/spec1-5_product24.yml	false	false	2.452532	2.987610202999349	84.480000
MinePump/spec1-5_product25.yml	false	false	2.568881	3.4066648070001975	81.494016
MinePump/spec1-5_product26.yml	false	false	2.411928	2.9090954170005716	82.804736
MinePump/spec1-5_product27.yml	false	false	4.039054	4.968987893000303	93.921280
MinePump/spec1-5_product28.yml	false	false	2.799744	3.8972843589999684	85.467136
MinePump/spec1-5_product29.yml	false	false	2.505472	3.511987006000709	79.003648
MinePump/spec1-5_product3.yml	false	false	4.141385	4.696876711999721	94.900224
MinePump/spec1-5_product30.yml	false	false	2.416115	2.855723919999946	82.579456
MinePump/spec1-5_product31.yml	false	false	4.176437	5.030885672000295	94.027776
MinePump/spec1-5_product32.yml	false	false	2.596152	3.546998199000882	82.173952
MinePump/spec1-5_product33.yml	false	false	2.378976	3.030105148000075	79.454208
MinePump/spec1-5_product34.yml	false	false	2.407492	3.198251744999652	79.130624
MinePump/spec1-5_product35.yml	false	false	3.800634	4.539749075000145	90.431488
MinePump/spec1-5_product36.yml	false	false	2.673772	3.3840470729992376	88.178688
MinePump/spec1-5_product37.yml	false	false	2.348886	3.1155829800009087	78.606336
MinePump/spec1-5_product38.yml	false	false	2.481344	3.4066148970014183	79.921152
MinePump/spec1-5_product39.yml	false	false	4.061821	5.5621012409992545	90.943488
MinePump/spec1-5_product4.yml	false	false	2.596996	3.6229604670006665	84.897792
MinePump/spec1-5_product40.yml	false	false	2.608766	3.4491984750002302	82.030592
MinePump/spec1-5_product41.yml	false	false	2.478056	3.0588549449985294	82.780160
MinePump/spec1-5_product42.yml	false	false	2.587061	3.1396702469992306	80.449536
MinePump/spec1-5_product43.yml	false	false	4.229341	5.439116722000108	94.720000
MinePump/spec1-5_product44.yml	false	false	2.527899	3.286589556000763	85.090304
MinePump/spec1-5_product45.yml	false	false	2.608684	3.4030193039998267	83.243008
MinePump/spec1-5_product46.yml	false	false	2.656872	3.245537365000928	84.512768
MinePump/spec1-5_product47.yml	false	false	4.29851	5.841833304999454	94.101504
MinePump/spec1-5_product48.yml	false	false	2.464459	2.8151411870003358	83.968000
MinePump/spec1-5_product49.yml	false	false	2.224545	2.916212367999833	78.778368
MinePump/spec1-5_product5.yml	false	false	2.379672	2.944628766999813	81.485824
MinePump/spec1-5_product50.yml	false	false	2.440621	3.0813873690003675	83.099648
MinePump/spec1-5_product51.yml	false	false	3.855125	4.463800731000447	89.952256
MinePump/spec1-5_product52.yml	false	false	2.556329	3.0465617080008087	82.006016
MinePump/spec1-5_product53.yml	false	false	2.455538	3.4865105170010793	79.458304
MinePump/spec1-5_product54.yml	false	false	2.473794	3.4435045829995943	86.220800
MinePump/spec1-5_product55.yml	false	false	4.085245	5.161097112999414	91.078656
MinePump/spec1-5_product56.yml	false	false	2.692289	3.7748316929992143	82.161664
MinePump/spec1-5_product57.yml	true	true	14.493532	19.137993296000786	97.751040
MinePump/spec1-5_product58.yml	true	true	14.228524	17.19508384599976	98.332672
MinePump/spec1-5_product59.yml	true	true	18.651795	22.043350291000024	111.239168
MinePump/spec1-5_product6.yml	false	false	2.545244	3.1005039749998105	79.659008
MinePump/spec1-5_product60.yml	true	true	20.083732	26.05344650600091	105.881600
MinePump/spec1-5_product61.yml	true	true	14.192843	18.09350545199959	104.734720
MinePump/spec1-5_product62.yml	true	true	14.156144	16.02284275400052	101.543936
MinePump/spec1-5_product63.yml	true	true	16.97915	22.766819731001306	111.656960
MinePump/spec1-5_product64.yml	true	true	15.163656	17.64277662600034	105.684992
MinePump/spec1-5_product7.yml	false	false	4.251731	5.267101175000789	94.973952
MinePump/spec1-5_product8.yml	false	false	2.629248	3.3681381049991614	85.192704
MinePump/spec1-5_product9.yml	false	false	2.554059	3.4241390129991487	78.905344
algorithms/BellmanFord-FunSat01.yml	true	true	5.443833	7.1434915579993685	98.222080
algorithms/BellmanFord-FunSat02.yml	false	unknown	2.190556	2.6320367270000133	78.036992
algorithms/BellmanFord-FunUnsat01.yml	false	false	5.054772	6.6316666819984675	89.460736
algorithms/BellmanFord-FunUnsat02.yml	false	unknown	2.226201	2.6169226330002857	79.953920
algorithms/BellmanFord-MemSat01.yml	true	true	5.016333	5.451585138000155	89.858048
algorithms/BellmanFord-MemSat02.yml	true	unknown	2.165666	2.4802991550004663	80.953344
algorithms/BellmanFord-MemUnsat01.yml	false	false	4.632349	5.7882180610013165	91.389952
algorithms/BellmanFord-MemUnsat02.yml	false	unknown	2.168518	2.513769424998827	79.671296
algorithms/BinaryTreeSearch-FunSat01.yml	true	true	7.415478	9.532097964000059	102.408192
algorithms/BinaryTreeSearch-FunUnsat01.yml	false	false	2.250084	2.8510999849986547	81.457152
algorithms/BinaryTreeSearch-MemSat01.yml	true	true	10.988771	13.693821561000732	98.308096
algorithms/BinaryTreeSearch-MemUnsat01.yml	false	false	2.208742	2.481769116999203	78.331904
algorithms/BinaryTreeSearch-MemUnsat02.yml	false	false	2.178873	2.7108419999985927	78.106624
algorithms/InsertionSort-FunSat01.yml	true	true	2.754199	3.448181152998586	89.985024
algorithms/InsertionSort-FunSat02.yml	true	true	2.648849	3.1652778269999544	82.657280
algorithms/InsertionSort-FunUnsat01.yml	false	true	2.552799	3.1674820039988845	81.362944
algorithms/InsertionSort-MemSat01.yml	true	true	2.588468	3.309986801999912	81.678336
algorithms/InsertionSort-MemUnsat01.yml	false	false	2.493142	3.177674118000141	82.427904
algorithms/MergeSortIterative-FunSat01.yml	true	true	2.708226	3.620265871000811	85.340160
algorithms/MergeSortIterative-FunSat02.yml	true	true	2.600369	3.375296022999464	80.269312
algorithms/MergeSortIterative-FunUnsat01.yml	false	unknown	2.893873	3.3797536109996145	93.356032
algorithms/MergeSortIterative-MemSat01.yml	false	true	2.562678	3.085894031999487	80.920576
algorithms/MergeSortIterative-MemUnsat01.yml	false	true	2.390263	2.741595913999845	79.536128
algorithms/RedBlackTree-FunSat01.yml	true	true	3.04479	3.7596981930000766	86.831104
algorithms/RedBlackTree-FunUnsat01.yml	false	false	2.593874	3.724111727999116	81.838080
algorithms/RedBlackTree-MemSat01.yml	true	true	8.920183	11.0932999380002	107.954176
algorithms/RedBlackTree-MemUnsat01.yml	false	false	3.398668	3.9316986489993724	86.159360
algorithms/SortedListInsert-FunSat01.yml	true	true	8.87953	10.736861704999683	101.146624
algorithms/SortedListInsert-FunSat02.yml	true	true	11.959799	13.950680425999963	103.141376
algorithms/SortedListInsert-FunUnsat01.yml	false	false	3.009991	4.177569344999938	85.999616
algorithms/SortedListInsert-MemSat01.yml	true	true	6.092344	7.051745003000178	95.088640
algorithms/SortedListInsert-MemUnsat01.yml	false	false	2.214684	2.852118048000193	83.083264
algorithms/Trie-FunSat01.yml	true	true	2.284597	2.7968965580002987	79.491072
algorithms/Trie-FunUnsat01.yml	false	false	2.085635	2.4579492569992	79.331328
algorithms/Trie-MemSat01.yml	true	true	2.344547	2.9664457620001485	80.560128
algorithms/Trie-MemUnsat01.yml	false	false	2.374682	3.180084698999053	78.557184
algorithms/Tsp-FunSat01.yml	false	unknown	2.176752	3.0888714360007725	78.012416
algorithms/Tsp-FunUnsat01.yml	false	unknown	2.234143	3.230394031999822	78.897152
algorithms/Tsp-MemSat01.yml	true	unknown	2.131479	2.8282924340001045	77.791232
algorithms/Tsp-MemUnsat01.yml	false	unknown	2.152267	2.7189559970011032	79.773696
juliet-java/CWE369_Divide_by_Zero__float_connect_tcp_divide_01_bad.yml	false	unknown	2.180648	2.7987515149998217	54.194176
juliet-java/CWE369_Divide_by_Zero__float_connect_tcp_divide_01_bad_version2.yml	false	unknown	2.349677	3.1134544590004225	53.325824
juliet-java/CWE369_Divide_by_Zero__float_connect_tcp_divide_01_good.yml	true	unknown	2.284201	3.0286166309997498	56.000512
juliet-java/CWE369_Divide_by_Zero__float_connect_tcp_divide_81a_bad.yml	false	unknown	2.311355	2.8108591549989796	54.300672
juliet-java/CWE369_Divide_by_Zero__float_connect_tcp_divide_81a_bad_version2.yml	false	unknown	2.445121	3.239894787000594	56.233984
juliet-java/CWE369_Divide_by_Zero__float_connect_tcp_divide_81a_good.yml	true	unknown	2.232531	2.8833057100000588	54.009856
juliet-java/CWE369_Divide_by_Zero__float_console_readLine_divide_54_bad.yml	false	unknown	2.230524	2.6570548720010265	57.995264
juliet-java/CWE369_Divide_by_Zero__float_console_readLine_divide_54_bad_version2.yml	false	unknown	2.249569	2.955981099001292	58.089472
juliet-java/CWE369_Divide_by_Zero__float_console_readLine_divide_54_good.yml	true	unknown	2.319003	2.89756697699886	58.327040
jdart-regression/OverapproximationString01.yml	false	false	2.152355	2.796889203000319	69.562368
jdart-regression/URLDecoder01.yml	true	false	2.175493	3.212128933999338	57.389056
jdart-regression/URLDecoder02.yml	false	false	2.244787	2.998668614000053	57.729024
jdart-regression/addition01.yml	false	true	2.549898	3.044847519000541	89.165824
jdart-regression/array-iteration01.yml	false	false	2.388449	2.8480621990001964	84.365312
jdart-regression/boundcheck100.yml	false	false	3.983589	5.607822752999709	96.636928
jdart-regression/boundcheck200.yml	false	false	5.706227	6.950571106999632	125.775872
jdart-regression/boundcheck30.yml	false	false	2.552499	3.222131734000868	80.715776
jdart-regression/double2long.yml	false	true	2.146279	2.4843624610002735	79.765504
jdart-regression/float.yml	false	true	2.056395	2.6994171410005947	77.987840
jdart-regression/list2.yml	true	true	121.976749	137.51677166399895	160.026624
jdart-regression/radians.yml	false	unknown	1.972293	2.608638773999701	53.874688
jdart-regression/shifting.yml	false	true	2.147498	2.8247959680011263	79.638528
jdart-regression/shifting2.yml	false	true	2.183319	3.1432589779997215	79.204352
jdart-regression/shifting3.yml	false	false	2.094837	2.5114998589997413	79.441920
jdart-regression/startswith.yml	true	false	2.159953	2.9005165889993805	59.301888
securibench/Aliasing1.yml	false	false	4.078376	5.260682471998734	61.227008
securibench/Aliasing2.yml	true	true	4.075984	5.261587490000238	55.709696
securibench/Aliasing3.yml	true	true	4.166331	5.52841403399907	56.041472
securibench/Aliasing4.yml	false	false	4.073935	5.729544959000123	59.011072
securibench/Aliasing5.yml	false	false	4.146887	5.585735739001393	60.387328
securibench/Aliasing6.yml	false	false	4.379816	6.181310023999686	63.127552
securibench/Arrays1.yml	false	false	4.387769	6.5136867460005305	62.726144
securibench/Arrays10.yml	false	unknown	4.227927	5.772253011999055	58.941440
securibench/Arrays2.yml	false	false	4.070647	5.394998899999337	61.329408
securibench/Arrays3.yml	false	false	4.263464	5.928192094999758	59.285504
securibench/Arrays4.yml	false	false	4.344948	6.06602662899968	60.731392
securibench/Arrays5.yml	true	true	4.218569	5.7581539590009925	55.951360
securibench/Arrays6.yml	false	false	3.947675	5.268019674000243	58.793984
securibench/Arrays7.yml	false	false	4.186601	5.705086816000403	59.928576
securibench/Arrays8.yml	false	false	4.076753	5.052882844998749	60.821504
securibench/Arrays9.yml	false	false	4.106363	5.5935058840004785	60.047360
securibench/Basic1.yml	false	false	4.028917	5.2826269889992545	63.053824
securibench/Basic10.yml	false	false	4.016873	5.112287429999924	59.375616
securibench/Basic11.yml	false	unknown	3.96371	5.523885562999567	55.525376
securibench/Basic12.yml	false	false	4.193808	5.3336009650010965	79.912960
securibench/Basic15.yml	false	false	3.83843	4.973120510001536	60.600320
securibench/Basic16.yml	false	false	4.041294	5.306769725999402	58.630144
securibench/Basic17.yml	false	false	3.936507	4.983220633999736	60.456960
securibench/Basic18.yml	false	false	4.478522	6.4035220480000135	64.913408
securibench/Basic19.yml	false	false	3.852026	4.380534764000913	60.616704
securibench/Basic2.yml	false	false	4.208216	5.195451342000524	80.023552
securibench/Basic20.yml	false	false	4.091148	5.415627365999171	65.826816
securibench/Basic21.yml	false	unknown	4.180921	4.600507787999959	62.828544
securibench/Basic24.yml	false	unknown	4.239848	5.172721810000439	62.132224
securibench/Basic25.yml	false	unknown	4.239849	5.694493255001362	61.186048
securibench/Basic26.yml	false	false	3.919714	5.187922671999331	58.470400
securibench/Basic27.yml	false	false	4.153097	5.512495134000346	58.998784
securibench/Basic28.yml	true	true	4.034801	4.905858262000038	55.439360
securibench/Basic29.yml	false	false	4.090231	5.156348824999441	59.740160
securibench/Basic3.yml	false	unknown	3.858206	5.327492307998909	55.181312
securibench/Basic30.yml	false	false	4.173749	5.277462923999337	60.530688
securibench/Basic31.yml	false	false	4.156502	5.624992118000591	59.289600
securibench/Basic32.yml	false	false	3.818551	4.943791402998613	60.764160
securibench/Basic33.yml	false	false	3.853891	4.4687152879996574	65.597440
securibench/Basic34.yml	false	false	3.93076	5.508028837999518	61.984768
securibench/Basic35.yml	false	false	3.952407	5.024998502000017	58.359808
securibench/Basic37.yml	false	false	4.554433	6.455260693999662	80.941056
securibench/Basic38.yml	false	false	4.190997	5.451052304000768	94.502912
securibench/Basic39.yml	false	false	4.408288	5.43767768699945	85.348352
securibench/Basic4.yml	false	false	4.195873	5.449713826999869	80.572416
securibench/Basic5.yml	false	unknown	3.815412	5.035211779000747	55.676928
securibench/Basic6.yml	true	unknown	4.169665	6.033439286999055	58.830848
securibench/Basic7.yml	false	unknown	4.016719	5.059631918999003	54.984704
securibench/Basic8.yml	true	true	3.808124	5.317177705999711	58.195968
securibench/Basic9.yml	false	false	3.884662	4.680983128999287	79.896576
securibench/Collections1.yml	false	false	4.02014	5.083907704000012	58.499072
securibench/Collections10.yml	false	false	3.999516	5.707628483000008	66.924544
securibench/Collections12.yml	false	false	3.96361	4.9366874619990995	67.170304
securibench/Collections13.yml	false	true	3.69574	4.609603550999964	58.699776
securibench/Collections14.yml	false	false	4.969514	6.7752998340001795	67.452928
securibench/Collections2.yml	false	false	4.191685	5.46175519100143	59.375616
securibench/Collections3.yml	false	false	3.971483	5.221958050000467	61.366272
securibench/Collections4.yml	false	false	3.782385	4.590569138999854	62.791680
securibench/Collections5.yml	false	false	3.945711	5.152627035000478	59.117568
securibench/Collections6.yml	false	false	3.816484	4.823818732000291	63.987712
securibench/Collections7.yml	false	false	3.966653	4.863813330999619	60.133376
securibench/Collections8.yml	true	true	3.729021	4.55479434299923	58.798080
securibench/Collections9.yml	true	unknown	3.979532	5.162668805998692	59.625472
securibench/Datastructures1.yml	false	false	4.031768	5.150173949999953	57.937920
securibench/Datastructures2.yml	false	false	4.277042	5.9747383759986405	59.129856
securibench/Datastructures3.yml	false	false	3.878689	5.356355129000804	60.833792
securibench/Datastructures4.yml	true	true	4.111008	5.206689747999917	56.979456
securibench/Datastructures5.yml	false	unknown	3.915385	4.99780877899866	55.742464
securibench/Datastructures6.yml	false	false	5.554224	7.134735614999954	88.838144
securibench/Factories1.yml	false	unknown	3.856118	5.360703383001237	56.918016
securibench/Factories2.yml	false	false	3.871068	4.771550681000008	59.314176
securibench/Factories3.yml	false	false	3.87672	4.7782745029999205	65.495040
securibench/Inter1.yml	false	false	3.803054	5.1042463640005735	58.699776
securibench/Inter10.yml	false	unknown	3.864528	5.091703087999122	60.043264
securibench/Inter11.yml	false	unknown	3.983204	5.0931162260003475	54.829056
securibench/Inter12.yml	false	false	4.070588	5.259475228000156	58.351616
securibench/Inter13.yml	false	false	4.06186	5.365382986999975	59.928576
securibench/Inter14.yml	false	false	4.003992	5.17774635600108	62.808064
securibench/Inter2.yml	false	false	4.102463	5.089875722000215	58.949632
securibench/Inter3.yml	false	false	4.138563	5.299616729000263	59.416576
securibench/Inter4.yml	false	false	3.854179	4.588633797999137	58.667008
securibench/Inter5.yml	false	unknown	3.869925	6.126394469998559	54.571008
securibench/Inter6.yml	false	false	3.965501	5.212937184000111	60.289024
securibench/Inter7.yml	false	false	3.817685	4.553500102998441	57.778176
securibench/Inter8.yml	false	false	3.872573	4.970179142999768	60.276736
securibench/Inter9.yml	false	unknown	4.171925	5.4710815729995375	59.629568
securibench/Pred1.yml	true	true	3.962532	5.555793835001168	57.925632
securibench/Pred2.yml	false	false	4.279008	5.5832160339996335	79.904768
securibench/Pred3.yml	true	true	3.924572	5.163601862001087	80.203776
securibench/Pred4.yml	false	false	4.261285	5.792547621998892	59.191296
securibench/Pred5.yml	false	false	4.119561	5.27756405800028	59.088896
securibench/Pred6.yml	true	true	3.965284	5.190777353000158	55.607296
securibench/Pred7.yml	true	true	3.856955	4.832796134998716	55.549952
securibench/Pred8.yml	false	false	4.023185	5.6635158359986235	59.420672
securibench/Pred9.yml	true	false	3.829665	4.699779160000617	58.720256
securibench/Refl1.yml	false	false	3.856576	4.7582134589993075	60.813312
securibench/Refl2.yml	false	true	3.823977	4.881611327000428	55.984128
securibench/Refl3.yml	false	false	3.880509	4.990488925999671	60.215296
securibench/Refl4.yml	false	false	3.831821	4.459932271998696	58.408960
securibench/Sanitizers1.yml	false	false	4.374029	6.038993856000161	81.076224
securibench/Sanitizers2.yml	true	false	4.704844	6.788277823001408	92.975104
securibench/Sanitizers3.yml	true	unknown	4.372435	5.4332776150004065	62.017536
securibench/Sanitizers4.yml	false	false	4.324204	5.6306339769998885	81.231872
securibench/Sanitizers5.yml	false	unknown	4.229449	5.620987472999332	62.595072
securibench/Sanitizers6.yml	true	false	4.186288	4.914446119999411	80.650240
securibench/Session1.yml	false	false	4.111319	5.251417572000719	59.236352
securibench/Session2.yml	false	false	4.048978	5.010522395001317	58.826752
securibench/Session3.yml	false	false	4.095026	5.284852110000429	65.531904
securibench/StrongUpdates1.yml	true	true	3.862384	5.053514594999797	55.771136
securibench/StrongUpdates2.yml	true	true	3.861101	4.614213294000365	55.656448
securibench/StrongUpdates3.yml	true	true	3.753301	4.653453162000005	55.341056
securibench/StrongUpdates4.yml	true	true	3.884458	5.199625654999181	55.762944
securibench/StrongUpdates5.yml	true	unknown	3.784067	5.010502482000447	55.562240
float-nonlinear-calculation/Bessel.yml	true	true	2.114359	2.7306567129999166	79.175680
float-nonlinear-calculation/Conflict.yml	true	true	2.178666	2.607029954000609	80.744448
float-nonlinear-calculation/EulerMethod.yml	false	unknown	2.067101	2.264199245000782	79.888384
float-nonlinear-calculation/MathSin.yml	false	unknown	2.680548	3.2046054340007686	53.772288
float-nonlinear-calculation/Optimization1.yml	false	unknown	2.795906	3.6105270230000315	79.392768
float-nonlinear-calculation/Optimization2.yml	false	unknown	2.854651	3.423435689001053	78.422016
float-nonlinear-calculation/Optimization3.yml	false	true	3.020059	3.7623698719999084	77.668352
float-nonlinear-calculation/Optimization4.yml	false	unknown	2.954978	4.000174516000698	79.892480
float-nonlinear-calculation/Optimization5.yml	false	unknown	2.904791	4.029200425000454	78.372864
float-nonlinear-calculation/Optimization6.yml	false	unknown	2.758473	3.330541172001176	78.258176
float-nonlinear-calculation/PartitionEx.yml	true	true	2.151421	2.675625449999643	78.516224
float-nonlinear-calculation/TurnLogic.yml	true	true	2.020501	2.9733659679986886	53.641216
float-nonlinear-calculation/coral1.yml	false	unknown	2.914126	3.597695887001464	79.052800
float-nonlinear-calculation/coral10.yml	false	unknown	2.744472	3.4698592349996034	78.880768
float-nonlinear-calculation/coral11.yml	false	unknown	2.977434	3.7632032179990347	80.588800
float-nonlinear-calculation/coral12.yml	false	unknown	3.068069	4.038834757000586	78.327808
float-nonlinear-calculation/coral13.yml	false	unknown	2.861248	3.7828742919991782	78.503936
float-nonlinear-calculation/coral14.yml	false	unknown	2.777334	3.479445537999709	79.687680
float-nonlinear-calculation/coral15.yml	false	unknown	2.830905	3.5896812090013555	78.188544
float-nonlinear-calculation/coral16.yml	false	true	2.753874	3.25388339500023	79.224832
float-nonlinear-calculation/coral17.yml	false	unknown	2.784148	3.5040958049994515	78.282752
float-nonlinear-calculation/coral18.yml	false	unknown	2.793425	3.580354064999483	78.397440
float-nonlinear-calculation/coral19.yml	false	unknown	2.79727	3.4584438370002317	81.424384
float-nonlinear-calculation/coral2.yml	false	unknown	2.823902	3.585984802999519	78.737408
float-nonlinear-calculation/coral20.yml	false	unknown	2.857341	3.5461885610002355	79.106048
float-nonlinear-calculation/coral21.yml	false	unknown	2.815625	3.3269535870003892	80.179200
float-nonlinear-calculation/coral22.yml	false	unknown	2.868601	3.9087025900007575	78.508032
float-nonlinear-calculation/coral23.yml	true	true	2.836671	3.5154103560016665	78.921728
float-nonlinear-calculation/coral26.yml	true	true	2.974034	4.2484998170002655	78.917632
float-nonlinear-calculation/coral27.yml	false	unknown	2.841552	3.5078996470001584	79.613952
float-nonlinear-calculation/coral28.yml	false	unknown	2.806604	3.45398273399951	79.089664
float-nonlinear-calculation/coral29.yml	false	unknown	2.868903	3.3732781290000275	80.248832
float-nonlinear-calculation/coral3.yml	true	true	2.837098	3.4944557230010105	79.368192
float-nonlinear-calculation/coral30.yml	false	unknown	2.748859	3.2577722660007566	54.710272
float-nonlinear-calculation/coral31.yml	false	true	2.953531	4.043889791999391	79.327232
float-nonlinear-calculation/coral32.yml	false	unknown	2.980066	3.9290160649998143	78.667776
float-nonlinear-calculation/coral33.yml	false	unknown	2.985715	3.9952149000000645	82.903040
float-nonlinear-calculation/coral34.yml	false	unknown	2.727506	3.4358416330014734	79.122432
float-nonlinear-calculation/coral35.yml	false	unknown	2.973064	3.3920769300002576	79.589376
float-nonlinear-calculation/coral36.yml	false	unknown	2.739377	3.3746069990011165	53.444608
float-nonlinear-calculation/coral38.yml	false	unknown	2.82454	3.5231008829996426	78.589952
float-nonlinear-calculation/coral39.yml	false	unknown	3.048968	4.069021113999042	80.003072
float-nonlinear-calculation/coral4.yml	false	unknown	2.915057	3.7524250670012407	81.965056
float-nonlinear-calculation/coral40.yml	false	unknown	2.8912	3.3089481449987943	78.639104
float-nonlinear-calculation/coral41.yml	false	unknown	2.712429	3.5537474820011994	80.359424
float-nonlinear-calculation/coral42.yml	false	unknown	2.811284	3.249974716998622	78.348288
float-nonlinear-calculation/coral43.yml	false	unknown	2.722228	3.2489884619990335	78.446592
float-nonlinear-calculation/coral44.yml	false	unknown	2.641966	3.075274132001141	79.568896
float-nonlinear-calculation/coral45.yml	false	unknown	2.680456	3.192509466998672	78.708736
float-nonlinear-calculation/coral46.yml	true	unknown	2.903844	3.4850605390001874	78.041088
float-nonlinear-calculation/coral48.yml	false	true	2.81179	3.1054301990006934	77.668352
float-nonlinear-calculation/coral49.yml	false	unknown	2.885322	4.102326975000324	80.691200
float-nonlinear-calculation/coral5.yml	true	true	2.739852	3.561718581000605	78.831616
float-nonlinear-calculation/coral50.yml	false	unknown	2.893356	3.5497179240010155	78.962688
float-nonlinear-calculation/coral51.yml	false	unknown	2.928071	3.688040357999853	78.745600
float-nonlinear-calculation/coral52.yml	false	unknown	2.868712	3.684021839999332	78.884864
float-nonlinear-calculation/coral53.yml	false	unknown	2.846728	3.9273455040001863	80.162816
float-nonlinear-calculation/coral54.yml	false	unknown	3.034061	4.178956337998898	84.623360
float-nonlinear-calculation/coral55.yml	true	true	2.949022	3.6145413480007846	80.748544
float-nonlinear-calculation/coral56.yml	false	true	3.005199	4.238335134999943	79.032320
float-nonlinear-calculation/coral57.yml	false	true	2.927221	3.8829226809993997	78.036992
float-nonlinear-calculation/coral58.yml	false	true	2.905459	3.5474877979995654	79.187968
float-nonlinear-calculation/coral59.yml	false	true	2.931024	3.679183684000236	80.187392
float-nonlinear-calculation/coral6.yml	false	unknown	2.955854	3.984383335999155	79.630336
float-nonlinear-calculation/coral60.yml	false	true	2.858462	3.7547269860006054	78.725120
float-nonlinear-calculation/coral61.yml	false	true	2.953611	3.8802973340007156	83.120128
float-nonlinear-calculation/coral62.yml	false	true	3.048395	4.033116213999165	79.654912
float-nonlinear-calculation/coral63.yml	false	true	2.788975	3.321444331000748	78.430208
float-nonlinear-calculation/coral64.yml	false	true	2.938982	4.291052572998524	78.180352
float-nonlinear-calculation/coral65.yml	false	true	2.9462	3.7182571239991375	78.675968
float-nonlinear-calculation/coral66.yml	false	true	2.937045	3.8940111490010167	79.872000
float-nonlinear-calculation/coral67.yml	false	true	2.816237	3.279885005000324	77.717504
float-nonlinear-calculation/coral68.yml	false	true	2.831942	3.3409117230003176	79.011840
float-nonlinear-calculation/coral69.yml	false	true	2.895296	3.76651424100055	78.901248
float-nonlinear-calculation/coral71.yml	false	unknown	2.693924	3.0721079370014195	77.565952
float-nonlinear-calculation/coral72.yml	false	unknown	2.74277	3.423319140001695	80.580608
float-nonlinear-calculation/coral73.yml	false	unknown	2.510469	2.8880398250003054	78.741504
float-nonlinear-calculation/coral74.yml	false	unknown	2.738009	3.011891600001036	79.106048
float-nonlinear-calculation/coral75.yml	false	unknown	2.982108	4.002756317000603	79.888384
float-nonlinear-calculation/coral76.yml	false	true	2.894098	4.104126583000834	78.061568
float-nonlinear-calculation/coral77.yml	false	true	2.74896	3.4324504120013444	78.409728
float-nonlinear-calculation/coral79.yml	false	true	2.907783	4.081990475000566	77.950976
float-nonlinear-calculation/coral80.yml	true	true	2.794266	3.7001606979993085	80.789504
float-nonlinear-calculation/coral81.yml	false	unknown	2.85871	3.523136757001339	79.757312
float-nonlinear-calculation/coral84.yml	false	unknown	2.954833	3.540014281999902	80.908288
float-nonlinear-calculation/coral9.yml	false	unknown	2.957169	3.3425534130001324	78.008320
float-nonlinear-calculation/coral91.yml	true	true	2.668617	2.971034870000949	79.224832
