tool		SPF Thursday 07 August 2025 02:48:16 AM IST	SPF Thursday 07 August 2025 02:48:16 AM IST	SPF Thursday 07 August 2025 02:48:16 AM IST	SPF Thursday 07 August 2025 02:48:16 AM IST
run set		SV-COMP25_assert_java.ReachSafety-Java	SV-COMP25_assert_java.ReachSafety-Java	SV-COMP25_assert_java.ReachSafety-Java	SV-COMP25_assert_java.ReachSafety-Java
sv-benchmarks/java/		status	cputime (s)	walltime (s)	memory (MB)
jayhorn-recursive/Ackermann01.yml	false	false	2.658849	2.664209832999404	110.522368
jayhorn-recursive/Addition.yml	true	true	3.622195	3.62694413600002	113.598464
jayhorn-recursive/InfiniteLoop.yml	false	false	1.481484	1.5286296340000263	101.994496
jayhorn-recursive/SatAckermann01.yml	true	true	247.383512	249.07416178300082	171.548672
jayhorn-recursive/SatAckermann02.yml	true	true	249.866398	251.83698984699913	171.397120
jayhorn-recursive/SatAckermann03.yml	true	true	247.705125	249.4426488279987	175.742976
jayhorn-recursive/SatAddition01.yml	true	true	3.846134	3.856359588999112	106.999808
jayhorn-recursive/SatEvenOdd01.yml	true	unknown	2.693411	2.7081960679988697	112.889856
jayhorn-recursive/SatFibonacci01.yml	true	true	18.774131	19.242773575000683	134.549504
jayhorn-recursive/SatFibonacci02.yml	true	true	2.029509	2.0388722909992794	54.132736
jayhorn-recursive/SatFibonacci03.yml	true	true	25.785492	26.32650304500021	128.417792
jayhorn-recursive/SatGcd.yml	true	TIMEOUT	901.022602	902.1252510049999	160.940032
jayhorn-recursive/SatHanoi01.yml	true	true	112.242638	113.014195026999	143.155200
jayhorn-recursive/SatMccarthy91.yml	true	true	224.084695	227.07940214200062	165.490688
jayhorn-recursive/SatMultCommutative01.yml	true	true	6.553601	6.557985742998426	123.219968
jayhorn-recursive/SatPrimes01.yml	true	unknown	137.405067	138.17002782099917	209.494016
jayhorn-recursive/UnsatAckermann01.yml	false	false	3.432577	3.4510981679995894	101.715968
jayhorn-recursive/UnsatAddition01.yml	false	false	3.273996	3.2877645419994224	114.810880
jayhorn-recursive/UnsatAddition02.yml	false	true	7.48767	7.510061867998957	107.184128
jayhorn-recursive/UnsatEvenOdd01.yml	false	unknown	2.807762	2.836184036999839	100.196352
jayhorn-recursive/UnsatFibonacci01.yml	false	false	4.929613	4.950285902001269	117.981184
jayhorn-recursive/UnsatFibonacci02.yml	false	false	12.060958	12.182455709000351	126.361600
jayhorn-recursive/UnsatMccarthy91.yml	false	false	3.273488	3.2935691330003465	114.298880
jbmc-regression/ArithmeticException1.yml	false	false	2.789227	2.813641720000305	100.470784
jbmc-regression/ArithmeticException5.yml	true	true	2.371505	2.388295269000082	53.485568
jbmc-regression/ArithmeticException6.yml	false	false	3.032133	3.0444256129994756	113.889280
jbmc-regression/ArrayIndexOutOfBoundsException1.yml	false	unknown	2.783761	2.7991726649997872	100.171776
jbmc-regression/ArrayIndexOutOfBoundsException2.yml	false	unknown	2.681293	2.707510338999782	101.052416
jbmc-regression/ArrayIndexOutOfBoundsException3.yml	false	unknown	2.898654	2.9123165020009765	89.997312
jbmc-regression/BufferedReaderReadLine.yml	false	false	3.428463	3.47650627800067	114.864128
jbmc-regression/CharSequenceBug.yml	false	false	3.092792	3.4020996290000767	115.822592
jbmc-regression/CharSequenceToString.yml	true	true	3.200263	3.3166808519999904	114.126848
jbmc-regression/ClassCastException1.yml	false	false	2.476169	2.5281907509997836	53.583872
jbmc-regression/ClassCastException2.yml	true	true	2.539735	2.576746937998905	54.431744
jbmc-regression/ClassCastException3.yml	false	false	2.507566	2.9986931040002673	53.317632
jbmc-regression/Class_method1.yml	true	true	2.58261	2.607828898000662	53.460992
jbmc-regression/Inheritance1.yml	true	true	2.55294	2.5680393440015905	53.628928
jbmc-regression/NegativeArraySizeException1.yml	false	false	2.525801	2.5411993580000853	54.292480
jbmc-regression/NegativeArraySizeException2.yml	false	false	2.77862	2.7952330379994237	54.358016
jbmc-regression/NullPointerException1.yml	true	unknown	2.417817	2.466679741999542	54.054912
jbmc-regression/NullPointerException2.yml	false	false	2.321521	2.3305226569991646	53.071872
jbmc-regression/NullPointerException3.yml	false	false	2.369962	2.3847180619995925	53.489664
jbmc-regression/NullPointerException4.yml	false	false	2.439371	2.4540293859990925	53.260288
jbmc-regression/RegexMatches01.yml	true	true	2.442098	2.4534972610017576	53.743616
jbmc-regression/RegexMatches02.yml	false	true	2.415181	2.4394338029997016	55.988224
jbmc-regression/RegexSubstitution01.yml	true	true	2.573549	2.59460150599989	56.209408
jbmc-regression/RegexSubstitution02.yml	false	unknown	2.417676	2.432512865998433	55.701504
jbmc-regression/RegexSubstitution03.yml	true	true	2.264919	2.2716686929998104	55.865344
jbmc-regression/StaticCharMethods01.yml	true	true	2.190522	2.211131526999452	52.928512
jbmc-regression/StaticCharMethods02.yml	false	false	2.727873	2.7350722330011195	102.219776
jbmc-regression/StaticCharMethods03.yml	false	false	2.814033	2.833748324001135	102.219776
jbmc-regression/StaticCharMethods04.yml	false	false	2.303212	2.3238007759991888	57.634816
jbmc-regression/StaticCharMethods05.yml	false	unknown	2.517155	2.543319738999344	55.836672
jbmc-regression/StaticCharMethods06.yml	true	true	2.642281	2.6470057450005697	100.642816
jbmc-regression/StringBuilderAppend01.yml	true	unknown	2.670863	2.6851406400000997	56.938496
jbmc-regression/StringBuilderAppend02.yml	false	unknown	2.67308	2.689443086999745	58.802176
jbmc-regression/StringBuilderCapLen01.yml	true	true	2.526835	2.5315682679993188	56.127488
jbmc-regression/StringBuilderCapLen02.yml	false	false	2.681495	2.6903173480004625	81.575936
jbmc-regression/StringBuilderCapLen03.yml	false	unknown	2.372691	2.376402412000971	53.579776
jbmc-regression/StringBuilderCapLen04.yml	false	unknown	2.485273	2.5002808579993143	54.317056
jbmc-regression/StringBuilderChars01.yml	true	true	2.588849	2.6115275520005525	56.619008
jbmc-regression/StringBuilderChars02.yml	false	false	2.677404	2.693528628999047	84.058112
jbmc-regression/StringBuilderChars03.yml	false	unknown	2.407293	2.417506816000241	52.830208
jbmc-regression/StringBuilderChars04.yml	false	unknown	2.503866	2.527085650999652	53.334016
jbmc-regression/StringBuilderChars05.yml	false	unknown	2.334343	2.3549504130005516	55.869440
jbmc-regression/StringBuilderChars06.yml	false	unknown	2.342276	2.3547204850001435	53.264384
jbmc-regression/StringBuilderConstructors01.yml	true	unknown	2.916365	2.9297967239999707	100.278272
jbmc-regression/StringBuilderConstructors02.yml	false	unknown	2.275161	2.279684884000744	55.582720
jbmc-regression/StringBuilderInsertDelete01.yml	true	true	2.551429	2.556708616999458	56.786944
jbmc-regression/StringBuilderInsertDelete02.yml	false	unknown	2.579416	2.595372239000426	58.228736
jbmc-regression/StringBuilderInsertDelete03.yml	false	unknown	2.590579	2.6135174379996897	57.618432
jbmc-regression/StringCompare01.yml	true	true	2.257819	2.2681215470001916	54.775808
jbmc-regression/StringCompare02.yml	false	unknown	2.475396	2.4966615049997927	54.091776
jbmc-regression/StringCompare03.yml	false	unknown	2.289252	2.304156210000656	55.341056
jbmc-regression/StringCompare04.yml	false	unknown	2.4714	2.4773048499992	53.788672
jbmc-regression/StringCompare05.yml	false	false	2.546284	2.6068961410001066	66.424832
jbmc-regression/StringConcatenation01.yml	true	true	2.748312	2.758480425000016	81.747968
jbmc-regression/StringConcatenation02.yml	false	false	2.154623	2.1711880869988818	96.497664
jbmc-regression/StringConcatenation03.yml	false	false	2.56686	2.5769192120005755	81.682432
jbmc-regression/StringConcatenation04.yml	false	false	2.76225	2.7727885330004938	94.400512
jbmc-regression/StringConstructors01.yml	true	true	1.718779	1.7312978189984278	53.473280
jbmc-regression/StringConstructors02.yml	false	false	2.494922	2.509422611001355	80.957440
jbmc-regression/StringConstructors03.yml	false	false	1.872362	1.876210340000398	81.268736
jbmc-regression/StringConstructors04.yml	false	false	2.447009	2.4513288880007167	81.055744
jbmc-regression/StringConstructors05.yml	false	false	2.700912	2.715368541999851	93.065216
jbmc-regression/StringContains01.yml	false	false	2.08806	2.104924753000887	94.547968
jbmc-regression/StringContains02.yml	false	false	2.733363	2.7503029680010513	91.168768
jbmc-regression/StringIndexMethods01.yml	true	true	1.717784	1.7358733260007284	53.207040
jbmc-regression/StringIndexMethods02.yml	false	false	2.644273	2.6554985370003124	102.076416
jbmc-regression/StringIndexMethods03.yml	false	unknown	1.944784	2.015998106000552	97.390592
jbmc-regression/StringIndexMethods04.yml	false	TIMEOUT	900.753641	901.0074365849996	484.237312
jbmc-regression/StringIndexMethods05.yml	false	unknown	2.433423	2.4393234549988847	98.095104
jbmc-regression/StringMiscellaneous01.yml	true	true	1.820181	1.8318619350011431	53.829632
jbmc-regression/StringMiscellaneous02.yml	false	false	2.658372	2.6692989910006872	104.304640
jbmc-regression/StringMiscellaneous03.yml	false	false	2.339931	2.3522600470005273	115.675136
jbmc-regression/StringMiscellaneous04.yml	true	true	2.363122	2.3742333959999087	53.288960
jbmc-regression/StringStartEnd01.yml	true	true	1.727933	1.743077610999535	52.953088
jbmc-regression/StringStartEnd02.yml	false	false	2.067766	2.0815460039993923	82.186240
jbmc-regression/StringStartEnd03.yml	false	false	2.669951	2.6932900289993995	81.920000
jbmc-regression/StringValueOf01.yml	true	true	1.597715	1.6109797119988798	55.521280
jbmc-regression/StringValueOf02.yml	false	false	2.25558	2.2700436129998707	56.442880
jbmc-regression/StringValueOf03.yml	false	false	1.75981	1.7703048210005363	56.479744
jbmc-regression/StringValueOf04.yml	false	false	2.709852	2.7475101180007186	81.321984
jbmc-regression/StringValueOf05.yml	false	false	2.447799	2.4680863920002594	114.249728
jbmc-regression/StringValueOf06.yml	false	false	2.11104	2.127739247998761	80.740352
jbmc-regression/StringValueOf07.yml	false	unknown	2.286829	2.3081810579988087	53.583872
jbmc-regression/StringValueOf08.yml	false	unknown	2.045774	2.054241064000962	77.258752
jbmc-regression/StringValueOf09.yml	false	unknown	2.487011	2.5020703690006485	77.553664
jbmc-regression/StringValueOf10.yml	false	false	2.093757	2.119837270000062	80.232448
jbmc-regression/SubString01.yml	true	true	2.129067	2.1346373529995617	53.657600
jbmc-regression/SubString02.yml	false	false	1.967644	1.9776824370001123	80.883712
jbmc-regression/SubString03.yml	false	false	2.638515	2.6498967280003853	81.977344
jbmc-regression/TokenTest01.yml	true	true	1.728596	1.7415454700003465	53.035008
jbmc-regression/TokenTest02.yml	false	unknown	2.139425	2.163241999998718	53.641216
jbmc-regression/Validate01.yml	true	true	1.76736	1.7791369639999175	53.305344
jbmc-regression/Validate02.yml	false	unknown	2.39521	2.451500727000166	54.263808
jbmc-regression/aastore_aaload1.yml	true	unknown	2.06112	2.1274820839989843	100.220928
jbmc-regression/array1.yml	true	unknown	2.342361	2.361748703999183	113.901568
jbmc-regression/array2.yml	true	true	2.642205	2.6502264509999804	100.339712
jbmc-regression/arraylength1.yml	true	unknown	2.150668	2.1566995720004343	113.393664
jbmc-regression/arrayread1.yml	true	unknown	2.779633	2.792640200999813	112.271360
jbmc-regression/assert1.yml	true	true	1.942792	1.9551134199991793	108.732416
jbmc-regression/assert2.yml	false	false	2.744263	2.753364797999893	102.100992
jbmc-regression/assert3.yml	false	false	2.242404	2.2565610040001047	114.352128
jbmc-regression/assert4.yml	false	false	2.589309	2.5948933419986133	109.346816
jbmc-regression/assert5.yml	true	true	2.163398	2.173372916999142	113.188864
jbmc-regression/assert6.yml	true	true	2.246678	2.2748880260005535	113.414144
jbmc-regression/astore_aload1.yml	true	true	2.382059	2.405601440999817	54.525952
jbmc-regression/athrow1.yml	false	false	1.910472	1.9271524899995711	55.595008
jbmc-regression/basic1.yml	true	true	2.183506	2.2024012210004003	53.641216
jbmc-regression/bitwise1.yml	true	unknown	1.959422	1.9729652450005233	109.039616
jbmc-regression/boolean1.yml	true	true	2.511532	2.5250147369988554	100.077568
jbmc-regression/boolean2.yml	true	true	2.01695	2.030195516999811	100.864000
jbmc-regression/bug-test-gen-095.yml	false	false	2.652059	2.6631225040000572	80.494592
jbmc-regression/bug-test-gen-119-2.yml	true	true	1.624165	1.6337688139992679	53.108736
jbmc-regression/bug-test-gen-119.yml	true	false	2.623605	2.6323779600006674	102.686720
jbmc-regression/calc.yml	true	unknown	2.035693	2.045402735000607	101.265408
jbmc-regression/cast1.yml	true	unknown	2.539902	2.5536610960007238	101.937152
jbmc-regression/catch1.yml	true	true	1.624439	1.6470042019991524	55.013376
jbmc-regression/char1.yml	true	unknown	2.600934	2.6066302310009632	103.120896
jbmc-regression/charArray.yml	true	unknown	1.958264	1.9717377700017096	100.749312
jbmc-regression/classtest1.yml	true	true	2.013378	2.0251257910003915	53.116928
jbmc-regression/const1.yml	true	true	2.043194	2.0749820219989488	54.784000
jbmc-regression/constructor1.yml	true	true	1.72812	1.7410390479999478	54.202368
jbmc-regression/enum1.yml	true	true	2.079064	2.0939742009995825	53.915648
jbmc-regression/exceptions1.yml	false	false	2.181915	2.2011184060011146	55.451648
jbmc-regression/exceptions10.yml	false	false	1.656198	1.6768659890003619	53.874688
jbmc-regression/exceptions11.yml	false	false	2.129745	2.147926044999622	54.390784
jbmc-regression/exceptions12.yml	false	false	1.69677	1.7198321020005096	57.286656
jbmc-regression/exceptions13.yml	false	false	2.205987	2.2098305839990644	53.604352
jbmc-regression/exceptions14.yml	true	true	2.005912	2.019214694000766	53.014528
jbmc-regression/exceptions15.yml	true	true	1.715037	1.7349273639993044	56.143872
jbmc-regression/exceptions16.yml	false	false	2.23462	2.23917342400091	57.733120
jbmc-regression/exceptions18.yml	true	true	2.025339	2.035965490000308	53.559296
jbmc-regression/exceptions2.yml	false	false	1.719162	1.7417585129987856	54.181888
jbmc-regression/exceptions3.yml	false	false	2.130061	2.1491784659992845	55.185408
jbmc-regression/exceptions4.yml	true	true	2.093491	2.111526854998374	53.309440
jbmc-regression/exceptions5.yml	true	true	1.65925	1.6630049070008681	54.665216
jbmc-regression/exceptions6.yml	false	false	2.07577	2.079009439999936	54.145024
jbmc-regression/exceptions7.yml	false	false	1.593068	1.6068886600005499	53.477376
jbmc-regression/exceptions8.yml	false	false	1.939534	1.9625585049998335	56.033280
jbmc-regression/exceptions9.yml	true	true	1.490422	1.4971675399992819	55.287808
jbmc-regression/fcmpx_dcmpx1.yml	true	true	1.455144	1.469580937999126	56.094720
jbmc-regression/iarith1.yml	true	true	1.42538	1.4378956130003644	53.121024
jbmc-regression/iarith2.yml	true	true	1.893195	1.9048018310004409	53.919744
jbmc-regression/if_acmp1.yml	true	true	1.832049	1.8451030149990402	53.665792
jbmc-regression/if_expr1.yml	true	true	1.916348	1.9454345750000357	100.470784
jbmc-regression/if_icmp1.yml	true	true	2.136655	2.147986015999777	114.282496
jbmc-regression/ifxx1.yml	true	true	1.607184	1.644436950000454	53.272576
jbmc-regression/instanceof1.yml	true	true	1.564224	1.5919210169995495	55.975936
jbmc-regression/instanceof2.yml	true	true	1.768086	1.7850940150001406	52.961280
jbmc-regression/instanceof3.yml	true	true	1.793745	1.842898000999412	53.542912
jbmc-regression/instanceof4.yml	true	true	1.466678	1.48264575200119	53.456896
jbmc-regression/instanceof5.yml	true	true	1.359129	1.3620727019988408	53.166080
jbmc-regression/instanceof6.yml	true	true	1.378679	1.3969690360008826	52.899840
jbmc-regression/instanceof7.yml	true	true	1.386958	1.3956212569992203	52.936704
jbmc-regression/instanceof8.yml	true	true	1.824801	1.842209915001149	54.452224
jbmc-regression/interface1.yml	false	false	1.736457	1.7485929140002554	53.821440
jbmc-regression/java_append_char.yml	false	false	1.602346	1.6136387209990062	100.294656
jbmc-regression/lazyloading4.yml	true	true	1.348269	1.3585035689993674	54.968320
jbmc-regression/list1.yml	true	unknown	1.741592	1.7541212910000468	108.851200
jbmc-regression/long1.yml	true	true	1.339645	1.3491218279996247	53.350400
jbmc-regression/lookupswitch1.yml	true	true	3.002103	3.01542808099839	102.043648
jbmc-regression/multinewarray.yml	true	true	1.366478	1.3778543120006361	53.043200
jbmc-regression/overloading1.yml	true	true	1.748502	1.7618887850003375	52.871168
jbmc-regression/package1.yml	true	true	1.331254	1.3439898779997748	53.702656
jbmc-regression/putfield_getfield1.yml	true	true	1.340816	1.353963424999165	54.157312
jbmc-regression/putstatic_getstatic1.yml	true	true	1.382368	1.4050664940004935	55.545856
jbmc-regression/recursion2.yml	true	true	1.385989	1.3950832320006157	53.215232
jbmc-regression/return1.yml	false	false	1.339653	1.3639102870001807	55.648256
jbmc-regression/return2.yml	false	false	2.316193	2.3270932309987984	113.823744
jbmc-regression/store_load1.yml	true	true	1.418992	1.4300312680006755	55.296000
jbmc-regression/swap1.yml	true	true	1.354052	1.372457798999676	55.799808
jbmc-regression/synchronized.yml	true	true	1.759516	1.7628411700006836	53.403648
jbmc-regression/tableswitch1.yml	true	true	2.381438	2.3914720520006085	101.744640
jbmc-regression/uninitialised1.yml	true	true	1.291669	1.2956825040000695	52.854784
jbmc-regression/virtual1.yml	true	true	1.409492	1.4209842649997881	56.221696
jbmc-regression/virtual2.yml	false	false	1.457628	1.4759820969993598	54.128640
jbmc-regression/virtual4.yml	true	true	1.751207	1.7741186610001023	53.223424
jbmc-regression/virtual_function_unwinding.yml	true	true	1.439688	1.4531593209994753	53.137408
jpf-regression/ExDarko_false.yml	false	false	2.426056	2.4297420940001757	100.999168
jpf-regression/ExDarko_true.yml	true	true	1.810092	1.8177216209987819	113.340416
jpf-regression/ExException_false.yml	false	false	1.653854	1.656553549999444	102.821888
jpf-regression/ExException_true.yml	true	true	1.735867	1.7588036119996104	113.352704
jpf-regression/ExGenSymExe_false.yml	false	false	1.42175	1.4245451320002758	52.916224
jpf-regression/ExGenSymExe_true.yml	true	true	1.827637	1.8310380169987184	53.678080
jpf-regression/ExLazy_false.yml	false	false	1.638937	1.6517194190000737	100.835328
jpf-regression/ExLazy_true.yml	true	true	1.680316	1.6904494129994418	103.116800
jpf-regression/ExMIT_false.yml	false	false	1.58298	1.5863048800001707	100.540416
jpf-regression/ExMIT_true.yml	true	true	2.090707	2.1020382389997394	99.627008
jpf-regression/ExSymExe10_false.yml	false	false	1.658883	1.661902204999933	101.875712
jpf-regression/ExSymExe10_true.yml	true	true	2.10767	2.116086231000736	100.298752
jpf-regression/ExSymExe11_false.yml	false	false	1.481743	1.494306205000612	55.947264
jpf-regression/ExSymExe11_true.yml	true	true	1.650795	1.664231185999597	102.322176
jpf-regression/ExSymExe12_false.yml	false	false	1.929568	1.941859997001302	114.696192
jpf-regression/ExSymExe12_true.yml	true	true	2.027237	2.043019958999139	114.249728
jpf-regression/ExSymExe13_false.yml	false	false	2.813249	2.836516298000788	117.751808
jpf-regression/ExSymExe13_true.yml	true	true	2.225505	2.2628641890005383	110.243840
jpf-regression/ExSymExe14_false.yml	false	false	1.885935	1.8955859079997026	102.047744
jpf-regression/ExSymExe14_true.yml	true	true	1.869171	1.8814873989995249	101.441536
jpf-regression/ExSymExe15_false.yml	false	false	1.775307	1.7924233400008234	100.511744
jpf-regression/ExSymExe15_true.yml	true	true	1.74547	1.761532893000549	101.240832
jpf-regression/ExSymExe16_false.yml	false	false	1.403725	1.4244662319997587	55.754752
jpf-regression/ExSymExe16_true.yml	true	true	1.849198	1.8565033730010327	55.484416
jpf-regression/ExSymExe17_false.yml	false	false	1.395453	1.407879767999475	52.858880
jpf-regression/ExSymExe17_true.yml	true	true	1.748569	1.7621045139985654	53.276672
jpf-regression/ExSymExe18_false.yml	false	false	1.563221	1.5744876819990168	99.794944
jpf-regression/ExSymExe18_true.yml	true	true	1.407826	1.4204481189990474	55.152640
jpf-regression/ExSymExe19_false.yml	false	false	1.641952	1.644702497000253	101.969920
jpf-regression/ExSymExe19_true.yml	true	unknown	1.918746	1.9310599909986195	139.313152
jpf-regression/ExSymExe1_false.yml	false	unknown	2.254392	2.266338118000931	123.367424
jpf-regression/ExSymExe1_true.yml	true	true	1.781887	1.7981990209991636	56.184832
jpf-regression/ExSymExe20_false.yml	false	unknown	3.011236	3.0244276999983413	165.507072
jpf-regression/ExSymExe20_true.yml	true	true	1.406453	1.4294797040001868	53.682176
jpf-regression/ExSymExe21_false.yml	false	unknown	1.787655	1.8070828470008564	125.652992
jpf-regression/ExSymExe21_true.yml	true	true	1.539084	1.5519096619991615	53.129216
jpf-regression/ExSymExe25_false.yml	false	false	1.715014	1.7305550050004967	101.306368
jpf-regression/ExSymExe25_true.yml	true	true	1.788023	1.8149592700010544	53.460992
jpf-regression/ExSymExe26_false.yml	false	unknown	3.511783	3.5251417180006683	148.004864
jpf-regression/ExSymExe26_true.yml	true	true	1.380488	1.386114777998955	55.234560
jpf-regression/ExSymExe27_false.yml	false	false	1.584449	1.605929281000499	100.933632
jpf-regression/ExSymExe27_true.yml	true	true	1.451749	1.4629492730000493	53.415936
jpf-regression/ExSymExe28_false.yml	false	false	1.784281	1.7972696800006815	101.793792
jpf-regression/ExSymExe28_true.yml	true	true	1.810782	1.8139286390014604	55.341056
jpf-regression/ExSymExe29_false.yml	false	unknown	1.813269	1.8259903220005071	156.856320
jpf-regression/ExSymExe29_true.yml	true	true	1.451239	1.460302244999184	54.030336
jpf-regression/ExSymExe2_false.yml	false	unknown	1.930957	1.934321409000404	141.225984
jpf-regression/ExSymExe2_true.yml	true	true	1.402316	1.422913972999595	55.005184
jpf-regression/ExSymExe3_false.yml	false	false	2.12022	2.1237582760004443	101.339136
jpf-regression/ExSymExe3_true.yml	true	true	1.869602	1.8872228740001447	53.182464
jpf-regression/ExSymExe4_false.yml	false	unknown	1.731958	1.7419216279995453	127.242240
jpf-regression/ExSymExe4_true.yml	true	true	1.411071	1.4238153290007176	53.415936
jpf-regression/ExSymExe5_false.yml	false	false	1.621608	1.6345894900005078	100.925440
jpf-regression/ExSymExe5_true.yml	true	true	1.40017	1.4121212969985208	53.657600
jpf-regression/ExSymExe6_false.yml	false	unknown	2.096383	2.109514219999255	98.160640
jpf-regression/ExSymExe6_true.yml	true	true	1.838305	1.8572182429998065	54.374400
jpf-regression/ExSymExe7_false.yml	false	unknown	1.730376	1.7373108609990595	127.229952
jpf-regression/ExSymExe7_true.yml	true	unknown	2.008826	2.0204340960008267	146.071552
jpf-regression/ExSymExe8_false.yml	false	unknown	1.881299	1.9036376280000695	140.623872
jpf-regression/ExSymExe8_true.yml	true	true	1.456907	1.4718973809995077	55.828480
jpf-regression/ExSymExe9_false.yml	false	false	1.594962	1.6041290529992693	55.959552
jpf-regression/ExSymExe9_true.yml	true	true	1.803256	1.8188959039998736	53.444608
jpf-regression/ExSymExeArrays_false.yml	false	false	1.886421	1.9036463919983362	53.878784
jpf-regression/ExSymExeArrays_true.yml	true	true	1.551408	1.5741903909984103	56.655872
jpf-regression/ExSymExeBool_false.yml	false	false	1.667967	1.6893428900002618	53.882880
jpf-regression/ExSymExeBool_true.yml	true	true	1.600527	1.6204208020008082	54.398976
jpf-regression/ExSymExeComplexMath_false.yml	false	false	1.457406	1.4783756560009351	53.309440
jpf-regression/ExSymExeComplexMath_true.yml	true	true	1.832531	1.8541443210015132	55.300096
jpf-regression/ExSymExeD2I_false.yml	false	false	1.444306	1.4570639009998558	54.255616
jpf-regression/ExSymExeD2I_true.yml	true	true	1.866338	1.8802430600007938	77.856768
jpf-regression/ExSymExeD2L_false.yml	false	true	1.470454	1.4845703829996637	77.819904
jpf-regression/ExSymExeD2L_true.yml	true	true	1.485736	1.4886904650011274	77.180928
jpf-regression/ExSymExeF2I_false.yml	false	false	1.351126	1.3613094619995536	53.542912
jpf-regression/ExSymExeF2I_true.yml	true	true	1.508036	1.5151407239991386	81.362944
jpf-regression/ExSymExeF2L_false.yml	false	true	1.497422	1.5140293840013328	81.260544
jpf-regression/ExSymExeF2L_true.yml	true	true	1.804826	1.8154913449998276	77.254656
jpf-regression/ExSymExeFNEG_false.yml	false	true	1.400932	1.4135207929994067	77.213696
jpf-regression/ExSymExeFNEG_true.yml	true	true	1.944827	1.9581713539992052	77.463552
jpf-regression/ExSymExeGetStatic_false.yml	false	false	1.397354	1.4097396859997389	54.968320
jpf-regression/ExSymExeGetStatic_true.yml	true	true	1.387249	1.3900775260008231	53.915648
jpf-regression/ExSymExeI2D_false.yml	false	true	1.588571	1.60043176399995	100.929536
jpf-regression/ExSymExeI2D_true.yml	true	true	1.748559	1.7580629379990569	116.043776
jpf-regression/ExSymExeI2F_false.yml	false	false	1.82882	1.8491289760004292	54.923264
jpf-regression/ExSymExeI2F_true.yml	true	true	2.272755	2.2934240819995466	111.640576
jpf-regression/ExSymExeLCMP_false.yml	false	unknown	1.640795	1.6527205880011024	102.187008
jpf-regression/ExSymExeLCMP_true.yml	true	true	1.713055	1.7200788310001371	113.491968
jpf-regression/ExSymExeLongBytecodes_false.yml	false	unknown	1.789517	1.7988004210001236	113.479680
jpf-regression/ExSymExeLongBytecodes_true.yml	true	true	1.884766	1.9047870970007352	112.926720
jpf-regression/ExSymExeResearch_false.yml	false	false	2.373867	2.381856958998469	110.919680
jpf-regression/ExSymExeResearch_true.yml	true	true	1.973052	1.9762898389999464	118.939648
jpf-regression/ExSymExeSimple_false.yml	false	false	2.200046	2.2080630059990654	100.364288
jpf-regression/ExSymExeSimple_true.yml	true	true	1.859738	1.8782348669992643	113.836032
jpf-regression/ExSymExeSuzette_false.yml	false	false	1.81908	1.8321134819998406	102.088704
jpf-regression/ExSymExeSuzette_true.yml	true	true	1.761606	1.774548973000492	109.199360
jpf-regression/ExSymExeSwitch_false.yml	false	false	1.679733	1.692703253000218	101.818368
jpf-regression/ExSymExeSwitch_true.yml	true	true	2.219368	2.2317505210012314	100.245504
jpf-regression/ExSymExeTestAssignments_false.yml	false	false	1.838546	1.8582923150006536	113.577984
jpf-regression/ExSymExeTestAssignments_true.yml	true	true	2.309896	2.3219335520007007	111.693824
jpf-regression/ExSymExeTestClassFields_false.yml	false	false	1.801084	1.823879964000298	113.586176
jpf-regression/ExSymExeTestClassFields_true.yml	true	true	1.745349	1.757096786999682	113.057792
jpf-regression/ExSymExe_false.yml	false	false	1.496496	1.5087860530002217	55.345152
jpf-regression/ExSymExe_true.yml	true	true	1.479404	1.4917368449987407	55.083008
jpf-regression/TestLazy_false.yml	false	false	2.224607	2.237498811999103	113.680384
jpf-regression/TestLazy_true.yml	true	true	1.683015	1.7027335460006725	112.898048
java-ranger-regression/LoopCharAt.yml	false	true	11.242109	11.267559031999554	128.069632
java-ranger-regression/TCAS_prop1.yml	false	false	13.294408	13.335649937000198	143.581184
java-ranger-regression/TCAS_prop2.yml	true	true	53.125081	53.17443288600043	154.718208
java-ranger-regression/TCAS_prop3.yml	true	true	52.889464	53.01557078800033	145.121280
java-ranger-regression/apachecli_eqchk.yml	true	true	316.978149	317.3518516940003	187.609088
java-ranger-regression/schedule_eqchk.yml	true	true	64.563621	64.58817526700113	145.551360
java-ranger-regression/WBS/WBS_prop1.yml	false	false	2.826577	2.8303758050005854	103.194624
java-ranger-regression/WBS/WBS_prop2.yml	true	true	65.032181	65.14805240699934	135.176192
java-ranger-regression/WBS/WBS_prop3.yml	false	false	2.648811	2.662251396999636	116.039680
java-ranger-regression/WBS/WBS_prop4.yml	false	false	46.800725	47.04055600299944	134.287360
java-ranger-regression/alarm/Alarm_prop1.yml	true	true	3.482913	3.4991411900009552	121.102336
java-ranger-regression/alarm/Alarm_prop10.yml	true	true	3.569516	3.584972963000837	121.663488
java-ranger-regression/alarm/Alarm_prop2.yml	true	true	3.751737	3.7649766720005573	122.523648
java-ranger-regression/alarm/Alarm_prop3.yml	true	true	3.448687	3.460876940000162	117.657600
java-ranger-regression/alarm/Alarm_prop4.yml	true	true	3.697353	3.735902530999738	122.634240
java-ranger-regression/alarm/Alarm_prop5.yml	true	true	3.502737	3.522443324000051	117.948416
java-ranger-regression/alarm/Alarm_prop6.yml	true	true	3.052014	3.0634334400001535	123.826176
java-ranger-regression/alarm/Alarm_prop8.yml	true	true	3.099826	3.1161214800013113	105.713664
java-ranger-regression/alarm/Alarm_prop9.yml	true	true	3.066291	3.0788442980010586	108.085248
java-ranger-regression/infusion/Infusion_prop1.yml	true	true	3.649195	3.6632108890007657	117.473280
java-ranger-regression/infusion/Infusion_prop10.yml	true	true	2.870895	2.8813096539997787	120.709120
java-ranger-regression/infusion/Infusion_prop11.yml	true	true	2.656359	2.670846878998418	103.776256
java-ranger-regression/infusion/Infusion_prop12.yml	true	true	3.104047	3.109157975999551	121.757696
java-ranger-regression/infusion/Infusion_prop13.yml	true	true	4.19576	4.218711653000355	121.888768
java-ranger-regression/infusion/Infusion_prop2.yml	true	true	2.867334	2.878423964999456	117.587968
java-ranger-regression/infusion/Infusion_prop3.yml	true	true	2.795024	2.807639686001494	104.697856
java-ranger-regression/infusion/Infusion_prop4.yml	true	true	2.969466	2.9793333939996955	122.163200
java-ranger-regression/infusion/Infusion_prop5.yml	true	true	2.953464	2.967820343999847	117.653504
java-ranger-regression/infusion/Infusion_prop6.yml	true	true	2.887643	2.9025975940003264	117.731328
java-ranger-regression/infusion/Infusion_prop7.yml	true	true	3.417435	3.435027911000361	104.189952
java-ranger-regression/infusion/Infusion_prop8.yml	true	true	3.243683	3.2631571749989234	118.202368
java-ranger-regression/infusion/Infusion_prop9.yml	true	true	2.750995	2.773272619000636	107.409408
java-ranger-regression/siena_eqchk/siena_prop1.yml	true	unknown	32.304701	32.48058681600014	142.397440
java-ranger-regression/siena_eqchk/siena_prop2.yml	false	false	20.428727	20.47212550199947	136.036352
java-ranger-regression/replace5_eqchk/replace5_prop1.yml	true	true	145.506404	145.5580549719998	141.115392
java-ranger-regression/replace5_eqchk/replace5_prop2.yml	false	false	3.491958	3.5150623800000176	106.696704
java-ranger-regression/nanoxml_eqchk/nanoxml_prop1.yml	true	unknown	2.593547	2.6001756669993483	100.417536
java-ranger-regression/nanoxml_eqchk/nanoxml_prop2.yml	false	unknown	2.851052	2.874458157000845	111.783936
java-ranger-regression/nanoxml_eqchk/nanoxml_prop3.yml	false	unknown	3.453316	3.4656603949988494	100.200448
java-ranger-regression/printtokens_eqchk/printtokens_prop1.yml	true	unknown	2.3529	2.366250807999677	100.872192
java-ranger-regression/printtokens_eqchk/printtokens_prop2.yml	false	false	3.168453	3.1740163790000224	101.462016
MinePump/spec1-5_product1.yml	false	false	2.743074	2.750063534000219	105.140224
MinePump/spec1-5_product10.yml	false	false	3.722281	3.7596554799984006	117.006336
MinePump/spec1-5_product11.yml	false	false	11.864726	11.87992034600029	127.971328
MinePump/spec1-5_product12.yml	false	false	4.405117	4.442780680999931	112.103424
MinePump/spec1-5_product13.yml	false	false	3.418799	3.4249263660003635	107.233280
MinePump/spec1-5_product14.yml	false	false	2.793846	2.804646894999678	106.336256
MinePump/spec1-5_product15.yml	false	false	16.251057	16.268284067000423	128.143360
MinePump/spec1-5_product16.yml	false	false	3.423969	3.427896495000823	121.982976
MinePump/spec1-5_product17.yml	false	false	3.090591	3.0941652149995207	115.183616
MinePump/spec1-5_product18.yml	false	false	2.963671	2.9755003949994716	117.121024
MinePump/spec1-5_product19.yml	false	false	10.836197	10.839982270999826	130.224128
MinePump/spec1-5_product2.yml	false	false	2.805556	2.8092496039989783	115.273728
MinePump/spec1-5_product20.yml	false	false	3.341658	3.349629988999368	115.085312
MinePump/spec1-5_product21.yml	false	false	2.506045	2.5167114680007217	101.785600
MinePump/spec1-5_product22.yml	false	false	2.42651	2.4313370880008733	106.749952
MinePump/spec1-5_product23.yml	false	false	11.555702	11.561552181001389	125.071360
MinePump/spec1-5_product24.yml	false	false	3.149473	3.1564621229990735	115.109888
MinePump/spec1-5_product25.yml	false	false	2.503965	2.515708860999439	118.923264
MinePump/spec1-5_product26.yml	false	false	3.083492	3.0871506029998272	106.721280
MinePump/spec1-5_product27.yml	false	false	12.359372	12.3938058190015	127.467520
MinePump/spec1-5_product28.yml	false	false	3.781686	3.7887764669994795	120.233984
MinePump/spec1-5_product29.yml	false	false	3.26344	3.288854745000208	105.308160
MinePump/spec1-5_product3.yml	false	false	11.708205	11.71630720900066	125.542400
MinePump/spec1-5_product30.yml	false	false	3.445452	3.4489195269998163	115.671040
MinePump/spec1-5_product31.yml	false	false	10.963371	10.96834766199936	129.884160
MinePump/spec1-5_product32.yml	false	false	4.494768	4.509164680999675	109.969408
MinePump/spec1-5_product33.yml	false	false	2.610693	2.622904304000258	114.167808
MinePump/spec1-5_product34.yml	false	false	2.960108	2.963925009000377	102.080512
MinePump/spec1-5_product35.yml	false	false	10.995152	11.043752151001172	125.640704
MinePump/spec1-5_product36.yml	false	false	3.149969	3.1647247479995713	109.432832
MinePump/spec1-5_product37.yml	false	false	2.899201	2.9397099610014266	104.275968
MinePump/spec1-5_product38.yml	false	false	2.468146	2.4868128830003116	104.349696
MinePump/spec1-5_product39.yml	false	false	9.345858	9.351355949000208	128.851968
MinePump/spec1-5_product4.yml	false	false	4.555703	4.585217709000062	115.101696
MinePump/spec1-5_product40.yml	false	false	3.198255	3.2019232919992646	115.097600
MinePump/spec1-5_product41.yml	false	false	2.865194	2.8795512540000345	109.391872
MinePump/spec1-5_product42.yml	false	false	3.7751	3.79732612800035	109.383680
MinePump/spec1-5_product43.yml	false	false	11.972012	11.992738430999452	134.443008
MinePump/spec1-5_product44.yml	false	false	3.515874	3.5198947270000644	122.523648
MinePump/spec1-5_product45.yml	false	false	3.720163	3.7249389509997854	109.178880
MinePump/spec1-5_product46.yml	false	false	2.80386	2.8160289200004627	114.257920
MinePump/spec1-5_product47.yml	false	false	11.980826	11.993953109000358	127.614976
MinePump/spec1-5_product48.yml	false	false	3.336216	3.353808167999887	111.841280
MinePump/spec1-5_product49.yml	false	false	3.069554	3.097497568000108	104.284160
MinePump/spec1-5_product5.yml	false	false	3.432951	3.4578487050002877	104.722432
MinePump/spec1-5_product50.yml	false	false	2.351942	2.3627723900008277	101.347328
MinePump/spec1-5_product51.yml	false	false	9.991603	9.997735033999561	125.579264
MinePump/spec1-5_product52.yml	false	false	3.004037	3.0136600120004005	109.408256
MinePump/spec1-5_product53.yml	false	false	2.944362	2.9483710169988626	101.142528
MinePump/spec1-5_product54.yml	false	false	2.226639	2.238184261999777	103.653376
MinePump/spec1-5_product55.yml	false	false	15.544493	15.56378544600011	130.318336
MinePump/spec1-5_product56.yml	false	false	2.933073	2.9459836360001646	109.432832
MinePump/spec1-5_product57.yml	true	true	90.542404	91.21817015799934	139.603968
MinePump/spec1-5_product58.yml	true	true	90.017481	90.04783381400011	139.452416
MinePump/spec1-5_product59.yml	true	true	86.924613	86.96883578000052	139.902976
MinePump/spec1-5_product6.yml	false	false	3.423754	3.4382776219990774	106.582016
MinePump/spec1-5_product60.yml	true	true	135.256922	135.381416446	140.173312
MinePump/spec1-5_product61.yml	true	true	118.166465	119.22670775300139	141.463552
MinePump/spec1-5_product62.yml	true	true	92.717077	93.2726313889998	137.617408
MinePump/spec1-5_product63.yml	true	true	85.829563	86.51593524499913	140.173312
MinePump/spec1-5_product64.yml	true	true	92.573375	93.2212809699995	146.382848
MinePump/spec1-5_product7.yml	false	false	17.775158	18.001773929998308	125.079552
MinePump/spec1-5_product8.yml	false	false	3.990417	4.0189925670001685	111.104000
MinePump/spec1-5_product9.yml	false	false	3.066427	3.1001403819991538	107.991040
algorithms/BellmanFord-FunSat01.yml	true	unknown	3.003338	3.2524255580010504	122.589184
algorithms/BellmanFord-FunSat02.yml	false	unknown	2.16101	2.173187090000283	109.281280
algorithms/BellmanFord-FunUnsat01.yml	false	unknown	2.52723	2.5402550180006074	122.810368
algorithms/BellmanFord-FunUnsat02.yml	false	unknown	3.081977	3.10275959899991	122.064896
algorithms/BellmanFord-MemSat01.yml	true	unknown	2.470706	2.4825855400013097	122.654720
algorithms/BellmanFord-MemSat02.yml	true	unknown	2.310193	2.357825283999773	108.883968
algorithms/BellmanFord-MemUnsat01.yml	false	unknown	3.20101	3.2575185999994574	122.441728
algorithms/BellmanFord-MemUnsat02.yml	false	unknown	2.149599	2.158763049999834	112.205824
algorithms/BinaryTreeSearch-FunSat01.yml	true	true	34.78809	34.815669536001224	151.420928
algorithms/BinaryTreeSearch-FunUnsat01.yml	false	false	2.927821	2.952988394001295	118.689792
algorithms/BinaryTreeSearch-MemSat01.yml	true	true	28.465698	28.489576609001233	146.624512
algorithms/BinaryTreeSearch-MemUnsat01.yml	false	false	2.524079	2.618757448000906	101.904384
algorithms/BinaryTreeSearch-MemUnsat02.yml	false	false	2.080436	2.0914904269993713	102.469632
algorithms/InsertionSort-FunSat01.yml	true	unknown	2.467566	2.5397151520010084	113.651712
algorithms/InsertionSort-FunSat02.yml	true	unknown	1.843558	1.8485813810002583	101.408768
algorithms/InsertionSort-FunUnsat01.yml	false	unknown	1.818053	1.8336968530002196	103.391232
algorithms/InsertionSort-MemSat01.yml	true	unknown	1.986663	2.007667443000173	113.840128
algorithms/InsertionSort-MemUnsat01.yml	false	unknown	2.218173	2.2754123319991777	101.031936
algorithms/MergeSortIterative-FunSat01.yml	true	unknown	1.881924	1.8852450359991053	101.957632
algorithms/MergeSortIterative-FunSat02.yml	true	unknown	1.793537	1.805464662000304	100.880384
algorithms/MergeSortIterative-FunUnsat01.yml	false	unknown	1.769203	1.7722846590004337	101.216256
algorithms/MergeSortIterative-MemSat01.yml	false	unknown	1.706244	1.709366252000109	101.257216
algorithms/MergeSortIterative-MemUnsat01.yml	false	unknown	2.387527	2.4455635949998396	113.713152
algorithms/RedBlackTree-FunSat01.yml	true	true	4.778012	4.791160302000208	122.064896
algorithms/RedBlackTree-FunUnsat01.yml	false	false	3.178134	3.19553392600028	121.958400
algorithms/RedBlackTree-MemSat01.yml	true	true	23.162502	23.184109512998475	136.392704
algorithms/RedBlackTree-MemUnsat01.yml	false	unknown	7.950201	7.993259487999239	134.512640
algorithms/SortedListInsert-FunSat01.yml	true	true	23.73803	23.754780381999808	151.179264
algorithms/SortedListInsert-FunSat02.yml	true	true	32.260754	32.32335028499983	142.757888
algorithms/SortedListInsert-FunUnsat01.yml	false	false	4.919276	4.934045811000033	119.595008
algorithms/SortedListInsert-MemSat01.yml	true	true	16.841151	16.849551426999824	126.795776
algorithms/SortedListInsert-MemUnsat01.yml	false	unknown	1.974066	1.986956270000519	101.740544
algorithms/Trie-FunSat01.yml	true	true	2.169725	2.1825509990012506	100.683776
algorithms/Trie-FunUnsat01.yml	false	false	1.973128	1.9768116049999662	100.601856
algorithms/Trie-MemSat01.yml	true	true	2.061978	2.0730536480004957	113.057792
algorithms/Trie-MemUnsat01.yml	false	false	2.790988	2.796255146000476	113.627136
algorithms/Tsp-FunSat01.yml	false	unknown	1.89063	1.9002922479994595	100.003840
algorithms/Tsp-FunUnsat01.yml	false	unknown	1.910408	1.9231999089988676	100.036608
algorithms/Tsp-MemSat01.yml	true	unknown	2.239522	2.2447225489995617	99.823616
algorithms/Tsp-MemUnsat01.yml	false	unknown	1.960162	1.9739853729988681	113.496064
juliet-java/CWE369_Divide_by_Zero__float_connect_tcp_divide_01_bad.yml	false	unknown	1.861477	1.878380311998626	58.306560
juliet-java/CWE369_Divide_by_Zero__float_connect_tcp_divide_01_bad_version2.yml	false	unknown	1.902297	1.9176617240009364	58.896384
juliet-java/CWE369_Divide_by_Zero__float_connect_tcp_divide_01_good.yml	true	unknown	2.208974	2.2222283689989126	56.414208
juliet-java/CWE369_Divide_by_Zero__float_connect_tcp_divide_81a_bad.yml	false	unknown	1.787757	1.8107124790003581	56.623104
juliet-java/CWE369_Divide_by_Zero__float_connect_tcp_divide_81a_bad_version2.yml	false	unknown	1.726436	1.7307248390006862	55.848960
juliet-java/CWE369_Divide_by_Zero__float_connect_tcp_divide_81a_good.yml	true	unknown	1.930567	1.958112598000298	56.115200
juliet-java/CWE369_Divide_by_Zero__float_console_readLine_divide_54_bad.yml	false	unknown	2.078167	2.098995519001619	93.978624
juliet-java/CWE369_Divide_by_Zero__float_console_readLine_divide_54_bad_version2.yml	false	unknown	1.992363	2.012302484999964	80.982016
juliet-java/CWE369_Divide_by_Zero__float_console_readLine_divide_54_good.yml	true	unknown	2.423436	2.4446675999988656	93.970432
jdart-regression/OverapproximationString01.yml	false	false	2.350501	2.369759557999714	91.820032
jdart-regression/URLDecoder01.yml	true	false	1.599103	1.611946013999841	71.499776
jdart-regression/URLDecoder02.yml	false	false	1.483214	1.5018382119997113	69.525504
jdart-regression/addition01.yml	false	true	2.502027	2.515286007999748	113.344512
jdart-regression/array-iteration01.yml	false	unknown	1.670928	1.688038251000762	109.387776
jdart-regression/boundcheck100.yml	false	false	11.103226	11.119324146999134	116.486144
jdart-regression/boundcheck200.yml	false	false	17.87565	17.885627869998643	114.016256
jdart-regression/boundcheck30.yml	false	false	4.117589	4.131069270999433	106.934272
jdart-regression/double2long.yml	false	true	1.590543	1.5942493150014343	77.881344
jdart-regression/float.yml	false	true	1.671496	1.684245981001368	82.989056
jdart-regression/list2.yml	true	true	282.17918	283.0412701610003	182.591488
jdart-regression/radians.yml	false	unknown	1.836044	1.8431355040011113	55.922688
jdart-regression/shifting.yml	false	unknown	2.038362	2.062098968999635	109.588480
jdart-regression/shifting2.yml	false	unknown	2.109138	2.1159116010003345	122.118144
jdart-regression/shifting3.yml	false	unknown	1.804797	1.8181703430000198	108.654592
jdart-regression/startswith.yml	true	true	2.112372	2.125694909000231	94.359552
securibench/Aliasing1.yml	false	false	3.584476	3.6071277470000496	99.999744
securibench/Aliasing2.yml	true	true	3.01481	3.0275759390005987	58.658816
securibench/Aliasing3.yml	true	true	3.108682	3.128480137000224	58.982400
securibench/Aliasing4.yml	false	false	3.775249	3.7788080440004705	98.963456
securibench/Aliasing5.yml	false	false	3.469916	3.4743580160011334	82.784256
securibench/Aliasing6.yml	false	false	5.554567	5.571309198001472	103.780352
securibench/Arrays1.yml	false	false	3.685469	3.7056611120005982	102.981632
securibench/Arrays10.yml	false	unknown	3.303517	3.307111176000035	81.551360
securibench/Arrays2.yml	false	false	3.372005	3.3879241719987476	99.688448
securibench/Arrays3.yml	false	false	3.253553	3.2661520060009934	86.962176
securibench/Arrays4.yml	false	false	4.067383	4.07582286700017	86.581248
securibench/Arrays5.yml	true	true	2.76674	2.778878319000796	57.270272
securibench/Arrays6.yml	false	false	3.709992	3.7288625330002105	103.247872
securibench/Arrays7.yml	false	false	3.189426	3.192428600999847	100.945920
securibench/Arrays8.yml	false	false	3.173697	3.306295278998732	86.700032
securibench/Arrays9.yml	false	false	4.219454	4.35505631200067	99.090432
securibench/Basic1.yml	false	false	4.207862	4.2630436180006654	86.884352
securibench/Basic10.yml	false	false	3.648451	3.8898839260000386	87.429120
securibench/Basic11.yml	false	unknown	4.058046	4.2520270089989936	57.253888
securibench/Basic12.yml	false	false	4.042589	4.22316803799913	107.487232
securibench/Basic15.yml	false	false	3.896666	3.9358098800003063	96.002048
securibench/Basic16.yml	false	false	3.42038	3.4837830220003525	82.968576
securibench/Basic17.yml	false	false	4.207527	4.276523446998908	82.849792
securibench/Basic18.yml	false	false	6.112804	6.130678460998752	104.566784
securibench/Basic19.yml	false	false	3.42572	3.4368538630005787	95.322112
securibench/Basic2.yml	false	false	3.703925	3.707879346999107	126.476288
securibench/Basic20.yml	false	false	3.604831	3.6249626860007993	95.076352
securibench/Basic21.yml	false	unknown	4.280354	4.285410016000242	74.596352
securibench/Basic24.yml	false	unknown	3.183837	3.196506722999402	66.465792
securibench/Basic25.yml	false	unknown	4.234954	4.242125254000712	75.968512
securibench/Basic26.yml	false	false	3.176351	3.1808259629997337	83.386368
securibench/Basic27.yml	false	false	3.275005	3.2885397949994513	82.853888
securibench/Basic28.yml	true	true	2.998809	3.0099271969993424	57.405440
securibench/Basic29.yml	false	false	4.186987	4.200937128998703	83.144704
securibench/Basic3.yml	false	unknown	2.882337	2.8881467760002124	58.589184
securibench/Basic30.yml	false	false	3.119847	3.1327295119990595	82.194432
securibench/Basic31.yml	false	false	3.518206	3.527114694001284	97.738752
securibench/Basic32.yml	false	false	3.887436	3.898598346999279	104.435712
securibench/Basic33.yml	false	false	4.02369	4.038455779000287	83.402752
securibench/Basic34.yml	false	false	3.301789	3.3135867549990508	95.756288
securibench/Basic35.yml	false	false	3.962277	3.9754259689998435	89.485312
securibench/Basic37.yml	false	unknown	3.169361	3.1846155200000794	101.777408
securibench/Basic38.yml	false	unknown	3.937212	3.950090674999956	102.776832
securibench/Basic39.yml	false	unknown	3.131359	3.145030540001244	102.928384
securibench/Basic4.yml	false	false	4.228193	4.241310950999832	106.586112
securibench/Basic5.yml	false	unknown	2.854738	2.8580689370010077	56.475648
securibench/Basic6.yml	true	unknown	2.873731	2.8933204249988194	60.358656
securibench/Basic7.yml	false	unknown	3.414772	3.4324295229998825	57.376768
securibench/Basic8.yml	true	true	2.87881	2.9003429020012845	59.383808
securibench/Basic9.yml	false	false	3.303632	3.3165250649999507	104.345600
securibench/Collections1.yml	false	false	3.709963	3.724155828000221	95.387648
securibench/Collections10.yml	false	false	4.069889	4.093201249999765	86.274048
securibench/Collections12.yml	false	false	3.671486	3.6858601270014333	82.702336
securibench/Collections13.yml	false	true	3.071037	3.0967918550013565	57.806848
securibench/Collections14.yml	false	false	4.334048	4.33764200800033	101.617664
securibench/Collections2.yml	false	false	3.440993	3.4641140990006534	96.288768
securibench/Collections3.yml	false	false	4.000232	4.014623953999035	83.394560
securibench/Collections4.yml	false	false	3.395114	3.4077208369999425	95.879168
securibench/Collections5.yml	false	false	3.73204	3.7448516879994713	86.831104
securibench/Collections6.yml	false	false	3.03124	3.0346571699992637	82.264064
securibench/Collections7.yml	false	false	3.419878	3.4235671489987	101.232640
securibench/Collections8.yml	true	true	3.637854	3.6587666559989884	58.974208
securibench/Collections9.yml	true	unknown	3.123198	3.1439811299987923	93.216768
securibench/Datastructures1.yml	false	false	3.974563	3.988545633001195	95.948800
securibench/Datastructures2.yml	false	false	3.276493	3.2993942979992426	95.870976
securibench/Datastructures3.yml	false	false	3.342283	3.3454573469989555	82.804736
securibench/Datastructures4.yml	true	true	2.961562	2.97439009899972	57.794560
securibench/Datastructures5.yml	false	unknown	3.758403	3.782419622000816	57.511936
securibench/Datastructures6.yml	false	false	5.970867	5.981177658000888	112.730112
securibench/Factories1.yml	false	unknown	3.123825	3.1382882140005677	56.614912
securibench/Factories2.yml	false	false	3.422283	3.434286207000696	87.146496
securibench/Factories3.yml	false	false	3.106659	3.118592347000231	82.432000
securibench/Inter1.yml	false	false	4.032378	4.036604622999221	86.237184
securibench/Inter10.yml	false	unknown	3.091364	3.1021302999997715	58.699776
securibench/Inter11.yml	false	unknown	3.178481	3.199576156001058	58.466304
securibench/Inter12.yml	false	false	3.122585	3.1366089499988448	83.165184
securibench/Inter13.yml	false	false	4.514481	4.532127116999618	99.094528
securibench/Inter14.yml	false	false	4.543152	4.556417464000333	108.945408
securibench/Inter2.yml	false	false	4.297902	4.304096551999464	87.207936
securibench/Inter3.yml	false	false	4.25033	4.254475663999983	100.233216
securibench/Inter4.yml	false	false	3.267972	3.2816678489998594	87.351296
securibench/Inter5.yml	false	unknown	3.988217	4.001645487000133	56.877056
securibench/Inter6.yml	false	false	4.031238	4.0455205499984	86.687744
securibench/Inter7.yml	false	false	3.238968	3.24252981599966	86.228992
securibench/Inter8.yml	false	false	3.066304	3.0781251570006134	82.464768
securibench/Inter9.yml	false	unknown	3.014579	3.0288538670010894	56.672256
securibench/Pred1.yml	true	true	3.729751	3.7514749900001334	59.129856
securibench/Pred2.yml	false	false	3.44382	3.446774991998609	115.990528
securibench/Pred3.yml	true	true	3.334208	3.356905291999283	114.442240
securibench/Pred4.yml	false	false	3.491877	3.5146346029996494	98.779136
securibench/Pred5.yml	false	false	4.040103	4.054418625000835	86.929408
securibench/Pred6.yml	true	true	3.135213	3.1504026069997053	60.370944
securibench/Pred7.yml	true	true	3.15462	3.177957025000069	57.565184
securibench/Pred8.yml	false	false	4.634359	4.648396231999868	95.809536
securibench/Pred9.yml	true	true	3.614726	3.62830194000162	95.162368
securibench/Refl1.yml	false	false	4.24688	4.25461211000038	83.439616
securibench/Refl2.yml	false	true	3.216156	3.2342632780000713	61.104128
securibench/Refl3.yml	false	false	3.528793	3.5427649129997008	82.808832
securibench/Refl4.yml	false	false	3.553115	3.5767044170006557	102.326272
securibench/Sanitizers1.yml	false	TIMEOUT	900.407733	901.0040572069993	2310.512640
securibench/Sanitizers2.yml	true	OUT OF MEMORY	322.855396	323.21231760699993	2999.971840
securibench/Sanitizers3.yml	true	unknown	3.572297	3.592219054000452	75.362304
securibench/Sanitizers4.yml	false	TIMEOUT	900.664759	901.002771069001	1140.989952
securibench/Sanitizers5.yml	false	unknown	3.62105	3.6425778859993443	77.119488
securibench/Sanitizers6.yml	true	true	19.77898	19.79412020900054	194.019328
securibench/Session1.yml	false	false	4.182346	4.207502159999422	95.903744
securibench/Session2.yml	false	false	3.985582	4.020924586000547	86.667264
securibench/Session3.yml	false	false	3.483622	3.494675122999979	95.809536
securibench/StrongUpdates1.yml	true	true	3.055371	3.0786572669985617	57.085952
securibench/StrongUpdates2.yml	true	true	3.306372	3.3096466200004215	57.499648
securibench/StrongUpdates3.yml	true	true	3.167799	3.1882297080010176	61.612032
securibench/StrongUpdates4.yml	true	true	3.182953	3.1955205220001517	59.625472
securibench/StrongUpdates5.yml	true	unknown	3.320539	3.3454814510005235	57.581568
float-nonlinear-calculation/Bessel.yml	true	true	1.8381	1.8486304500002007	80.310272
float-nonlinear-calculation/Conflict.yml	true	true	1.985633	2.021998670999892	80.089088
float-nonlinear-calculation/EulerMethod.yml	false	unknown	1.770845	1.787356296001235	81.911808
float-nonlinear-calculation/MathSin.yml	false	unknown	2.249988	2.273083908001354	57.389056
float-nonlinear-calculation/Optimization1.yml	false	unknown	2.219519	2.2336938480002573	77.717504
float-nonlinear-calculation/Optimization2.yml	false	unknown	2.490046	2.5108486660010385	80.625664
float-nonlinear-calculation/Optimization3.yml	false	true	2.251756	2.2805428539995773	88.031232
float-nonlinear-calculation/Optimization4.yml	false	unknown	2.128449	2.1464473710002494	77.905920
float-nonlinear-calculation/Optimization5.yml	false	unknown	2.205581	2.2153134979998867	78.131200
float-nonlinear-calculation/Optimization6.yml	false	unknown	2.450279	2.477728042000308	88.158208
float-nonlinear-calculation/PartitionEx.yml	true	true	1.727037	1.7418163740003365	81.747968
float-nonlinear-calculation/TurnLogic.yml	true	true	1.627976	1.6406422729996848	57.081856
float-nonlinear-calculation/coral1.yml	false	unknown	2.195848	2.2030305870011944	81.666048
float-nonlinear-calculation/coral10.yml	false	unknown	2.261098	2.2721585470007994	78.823424
float-nonlinear-calculation/coral11.yml	false	unknown	2.257129	2.2678905240009044	77.484032
float-nonlinear-calculation/coral12.yml	false	unknown	2.329835	2.3554603529992164	80.969728
float-nonlinear-calculation/coral13.yml	false	unknown	2.547908	2.5731005369998456	81.821696
float-nonlinear-calculation/coral14.yml	false	unknown	2.565708	2.586863151000216	79.380480
float-nonlinear-calculation/coral15.yml	false	unknown	2.487819	2.5013531040003727	78.143488
float-nonlinear-calculation/coral16.yml	false	true	2.264907	2.277911117000258	78.499840
float-nonlinear-calculation/coral17.yml	false	unknown	2.557718	2.5810254820007685	79.224832
float-nonlinear-calculation/coral18.yml	false	unknown	2.493961	2.5011535060002643	77.430784
float-nonlinear-calculation/coral19.yml	false	unknown	2.55694	2.585543842000334	82.370560
float-nonlinear-calculation/coral2.yml	false	unknown	2.576098	2.58785662199989	77.504512
float-nonlinear-calculation/coral20.yml	false	unknown	2.792456	3.0239328399984515	77.479936
float-nonlinear-calculation/coral21.yml	false	unknown	2.552149	2.6667590670003847	78.807040
float-nonlinear-calculation/coral22.yml	false	unknown	2.418015	2.4313590319998184	78.262272
float-nonlinear-calculation/coral23.yml	true	true	2.29497	2.315506427999935	81.424384
float-nonlinear-calculation/coral26.yml	true	true	2.485141	2.499387225998362	81.842176
float-nonlinear-calculation/coral27.yml	false	unknown	2.319054	2.3415009260006627	81.854464
float-nonlinear-calculation/coral28.yml	false	unknown	2.448274	2.462844446999952	77.488128
float-nonlinear-calculation/coral29.yml	false	unknown	2.416194	2.4399995589992614	80.359424
float-nonlinear-calculation/coral3.yml	true	true	2.186138	2.199451971000599	77.811712
float-nonlinear-calculation/coral30.yml	false	unknown	2.192935	2.205465200000617	56.168448
float-nonlinear-calculation/coral31.yml	false	true	2.170661	2.1745177499997226	77.537280
float-nonlinear-calculation/coral32.yml	false	unknown	2.257755	2.271342388999983	81.747968
float-nonlinear-calculation/coral33.yml	false	unknown	2.270017	2.2825541780002823	77.811712
float-nonlinear-calculation/coral34.yml	false	unknown	2.381235	2.3989534590000403	79.634432
float-nonlinear-calculation/coral35.yml	false	unknown	2.467597	2.484160689999044	78.479360
float-nonlinear-calculation/coral36.yml	false	unknown	2.138626	2.1619766619987786	56.479744
float-nonlinear-calculation/coral38.yml	false	unknown	2.078478	2.092604953000773	78.241792
float-nonlinear-calculation/coral39.yml	false	unknown	2.097719	2.3017585090001376	81.125376
float-nonlinear-calculation/coral4.yml	false	unknown	2.247058	2.380354939999961	78.065664
float-nonlinear-calculation/coral40.yml	false	unknown	2.017751	2.0366001570000662	79.306752
float-nonlinear-calculation/coral41.yml	false	unknown	2.55231	2.5835148580008536	77.262848
float-nonlinear-calculation/coral42.yml	false	unknown	2.687739	2.8362669910002296	81.666048
float-nonlinear-calculation/coral43.yml	false	unknown	2.10218	2.1253014739995706	81.448960
float-nonlinear-calculation/coral44.yml	false	unknown	1.998233	2.0105706009999267	78.135296
float-nonlinear-calculation/coral45.yml	false	unknown	2.065763	2.069098531999771	77.889536
float-nonlinear-calculation/coral46.yml	true	unknown	2.016196	2.0195011750001868	78.327808
float-nonlinear-calculation/coral48.yml	false	true	2.098733	2.101699300999826	78.487552
float-nonlinear-calculation/coral49.yml	false	unknown	2.079813	2.0851812010005233	79.302656
float-nonlinear-calculation/coral5.yml	true	true	2.18173	2.187119768001139	77.639680
float-nonlinear-calculation/coral50.yml	false	unknown	2.133647	2.147696949999954	78.155776
float-nonlinear-calculation/coral51.yml	false	unknown	2.296119	2.317612820999784	80.449536
float-nonlinear-calculation/coral52.yml	false	unknown	2.207175	2.2283097750005254	81.256448
float-nonlinear-calculation/coral53.yml	false	unknown	2.109434	2.1181087539989676	78.389248
float-nonlinear-calculation/coral54.yml	false	unknown	2.2122	2.218877317998704	81.522688
float-nonlinear-calculation/coral55.yml	true	true	2.103742	2.114817495999887	80.289792
float-nonlinear-calculation/coral56.yml	false	true	2.100655	2.1039184190012747	77.647872
float-nonlinear-calculation/coral57.yml	false	true	2.130448	2.1336173769996094	78.131200
float-nonlinear-calculation/coral58.yml	false	true	2.153826	2.167046990000017	77.828096
float-nonlinear-calculation/coral59.yml	false	true	2.376491	2.3978806089999125	81.604608
float-nonlinear-calculation/coral6.yml	false	unknown	2.171462	2.1851570319995517	78.512128
float-nonlinear-calculation/coral60.yml	false	true	2.351802	2.362640649000241	88.363008
float-nonlinear-calculation/coral61.yml	false	true	2.399756	2.418251668999801	82.784256
float-nonlinear-calculation/coral62.yml	false	true	2.316696	2.331089826000607	82.931712
float-nonlinear-calculation/coral63.yml	false	true	2.22741	2.2364379549999285	83.398656
float-nonlinear-calculation/coral64.yml	false	true	2.248445	2.26641355799984	82.370560
float-nonlinear-calculation/coral65.yml	false	true	2.174888	2.187810203000481	81.080320
float-nonlinear-calculation/coral66.yml	false	true	2.105303	2.119019608999224	78.323712
float-nonlinear-calculation/coral67.yml	false	true	2.183492	2.205224953999277	81.760256
float-nonlinear-calculation/coral68.yml	false	true	2.074324	2.0973704680000083	83.632128
float-nonlinear-calculation/coral69.yml	false	true	2.001672	2.014485870999124	77.668352
float-nonlinear-calculation/coral71.yml	false	unknown	2.190729	2.2145240749996447	78.270464
float-nonlinear-calculation/coral72.yml	false	unknown	2.188539	2.203912352999396	77.942784
float-nonlinear-calculation/coral73.yml	false	unknown	2.306607	2.315714217000277	81.313792
float-nonlinear-calculation/coral74.yml	false	unknown	2.169342	2.1827173189994937	77.848576
float-nonlinear-calculation/coral75.yml	false	unknown	2.049972	2.0640418650000356	77.635584
float-nonlinear-calculation/coral76.yml	false	true	2.118984	2.1326653829983115	88.346624
float-nonlinear-calculation/coral77.yml	false	true	2.119459	2.139453867001066	81.903616
float-nonlinear-calculation/coral79.yml	false	true	2.035593	2.0546762430003582	81.129472
float-nonlinear-calculation/coral80.yml	true	true	2.092895	2.0965918629990483	80.461824
float-nonlinear-calculation/coral81.yml	false	unknown	1.928669	1.9317531769993366	78.020608
float-nonlinear-calculation/coral84.yml	false	unknown	2.048682	2.059151291001399	77.307904
float-nonlinear-calculation/coral9.yml	false	unknown	2.158347	2.177015305000168	81.195008
float-nonlinear-calculation/coral91.yml	true	true	2.067943	2.07140102700032	77.197312
