tool		SPF Wednesday 27 November 2019 02:15:09 AM IST	SPF Wednesday 27 November 2019 02:15:09 AM IST	SPF Wednesday 27 November 2019 02:15:09 AM IST	SPF Wednesday 27 November 2019 02:15:09 AM IST
run set		SV-COMP25_runtime-exception.RuntimeException-Java	SV-COMP25_runtime-exception.RuntimeException-Java	SV-COMP25_runtime-exception.RuntimeException-Java	SV-COMP25_runtime-exception.RuntimeException-Java
sv-benchmarks/java/		status	cputime (s)	walltime (s)	memory (MB)
jayhorn-recursive/Ackermann01.yml	true	false	2.203368	2.34172486100033	64.696320
jayhorn-recursive/Addition.yml	true	true	588.9696	589.3908152069998	541.782016
jayhorn-recursive/InfiniteLoop.yml	true	false	1.445136	1.6752134060006938	59.248640
jayhorn-recursive/SatAckermann01.yml	true	TIMEOUT	901.015215	903.807593548001	1631.158272
jayhorn-recursive/SatAckermann02.yml	true	TIMEOUT	901.010068	903.6821592859997	1621.692416
jayhorn-recursive/SatAckermann03.yml	true	TIMEOUT	901.009665	903.462619254	1616.494592
jayhorn-recursive/SatAddition01.yml	true	OUT OF MEMORY	141.231931	141.16472475299997	2999.996416
jayhorn-recursive/SatEvenOdd01.yml	true	unknown	2.138263	2.3774756729999353	63.639552
jayhorn-recursive/SatFibonacci01.yml	true	unknown	1.580477	1.662685032999434	63.188992
jayhorn-recursive/SatFibonacci02.yml	true	true	1.845803	1.8586351499998273	52.310016
jayhorn-recursive/SatFibonacci03.yml	true	TIMEOUT	901.014946	902.4350616510001	1769.484288
jayhorn-recursive/SatGcd.yml	true	OUT OF MEMORY	80.487335	80.53043387999969	2999.996416
jayhorn-recursive/SatHanoi01.yml	true	TIMEOUT	900.212142	901.0078026640003	1756.983296
jayhorn-recursive/SatMccarthy91.yml	true	TIMEOUT	901.011989	902.9997579970004	495.689728
jayhorn-recursive/SatMultCommutative01.yml	true	TIMEOUT	900.676081	901.0050934240007	237.174784
jayhorn-recursive/SatPrimes01.yml	true	TIMEOUT	900.590425	901.0081147290002	151.068672
jayhorn-recursive/UnsatAckermann01.yml	true	false	1.774482	1.783079867998822	64.262144
jayhorn-recursive/UnsatAddition01.yml	true	false	1.803208	1.815723474999686	67.170304
jayhorn-recursive/UnsatAddition02.yml	true	true	370.347344	371.35467781899933	889.049088
jayhorn-recursive/UnsatEvenOdd01.yml	true	unknown	1.812495	1.9119191250010772	63.098880
jayhorn-recursive/UnsatFibonacci01.yml	true	false	2.256528	2.275796829000683	67.878912
jayhorn-recursive/UnsatFibonacci02.yml	true	false	3.676888	3.699747746999492	75.657216
jayhorn-recursive/UnsatMccarthy91.yml	true	false	1.917419	1.9373136070007604	76.566528
jbmc-regression/ArithmeticException1.yml	true	false	1.666329	1.6803985710012057	63.594496
jbmc-regression/ArithmeticException5.yml	true	true	1.761211	1.7841056789984577	52.887552
jbmc-regression/ArithmeticException6.yml	true	false	1.623102	1.6286809850007558	63.410176
jbmc-regression/ArrayIndexOutOfBoundsException1.yml	true	unknown	1.667093	1.6806679660003283	63.504384
jbmc-regression/ArrayIndexOutOfBoundsException2.yml	true	unknown	1.982182	2.00133461599944	64.008192
jbmc-regression/ArrayIndexOutOfBoundsException3.yml	true	unknown	1.966314	1.9799925289989915	63.975424
jbmc-regression/BufferedReaderReadLine.yml	true	false	1.809181	1.8294341279997752	76.558336
jbmc-regression/CharSequenceBug.yml	true	false	1.668876	1.6906385269994644	65.183744
jbmc-regression/CharSequenceToString.yml	true	true	2.022947	2.032943403999525	63.594496
jbmc-regression/ClassCastException1.yml	true	false	1.485304	1.4880856899999344	52.670464
jbmc-regression/ClassCastException2.yml	true	true	1.741877	1.7449700120014313	52.998144
jbmc-regression/ClassCastException3.yml	true	false	1.485557	1.5244118489990797	51.920896
jbmc-regression/Class_method1.yml	true	true	1.503297	1.5233590110001387	55.578624
jbmc-regression/Inheritance1.yml	true	true	1.50906	1.531770850000612	53.452800
jbmc-regression/NegativeArraySizeException1.yml	true	false	1.803094	1.824161611000818	53.604352
jbmc-regression/NegativeArraySizeException2.yml	true	false	1.740953	1.753138472999126	52.559872
jbmc-regression/NullPointerException1.yml	true	true	1.492935	1.5099070600008417	54.788096
jbmc-regression/NullPointerException2.yml	true	false	1.454961	1.4580352489992947	52.805632
jbmc-regression/NullPointerException3.yml	true	false	1.78095	1.79686477299947	54.976512
jbmc-regression/NullPointerException4.yml	true	false	1.772684	1.7835327929988125	51.933184
jbmc-regression/RegexMatches01.yml	true	true	1.702108	1.7132922299988422	58.736640
jbmc-regression/RegexMatches02.yml	true	unknown	2.064237	2.16724887700002	79.753216
jbmc-regression/RegexSubstitution01.yml	true	true	1.896322	1.9085684580004454	53.526528
jbmc-regression/RegexSubstitution02.yml	true	unknown	1.879059	1.893991286000528	52.211712
jbmc-regression/RegexSubstitution03.yml	true	true	1.608402	1.618951776999893	53.936128
jbmc-regression/StaticCharMethods01.yml	true	true	1.533971	1.540312641998753	52.535296
jbmc-regression/StaticCharMethods02.yml	true	false	2.062782	2.0792220479997923	64.069632
jbmc-regression/StaticCharMethods03.yml	true	false	2.101739	2.125796228001491	64.229376
jbmc-regression/StaticCharMethods04.yml	true	false	1.531649	1.549248572999204	58.093568
jbmc-regression/StaticCharMethods05.yml	false	unknown	1.587627	1.6060695240012137	52.563968
jbmc-regression/StaticCharMethods06.yml	true	true	1.957226	1.9610395569998218	63.586304
jbmc-regression/StringBuilderAppend01.yml	true	true	1.852437	1.855182404999141	52.428800
jbmc-regression/StringBuilderAppend02.yml	true	unknown	1.59649	1.612913794000633	53.612544
jbmc-regression/StringBuilderCapLen01.yml	true	true	1.568376	1.5711515830007556	52.350976
jbmc-regression/StringBuilderCapLen02.yml	true	false	1.726022	1.7404716220007685	58.036224
jbmc-regression/StringBuilderCapLen03.yml	true	unknown	1.836308	1.8679419239997515	53.018624
jbmc-regression/StringBuilderCapLen04.yml	true	unknown	1.84142	1.8590688589993078	53.583872
jbmc-regression/StringBuilderChars01.yml	true	true	1.555288	1.5577586449999217	53.960704
jbmc-regression/StringBuilderChars02.yml	true	false	1.720558	1.725576621998698	58.384384
jbmc-regression/StringBuilderChars03.yml	false	unknown	1.784744	1.7979655060007644	52.948992
jbmc-regression/StringBuilderChars04.yml	true	unknown	1.779186	1.791069006001635	52.932608
jbmc-regression/StringBuilderChars05.yml	false	unknown	1.56762	1.6037916469995253	54.321152
jbmc-regression/StringBuilderChars06.yml	true	unknown	1.629486	1.6514456509994488	53.858304
jbmc-regression/StringBuilderConstructors01.yml	true	unknown	1.720828	1.7335685289999674	65.204224
jbmc-regression/StringBuilderConstructors02.yml	true	unknown	1.827046	1.8411418150008103	52.879360
jbmc-regression/StringBuilderInsertDelete01.yml	true	true	1.922653	1.943513146999976	52.989952
jbmc-regression/StringBuilderInsertDelete02.yml	true	unknown	1.587674	1.599736230000417	55.746560
jbmc-regression/StringBuilderInsertDelete03.yml	true	unknown	1.583155	1.5962087150001025	52.408320
jbmc-regression/StringCompare01.yml	true	true	1.805023	1.808488184999078	52.977664
jbmc-regression/StringCompare02.yml	true	unknown	1.759915	1.776296601001377	52.420608
jbmc-regression/StringCompare03.yml	true	unknown	1.515104	1.5279509979991417	52.195328
jbmc-regression/StringCompare04.yml	true	unknown	1.560666	1.5729036210013874	52.436992
jbmc-regression/StringCompare05.yml	true	false	1.85025	1.8742408849993808	53.727232
jbmc-regression/StringConcatenation01.yml	true	true	2.008835	2.0206964400003926	60.166144
jbmc-regression/StringConcatenation02.yml	true	false	1.806266	1.817331178999666	64.016384
jbmc-regression/StringConcatenation03.yml	true	false	1.992921	2.0045871819984313	61.014016
jbmc-regression/StringConcatenation04.yml	true	false	1.994109	2.0100246479996713	58.413056
jbmc-regression/StringConstructors01.yml	true	true	1.867877	1.9122719560000405	54.259712
jbmc-regression/StringConstructors02.yml	true	false	1.716527	1.7436505409987149	58.208256
jbmc-regression/StringConstructors03.yml	true	false	1.705027	1.7402785630001745	59.932672
jbmc-regression/StringConstructors04.yml	true	false	1.99609	2.011638205000054	58.814464
jbmc-regression/StringConstructors05.yml	true	false	2.041245	2.053607367999575	58.834944
jbmc-regression/StringContains01.yml	true	false	1.75975	1.7774051839987806	61.296640
jbmc-regression/StringContains02.yml	true	false	1.679317	1.6819611529990652	58.015744
jbmc-regression/StringIndexMethods01.yml	true	true	1.806463	1.8212956820007093	52.285440
jbmc-regression/StringIndexMethods02.yml	true	false	2.135298	2.159787640999639	66.142208
jbmc-regression/StringIndexMethods03.yml	true	false	1.727677	1.7312770920016192	64.798720
jbmc-regression/StringIndexMethods04.yml	true	false	5.290834	5.312583848999566	78.622720
jbmc-regression/StringIndexMethods05.yml	true	false	2.234788	2.245106250999015	65.724416
jbmc-regression/StringMiscellaneous01.yml	true	true	1.596741	1.6051067449989205	53.399552
jbmc-regression/StringMiscellaneous02.yml	true	false	2.110888	2.133086269001069	64.475136
jbmc-regression/StringMiscellaneous03.yml	false	false	1.904341	1.9138635090002936	65.708032
jbmc-regression/StringMiscellaneous04.yml	true	true	1.887465	1.9173190989986324	53.383168
jbmc-regression/StringStartEnd01.yml	true	true	1.801887	1.8107739339993714	52.477952
jbmc-regression/StringStartEnd02.yml	true	false	1.811595	1.8144966719992226	60.760064
jbmc-regression/StringStartEnd03.yml	true	false	1.812519	1.8314977459995134	61.865984
jbmc-regression/StringValueOf01.yml	true	true	1.868766	1.881033325998942	53.223424
jbmc-regression/StringValueOf02.yml	false	false	1.869027	1.8862102769999183	52.940800
jbmc-regression/StringValueOf03.yml	false	false	1.593721	1.60262570300074	52.891648
jbmc-regression/StringValueOf04.yml	true	false	1.557133	1.5691666479997366	52.617216
jbmc-regression/StringValueOf05.yml	true	unknown	2.017482	2.0310959110011026	63.979520
jbmc-regression/StringValueOf06.yml	true	unknown	2.010762	2.1286082940005144	58.155008
jbmc-regression/StringValueOf07.yml	true	unknown	1.474321	1.4870994389984844	52.072448
jbmc-regression/StringValueOf08.yml	false	unknown	1.704411	1.8088161409996246	59.199488
jbmc-regression/StringValueOf09.yml	false	unknown	2.0157	2.137903221999295	58.904576
jbmc-regression/StringValueOf10.yml	true	false	1.99314	2.0066206449992023	59.301888
jbmc-regression/SubString01.yml	true	true	1.516505	1.5388161600003514	52.371456
jbmc-regression/SubString02.yml	false	false	1.729252	1.7319651400011935	60.100608
jbmc-regression/SubString03.yml	false	false	2.069717	2.082337614001517	58.974208
jbmc-regression/TokenTest01.yml	true	true	1.600533	1.61640052400071	54.312960
jbmc-regression/TokenTest02.yml	true	unknown	1.808827	1.8220681910006533	52.543488
jbmc-regression/Validate01.yml	true	true	1.48171	1.4876461879994167	52.355072
jbmc-regression/Validate02.yml	true	unknown	1.5233	1.5454978609996033	53.272576
jbmc-regression/aastore_aaload1.yml	true	unknown	1.932659	1.945814270999108	63.528960
jbmc-regression/array1.yml	true	unknown	2.033192	2.0426265700007207	65.630208
jbmc-regression/array2.yml	true	true	1.797557	1.800728774000163	65.863680
jbmc-regression/arraylength1.yml	true	unknown	1.804052	1.8173909850011114	63.479808
jbmc-regression/arrayread1.yml	true	unknown	1.830666	1.8530126019995805	67.026944
jbmc-regression/assert1.yml	true	true	2.005133	2.010658354000043	64.077824
jbmc-regression/assert2.yml	true	false	2.103124	2.116222827000456	64.225280
jbmc-regression/assert3.yml	true	false	1.825519	1.8396818839992193	64.212992
jbmc-regression/assert4.yml	true	false	1.745052	1.7571058749999793	63.889408
jbmc-regression/assert5.yml	true	true	1.885976	1.9146361140010413	76.034048
jbmc-regression/assert6.yml	true	true	2.105477	2.1155416239998885	65.847296
jbmc-regression/astore_aload1.yml	true	true	1.922855	1.9350982949999889	52.973568
jbmc-regression/athrow1.yml	true	false	1.539455	1.5522626869988017	52.125696
jbmc-regression/basic1.yml	true	true	1.529319	1.5418226069996308	52.613120
jbmc-regression/bitwise1.yml	true	unknown	1.670085	1.792156564999459	65.544192
jbmc-regression/boolean1.yml	true	true	1.485581	1.4980810999986716	52.105216
jbmc-regression/boolean2.yml	true	true	1.7795	1.7850779939999484	53.170176
jbmc-regression/bug-test-gen-095.yml	true	false	2.003931	2.0176357830005145	58.822656
jbmc-regression/bug-test-gen-119-2.yml	true	true	1.557654	1.571899292001035	51.830784
jbmc-regression/bug-test-gen-119.yml	true	true	1.507448	1.519761658999414	54.349824
jbmc-regression/calc.yml	true	unknown	1.703413	1.713759702999596	64.524288
jbmc-regression/cast1.yml	true	unknown	2.180998	2.2982411489992955	75.767808
jbmc-regression/catch1.yml	true	true	1.477718	1.4906080809996638	52.633600
jbmc-regression/char1.yml	true	unknown	2.024663	2.1584731109996937	64.434176
jbmc-regression/charArray.yml	true	unknown	1.677957	1.681653682000615	64.090112
jbmc-regression/classtest1.yml	true	true	1.562369	1.583244122000906	52.146176
jbmc-regression/const1.yml	true	true	1.520107	1.5334293890009576	52.379648
jbmc-regression/constructor1.yml	true	true	1.799411	1.813292963001004	52.396032
jbmc-regression/enum1.yml	true	true	1.831462	1.8358673350012396	53.125120
jbmc-regression/exceptions1.yml	true	false	1.572153	1.602291196000806	52.092928
jbmc-regression/exceptions10.yml	true	false	1.47948	1.4844025389993476	52.129792
jbmc-regression/exceptions11.yml	true	false	1.673553	1.6815404219996708	52.514816
jbmc-regression/exceptions12.yml	true	false	1.86521	1.8769410229997447	53.358592
jbmc-regression/exceptions13.yml	true	false	1.852112	1.8703678849997232	52.539392
jbmc-regression/exceptions14.yml	true	true	1.592359	1.609029104000001	57.987072
jbmc-regression/exceptions15.yml	true	true	1.5463	1.5541821980004897	52.518912
jbmc-regression/exceptions16.yml	true	false	1.522943	1.5489435110011982	52.506624
jbmc-regression/exceptions18.yml	true	true	1.525447	1.5344183039997006	53.223424
jbmc-regression/exceptions2.yml	true	false	1.484267	1.4986546330001147	53.284864
jbmc-regression/exceptions3.yml	true	false	1.801141	1.8203737459989497	52.408320
jbmc-regression/exceptions4.yml	true	true	1.814153	1.8400862499984214	54.566912
jbmc-regression/exceptions5.yml	true	true	1.49822	1.5106720109997696	52.477952
jbmc-regression/exceptions6.yml	true	false	1.485794	1.4984926879988052	58.114048
jbmc-regression/exceptions7.yml	true	false	1.494233	1.4992258759994002	52.355072
jbmc-regression/exceptions8.yml	true	false	1.833605	1.8408436930003518	52.813824
jbmc-regression/exceptions9.yml	true	true	1.779935	1.7975366549999308	52.408320
jbmc-regression/fcmpx_dcmpx1.yml	true	true	1.43289	1.4358703329999116	53.706752
jbmc-regression/iarith1.yml	true	true	1.472281	1.482259807000446	52.916224
jbmc-regression/iarith2.yml	true	true	1.454482	1.4676174679989344	52.183040
jbmc-regression/if_acmp1.yml	true	true	1.479682	1.4926653259990417	54.046720
jbmc-regression/if_expr1.yml	true	true	2.012801	2.0264788170006796	64.983040
jbmc-regression/if_icmp1.yml	true	true	2.025323	2.034851966000133	64.057344
jbmc-regression/ifxx1.yml	true	true	1.424747	1.4469873380003264	54.165504
jbmc-regression/instanceof1.yml	true	true	1.391405	1.405103933000646	51.945472
jbmc-regression/instanceof2.yml	true	true	1.468049	1.4807039810002607	53.026816
jbmc-regression/instanceof3.yml	true	true	1.748413	1.761398326001654	52.318208
jbmc-regression/instanceof4.yml	true	true	1.778968	1.802788656001212	52.494336
jbmc-regression/instanceof5.yml	true	true	1.48805	1.5099906229988846	52.703232
jbmc-regression/instanceof6.yml	true	true	1.454626	1.4684648730017216	52.314112
jbmc-regression/instanceof7.yml	true	true	1.512055	1.5342265109993605	52.523008
jbmc-regression/instanceof8.yml	true	true	1.787777	1.8000214399999095	52.350976
jbmc-regression/interface1.yml	true	false	1.461803	1.4731556039987481	52.228096
jbmc-regression/java_append_char.yml	true	false	1.489883	1.5027308210010233	52.637696
jbmc-regression/lazyloading4.yml	true	true	1.826873	1.8478412479998951	56.680448
jbmc-regression/list1.yml	true	unknown	1.749951	1.833853600999646	65.830912
jbmc-regression/long1.yml	true	true	1.37041	1.374543021000136	53.776384
jbmc-regression/lookupswitch1.yml	true	true	11.789053	11.806703727999775	110.731264
jbmc-regression/multinewarray.yml	true	true	1.769523	1.7778017390010064	54.558720
jbmc-regression/overloading1.yml	true	true	1.738382	1.7572130840017053	53.342208
jbmc-regression/package1.yml	true	true	1.430402	1.4402862959996128	51.867648
jbmc-regression/putfield_getfield1.yml	true	true	1.4316	1.444694794001407	52.502528
jbmc-regression/putstatic_getstatic1.yml	true	true	1.782746	1.8107575499998347	52.486144
jbmc-regression/recursion2.yml	true	true	1.753963	1.8003303859986772	53.051392
jbmc-regression/return1.yml	true	false	1.500976	1.5461578150006972	52.412416
jbmc-regression/return2.yml	true	false	1.677387	1.6938563690000592	63.356928
jbmc-regression/store_load1.yml	true	true	1.80235	1.806151704999138	52.068352
jbmc-regression/swap1.yml	true	true	1.453022	1.45544115300072	52.338688
jbmc-regression/synchronized.yml	true	true	1.817474	1.8256579729986697	52.330496
jbmc-regression/tableswitch1.yml	true	true	1.834235	1.839739496999755	64.122880
jbmc-regression/uninitialised1.yml	true	true	1.545564	1.569272782000553	53.743616
jbmc-regression/virtual1.yml	true	true	1.791097	1.794886748000863	53.907456
jbmc-regression/virtual2.yml	true	false	1.719801	1.7310632640001131	54.013952
jbmc-regression/virtual4.yml	true	true	1.479328	1.4921560809998482	52.482048
jbmc-regression/virtual_function_unwinding.yml	true	true	1.445074	1.4477866249999352	52.375552
jpf-regression/ExDarko_false.yml	true	false	1.995349	2.0188457149997703	63.606784
jpf-regression/ExDarko_true.yml	true	true	2.04516	2.0593551459987793	63.692800
jpf-regression/ExException_false.yml	false	false	1.631295	1.634575660000337	63.143936
jpf-regression/ExException_true.yml	true	true	1.468938	1.477682073998949	52.723712
jpf-regression/ExGenSymExe_false.yml	true	false	1.770407	1.7818367479994777	52.428800
jpf-regression/ExGenSymExe_true.yml	true	true	1.496613	1.499213035000139	52.215808
jpf-regression/ExLazy_false.yml	true	false	2.032103	2.0452880390002974	63.721472
jpf-regression/ExLazy_true.yml	true	true	1.849465	1.8522634119999566	69.349376
jpf-regression/ExMIT_false.yml	true	false	1.703452	1.7214462329993694	63.029248
jpf-regression/ExMIT_true.yml	true	true	1.641345	1.6543442080001114	62.693376
jpf-regression/ExSymExe10_false.yml	true	false	1.98958	2.0001204529999086	65.097728
jpf-regression/ExSymExe10_true.yml	true	true	1.991413	2.00511093500063	63.553536
jpf-regression/ExSymExe11_false.yml	true	false	1.476565	1.479482040998846	52.371456
jpf-regression/ExSymExe11_true.yml	true	true	1.646623	1.6592967769993265	63.258624
jpf-regression/ExSymExe12_false.yml	true	false	1.66755	1.6779896059997554	65.597440
jpf-regression/ExSymExe12_true.yml	true	true	2.038501	2.04993012200066	64.978944
jpf-regression/ExSymExe13_false.yml	true	false	1.734952	1.7413520809986949	65.388544
jpf-regression/ExSymExe13_true.yml	true	true	2.012558	2.0164854459999333	66.281472
jpf-regression/ExSymExe14_false.yml	true	false	1.673352	1.682242161999966	66.732032
jpf-regression/ExSymExe14_true.yml	true	true	1.699061	1.7080151070003922	64.331776
jpf-regression/ExSymExe15_false.yml	true	false	1.691253	1.694416681999428	63.832064
jpf-regression/ExSymExe15_true.yml	true	true	2.311214	2.314716729999418	70.221824
jpf-regression/ExSymExe16_false.yml	true	false	1.781455	1.8007145100000344	58.019840
jpf-regression/ExSymExe16_true.yml	true	true	1.582872	1.5952684759995464	52.817920
jpf-regression/ExSymExe17_false.yml	true	false	1.529894	1.5330458100015676	52.760576
jpf-regression/ExSymExe17_true.yml	true	true	1.548829	1.5519138039999234	53.243904
jpf-regression/ExSymExe18_false.yml	true	false	2.097744	2.1168591340010607	64.090112
jpf-regression/ExSymExe18_true.yml	true	true	1.840793	1.856988782999906	54.095872
jpf-regression/ExSymExe19_false.yml	true	false	1.784248	1.7981973980004113	66.068480
jpf-regression/ExSymExe19_true.yml	true	unknown	1.799669	1.8995647369993094	91.213824
jpf-regression/ExSymExe1_false.yml	true	unknown	1.876432	1.9844057169993903	90.824704
jpf-regression/ExSymExe1_true.yml	true	true	1.813191	1.825951045999318	51.834880
jpf-regression/ExSymExe20_false.yml	true	unknown	6.368718	6.4596011899993755	131.715072
jpf-regression/ExSymExe20_true.yml	true	true	1.798343	1.8215959119988838	53.452800
jpf-regression/ExSymExe21_false.yml	true	unknown	1.794834	1.903345521999654	96.858112
jpf-regression/ExSymExe21_true.yml	true	true	1.492254	1.5152433450002718	55.713792
jpf-regression/ExSymExe25_false.yml	true	false	2.106127	2.1099269869991986	64.913408
jpf-regression/ExSymExe25_true.yml	true	true	1.824867	1.8376223779996508	52.350976
jpf-regression/ExSymExe26_false.yml	true	unknown	2.673282	2.763117135000357	100.917248
jpf-regression/ExSymExe26_true.yml	true	true	1.563257	1.5893383420007012	53.043200
jpf-regression/ExSymExe27_false.yml	true	false	2.107244	2.130537180999454	63.389696
jpf-regression/ExSymExe27_true.yml	true	true	1.802166	1.8150304230002803	52.924416
jpf-regression/ExSymExe28_false.yml	true	false	1.805087	1.812945187000878	64.344064
jpf-regression/ExSymExe28_true.yml	true	true	1.561794	1.57290425499923	52.334592
jpf-regression/ExSymExe29_false.yml	true	unknown	2.507292	2.6067607309996674	125.956096
jpf-regression/ExSymExe29_true.yml	true	true	1.530468	1.5496874929995101	54.280192
jpf-regression/ExSymExe2_false.yml	true	unknown	2.167882	2.2882436899999448	94.052352
jpf-regression/ExSymExe2_true.yml	true	true	1.543966	1.5470420649999141	52.592640
jpf-regression/ExSymExe3_false.yml	true	false	1.737234	1.7520048870010214	63.361024
jpf-regression/ExSymExe3_true.yml	true	true	1.511458	1.530382171000383	52.609024
jpf-regression/ExSymExe4_false.yml	true	unknown	1.846749	1.9390626269996574	94.138368
jpf-regression/ExSymExe4_true.yml	true	true	1.521597	1.5341023889995995	54.915072
jpf-regression/ExSymExe5_false.yml	true	false	1.816487	1.82769526499942	63.729664
jpf-regression/ExSymExe5_true.yml	true	true	1.750712	1.7635081810003612	52.432896
jpf-regression/ExSymExe6_false.yml	true	unknown	1.708062	1.7999357049993705	62.955520
jpf-regression/ExSymExe6_true.yml	true	true	1.479885	1.492495559999952	54.964224
jpf-regression/ExSymExe7_false.yml	true	unknown	1.691154	1.7935414330004278	92.110848
jpf-regression/ExSymExe7_true.yml	true	unknown	2.36172	2.4997702069995285	99.856384
jpf-regression/ExSymExe8_false.yml	true	unknown	2.287307	2.3913845570004924	93.360128
jpf-regression/ExSymExe8_true.yml	true	true	1.70102	1.723741591000362	52.932608
jpf-regression/ExSymExe9_false.yml	true	false	1.47564	1.479227206998985	52.150272
jpf-regression/ExSymExe9_true.yml	true	true	1.516458	1.5276883020014793	53.256192
jpf-regression/ExSymExeArrays_false.yml	true	false	1.519928	1.5303761300001497	52.264960
jpf-regression/ExSymExeArrays_true.yml	true	true	1.810088	1.8289923159991304	53.424128
jpf-regression/ExSymExeBool_false.yml	true	false	1.933085	1.9454702220009494	52.002816
jpf-regression/ExSymExeBool_true.yml	true	true	1.915599	1.9203468670002621	52.817920
jpf-regression/ExSymExeComplexMath_false.yml	true	false	1.598991	1.602752970000438	52.543488
jpf-regression/ExSymExeComplexMath_true.yml	true	true	1.502088	1.5055586859998584	52.178944
jpf-regression/ExSymExeD2I_false.yml	true	false	1.476664	1.4885481119999895	53.301248
jpf-regression/ExSymExeD2I_true.yml	true	unknown	2.128252	2.1413040320003347	63.819776
jpf-regression/ExSymExeD2L_false.yml	true	unknown	1.680635	1.6954928930008464	63.107072
jpf-regression/ExSymExeD2L_true.yml	true	unknown	2.113318	2.1262052849997417	62.799872
jpf-regression/ExSymExeF2I_false.yml	true	false	1.915869	1.9382894179998402	53.309440
jpf-regression/ExSymExeF2I_true.yml	true	unknown	1.66284	1.6716134039997996	63.528960
jpf-regression/ExSymExeF2L_false.yml	true	unknown	1.917285	1.927283761999206	63.135744
jpf-regression/ExSymExeF2L_true.yml	true	unknown	1.969533	1.9838573720007844	63.930368
jpf-regression/ExSymExeFNEG_false.yml	true	unknown	1.707549	1.7116313129990885	63.893504
jpf-regression/ExSymExeFNEG_true.yml	true	unknown	1.718167	1.7298304420000932	62.951424
jpf-regression/ExSymExeGetStatic_false.yml	true	false	1.924016	1.9344203949985967	52.408320
jpf-regression/ExSymExeGetStatic_true.yml	true	true	1.929168	1.9419130619990028	52.326400
jpf-regression/ExSymExeI2D_false.yml	true	unknown	2.177167	2.189394654998978	64.139264
jpf-regression/ExSymExeI2D_true.yml	true	unknown	1.775012	1.788518135999766	92.889088
jpf-regression/ExSymExeI2F_false.yml	true	false	1.786164	1.8053870769999776	53.886976
jpf-regression/ExSymExeI2F_true.yml	true	true	1.537	1.5474953599987202	57.352192
jpf-regression/ExSymExeLCMP_false.yml	true	false	2.221	2.2327500539995526	63.725568
jpf-regression/ExSymExeLCMP_true.yml	true	true	2.245211	2.257913221999843	63.926272
jpf-regression/ExSymExeLongBytecodes_false.yml	true	false	3.432583	3.4461240470009216	87.146496
jpf-regression/ExSymExeLongBytecodes_true.yml	true	true	6.174757	6.178426182999829	88.879104
jpf-regression/ExSymExeResearch_false.yml	true	false	1.800159	1.8197694179998507	65.286144
jpf-regression/ExSymExeResearch_true.yml	true	unknown	2.02795	2.15687392899963	64.638976
jpf-regression/ExSymExeSimple_false.yml	true	false	2.190036	2.2026592910006	63.311872
jpf-regression/ExSymExeSimple_true.yml	true	OUT OF MEMORY	131.192987	131.06763941400095	2999.959552
jpf-regression/ExSymExeSuzette_false.yml	true	false	1.72721	1.7396959289999359	63.995904
jpf-regression/ExSymExeSuzette_true.yml	true	true	2.056146	2.069475328999033	64.045056
jpf-regression/ExSymExeSwitch_false.yml	true	false	2.147802	2.1717484519995196	66.076672
jpf-regression/ExSymExeSwitch_true.yml	true	true	2.150566	2.161608893000448	65.400832
jpf-regression/ExSymExeTestAssignments_false.yml	true	false	1.72854	1.7374372220001533	64.430080
jpf-regression/ExSymExeTestAssignments_true.yml	true	true	2.054964	2.071248330999879	63.082496
jpf-regression/ExSymExeTestClassFields_false.yml	true	false	2.138974	2.151145007001105	63.008768
jpf-regression/ExSymExeTestClassFields_true.yml	true	true	2.025381	2.0301581769999757	63.156224
jpf-regression/ExSymExe_false.yml	true	false	1.544419	1.5529341330002353	52.269056
jpf-regression/ExSymExe_true.yml	true	true	1.570392	1.573193498999899	52.133888
jpf-regression/TestLazy_false.yml	true	false	2.0023	2.0230159849998017	65.728512
jpf-regression/TestLazy_true.yml	true	true	1.811763	1.8314832619998924	63.135744
java-ranger-regression/TCAS_prop1.yml	true	false	13.302468	13.405868611000187	83.775488
java-ranger-regression/TCAS_prop2.yml	true	true	118.888989	118.99577085999954	94.306304
java-ranger-regression/TCAS_prop3.yml	true	true	88.504534	88.83714121699995	95.100928
java-ranger-regression/apachecli_eqchk.yml	true	unknown	29.996857	30.241614610000397	101.314560
java-ranger-regression/schedule_eqchk.yml	true	true	12.734034	12.8756966990004	84.455424
java-ranger-regression/WBS/WBS_prop1.yml	true	false	1.876248	1.8896330170009605	64.815104
java-ranger-regression/WBS/WBS_prop2.yml	true	true	6.950605	6.9586312679984985	81.817600
java-ranger-regression/WBS/WBS_prop3.yml	true	false	1.987855	1.9911852679997537	64.925696
java-ranger-regression/WBS/WBS_prop4.yml	true	false	2.171031	2.1845868340005836	67.756032
java-ranger-regression/alarm/Alarm_prop1.yml	true	TIMEOUT	901.010823	902.7581247620001	419.717120
java-ranger-regression/alarm/Alarm_prop10.yml	true	TIMEOUT	901.038396	902.3797320239992	417.640448
java-ranger-regression/alarm/Alarm_prop2.yml	true	TIMEOUT	901.019921	902.3608949190002	318.750720
java-ranger-regression/alarm/Alarm_prop3.yml	true	TIMEOUT	901.017308	902.3152926449984	420.700160
java-ranger-regression/alarm/Alarm_prop4.yml	true	TIMEOUT	900.323518	901.0030100380009	313.769984
java-ranger-regression/alarm/Alarm_prop5.yml	true	TIMEOUT	900.541483	901.002682123999	314.261504
java-ranger-regression/alarm/Alarm_prop6.yml	true	TIMEOUT	900.166403	901.0087090479992	420.737024
java-ranger-regression/alarm/Alarm_prop8.yml	true	TIMEOUT	900.67463	901.0039148570013	313.356288
java-ranger-regression/alarm/Alarm_prop9.yml	true	TIMEOUT	901.015764	903.3802196309989	437.927936
java-ranger-regression/infusion/Infusion_prop1.yml	true	TIMEOUT	901.013528	903.5177854609992	432.168960
java-ranger-regression/infusion/Infusion_prop10.yml	true	TIMEOUT	901.015369	903.0251212679996	286.797824
java-ranger-regression/infusion/Infusion_prop11.yml	true	TIMEOUT	900.887802	913.0907502790014	376.958976
java-ranger-regression/infusion/Infusion_prop12.yml	true	TIMEOUT	901.021787	902.5487211659984	295.796736
java-ranger-regression/infusion/Infusion_prop13.yml	true	TIMEOUT	901.014717	902.4697926230001	287.936512
java-ranger-regression/infusion/Infusion_prop2.yml	true	TIMEOUT	901.014682	903.6008636269999	413.274112
java-ranger-regression/infusion/Infusion_prop3.yml	true	TIMEOUT	900.266473	901.006328608999	295.632896
java-ranger-regression/infusion/Infusion_prop4.yml	true	TIMEOUT	901.01632	902.2058472029985	414.085120
java-ranger-regression/infusion/Infusion_prop5.yml	true	TIMEOUT	900.971715	902.3690383199992	419.319808
java-ranger-regression/infusion/Infusion_prop6.yml	true	TIMEOUT	900.707804	903.2574373719999	305.471488
java-ranger-regression/infusion/Infusion_prop7.yml	true	TIMEOUT	900.240936	924.8419701389994	404.602880
java-ranger-regression/infusion/Infusion_prop8.yml	true	TIMEOUT	901.01915	910.3038611680004	287.494144
java-ranger-regression/infusion/Infusion_prop9.yml	true	TIMEOUT	901.01255	910.486227464	289.873920
java-ranger-regression/siena_eqchk/siena_prop1.yml	true	unknown	3.207451	3.382868717000747	79.249408
java-ranger-regression/siena_eqchk/siena_prop2.yml	true	unknown	3.215317	3.3225218700008554	80.564224
java-ranger-regression/replace5_eqchk/replace5_prop1.yml	true	TIMEOUT	900.996354	914.2510086410002	138.641408
java-ranger-regression/replace5_eqchk/replace5_prop2.yml	true	false	2.745413	2.7738709730001574	64.360448
java-ranger-regression/nanoxml_eqchk/nanoxml_prop1.yml	false	unknown	3.045842	3.15367606899963	66.404352
java-ranger-regression/nanoxml_eqchk/nanoxml_prop2.yml	false	unknown	3.215406	3.33961235499919	75.616256
java-ranger-regression/nanoxml_eqchk/nanoxml_prop3.yml	false	unknown	3.108672	3.2292795260000275	66.240512
java-ranger-regression/printtokens_eqchk/printtokens_prop1.yml	true	unknown	2.682193	2.798510275000808	76.288000
java-ranger-regression/printtokens_eqchk/printtokens_prop2.yml	true	false	2.65699	2.6776077909999003	69.160960
MinePump/spec1-5_product1.yml	true	false	2.523433	2.5451919070001168	62.017536
MinePump/spec1-5_product10.yml	true	false	2.233917	2.238771229998747	54.575104
MinePump/spec1-5_product11.yml	true	false	2.298721	2.3125290050011245	54.448128
MinePump/spec1-5_product12.yml	true	false	2.260323	2.270125258000917	59.609088
MinePump/spec1-5_product13.yml	true	false	2.251628	2.2642377039992425	56.881152
MinePump/spec1-5_product14.yml	true	false	2.215408	2.2303242210000462	55.394304
MinePump/spec1-5_product15.yml	true	false	2.234187	2.2444812539997656	52.985856
MinePump/spec1-5_product16.yml	true	false	2.206762	2.2216149089999817	53.993472
MinePump/spec1-5_product17.yml	true	false	2.285876	2.298600797999825	55.185408
MinePump/spec1-5_product18.yml	true	false	2.191706	2.2093043260010745	53.641216
MinePump/spec1-5_product19.yml	true	false	2.236196	2.2537885410001763	54.906880
MinePump/spec1-5_product2.yml	true	false	2.27975	2.2900152700003673	56.508416
MinePump/spec1-5_product20.yml	true	false	2.177921	2.1909993280005438	53.194752
MinePump/spec1-5_product21.yml	true	false	2.262544	2.2724903710004583	53.841920
MinePump/spec1-5_product22.yml	true	false	2.430406	2.461209757000688	55.554048
MinePump/spec1-5_product23.yml	true	false	2.36331	2.4330564649990265	53.608448
MinePump/spec1-5_product24.yml	true	false	2.151171	2.1652764909995312	53.542912
MinePump/spec1-5_product25.yml	true	false	2.288304	2.306106873000317	54.239232
MinePump/spec1-5_product26.yml	true	false	2.286484	2.301282992999404	52.719616
MinePump/spec1-5_product27.yml	true	false	2.143583	2.1665732199999184	55.287808
MinePump/spec1-5_product28.yml	true	false	2.284749	2.309282534000886	54.661120
MinePump/spec1-5_product29.yml	true	false	2.296694	2.321121482000308	53.932032
MinePump/spec1-5_product3.yml	true	false	2.292881	2.3075366289995145	54.149120
MinePump/spec1-5_product30.yml	true	false	2.292466	2.304737851000027	54.321152
MinePump/spec1-5_product31.yml	true	false	2.243515	2.2486618450002425	54.120448
MinePump/spec1-5_product32.yml	true	false	2.326218	2.3455174589998933	53.366784
MinePump/spec1-5_product33.yml	true	false	2.193684	2.2074363220017403	53.555200
MinePump/spec1-5_product34.yml	true	false	2.29407	2.314252703999955	53.182464
MinePump/spec1-5_product35.yml	true	false	2.248446	2.266156009000042	53.690368
MinePump/spec1-5_product36.yml	true	false	2.325198	2.355569319001006	52.727808
MinePump/spec1-5_product37.yml	true	false	2.288305	2.305374045999997	56.295424
MinePump/spec1-5_product38.yml	true	false	2.377687	2.398068271999364	57.532416
MinePump/spec1-5_product39.yml	true	false	2.226743	2.2396948049990897	54.226944
MinePump/spec1-5_product4.yml	true	false	2.186303	2.20070465200115	57.020416
MinePump/spec1-5_product40.yml	true	false	2.216219	2.230962997999086	55.693312
MinePump/spec1-5_product41.yml	true	false	2.20039	2.2104041840011632	53.030912
MinePump/spec1-5_product42.yml	true	false	2.238468	2.256777044000046	53.329920
MinePump/spec1-5_product43.yml	true	false	2.308527	2.3233757369998784	54.525952
MinePump/spec1-5_product44.yml	true	false	2.163526	2.189319090999561	54.386688
MinePump/spec1-5_product45.yml	true	false	2.245708	2.263709924000068	54.525952
MinePump/spec1-5_product46.yml	true	false	2.234825	2.254423977999977	54.714368
MinePump/spec1-5_product47.yml	true	false	2.25405	2.2789434360001906	54.509568
MinePump/spec1-5_product48.yml	true	false	2.209294	2.228332743001374	53.301248
MinePump/spec1-5_product49.yml	true	false	2.270924	2.284038085999782	55.812096
MinePump/spec1-5_product5.yml	true	false	2.220561	2.22356090699941	53.780480
MinePump/spec1-5_product50.yml	true	false	2.245932	2.2536151809999865	56.242176
MinePump/spec1-5_product51.yml	true	false	2.301043	2.316456233000281	53.223424
MinePump/spec1-5_product52.yml	true	false	2.214533	2.2233302109998476	52.977664
MinePump/spec1-5_product53.yml	true	false	2.337031	2.349603429000126	53.854208
MinePump/spec1-5_product54.yml	true	false	2.311547	2.3303526630006672	56.369152
MinePump/spec1-5_product55.yml	true	false	2.148329	2.1661100950004766	53.788672
MinePump/spec1-5_product56.yml	true	false	2.225624	2.2419997890010563	55.427072
MinePump/spec1-5_product57.yml	true	true	3.85541	3.869416995001302	65.052672
MinePump/spec1-5_product58.yml	true	true	3.835034	3.8383287280012155	64.544768
MinePump/spec1-5_product59.yml	true	true	3.459114	3.482776004999323	64.249856
MinePump/spec1-5_product6.yml	true	false	2.269366	2.278801338001358	56.893440
MinePump/spec1-5_product60.yml	true	true	3.674168	3.6997174989992345	66.547712
MinePump/spec1-5_product61.yml	true	true	3.812962	3.8262452589988243	63.995904
MinePump/spec1-5_product62.yml	true	true	3.674572	3.677717313001267	64.475136
MinePump/spec1-5_product63.yml	true	true	3.465814	3.48889203500039	65.622016
MinePump/spec1-5_product64.yml	true	true	3.526245	3.5406725659995573	62.992384
MinePump/spec1-5_product7.yml	true	false	2.15348	2.1667174989997875	52.858880
MinePump/spec1-5_product8.yml	true	false	2.212487	2.225798327999655	53.198848
MinePump/spec1-5_product9.yml	true	false	2.18574	2.198855843000274	53.325824
algorithms/BellmanFord-FunSat01.yml	true	unknown	4.44601	4.57321178500024	89.714688
algorithms/BellmanFord-FunSat02.yml	true	unknown	2.133404	2.241786010999931	63.565824
algorithms/BellmanFord-FunUnsat01.yml	true	unknown	2.216581	2.330536420999124	64.741376
algorithms/BellmanFord-FunUnsat02.yml	true	unknown	2.142369	2.2550839519990404	63.451136
algorithms/BellmanFord-MemSat01.yml	true	unknown	4.479366	4.622722554000575	89.186304
algorithms/BellmanFord-MemSat02.yml	true	unknown	2.219761	2.327422148000551	68.288512
algorithms/BellmanFord-MemUnsat01.yml	true	unknown	2.09615	2.2072640629994567	63.295488
algorithms/BellmanFord-MemUnsat02.yml	true	unknown	2.154267	2.167849536999711	62.943232
algorithms/BinaryTreeSearch-FunSat01.yml	true	unknown	126.541059	126.66409516800013	483.008512
algorithms/BinaryTreeSearch-FunUnsat01.yml	true	unknown	218.45768	224.11095898700114	488.108032
algorithms/BinaryTreeSearch-MemSat01.yml	true	unknown	75.23361	86.13796506900144	465.494016
algorithms/BinaryTreeSearch-MemUnsat01.yml	true	false	2.801144	3.0701499949991558	64.679936
algorithms/BinaryTreeSearch-MemUnsat02.yml	true	false	2.534383	2.7467131949997565	63.610880
algorithms/InsertionSort-FunSat01.yml	true	unknown	2.707859	2.800539308000225	65.540096
algorithms/InsertionSort-FunSat02.yml	true	unknown	2.348109	2.6531238369989296	63.422464
algorithms/InsertionSort-FunUnsat01.yml	true	unknown	2.554743	2.8281753640003444	65.957888
algorithms/InsertionSort-MemSat01.yml	true	unknown	2.472732	2.8238142320005863	65.712128
algorithms/InsertionSort-MemUnsat01.yml	true	unknown	2.529096	2.90599482899961	63.647744
algorithms/MergeSortIterative-FunSat01.yml	true	unknown	2.514801	3.2371502710011555	63.471616
algorithms/MergeSortIterative-FunSat02.yml	true	unknown	2.533715	3.0361865859995305	63.549440
algorithms/MergeSortIterative-FunUnsat01.yml	true	unknown	2.614188	3.16746478999994	65.212416
algorithms/MergeSortIterative-MemSat01.yml	true	unknown	2.579713	3.327173252000648	64.098304
algorithms/MergeSortIterative-MemUnsat01.yml	true	unknown	2.474236	2.927496513000733	63.324160
algorithms/RedBlackTree-FunSat01.yml	true	TIMEOUT	901.012768	912.2251226709996	530.575360
algorithms/RedBlackTree-FunUnsat01.yml	true	false	28.409239	32.9589088140001	92.286976
algorithms/RedBlackTree-MemSat01.yml	true	unknown	75.48896	77.60321233800096	456.097792
algorithms/RedBlackTree-MemUnsat01.yml	true	unknown	97.595457	98.45711519299948	463.622144
algorithms/SortedListInsert-FunSat01.yml	true	OUT OF MEMORY	79.185436	79.55843637200087	2999.967744
algorithms/SortedListInsert-FunSat02.yml	true	OUT OF MEMORY	79.45904	80.72007112000028	2999.967744
algorithms/SortedListInsert-FunUnsat01.yml	true	OUT OF MEMORY	127.253674	127.44257072899927	2999.963648
algorithms/SortedListInsert-MemSat01.yml	true	OUT OF MEMORY	129.277844	129.47277798100004	2999.967744
algorithms/SortedListInsert-MemUnsat01.yml	true	OUT OF MEMORY	132.834976	133.02834144699955	2999.967744
algorithms/Trie-FunSat01.yml	true	true	2.254983	2.279291029999513	63.807488
algorithms/Trie-FunUnsat01.yml	true	false	2.183048	2.2587647929995	64.823296
algorithms/Trie-MemSat01.yml	true	true	2.073309	2.094113245000699	64.262144
algorithms/Trie-MemUnsat01.yml	true	false	1.628424	1.6320225859999482	65.888256
algorithms/Tsp-FunSat01.yml	true	unknown	1.480053	1.4835378779989696	63.160320
algorithms/Tsp-FunUnsat01.yml	true	unknown	1.925561	1.929668982000294	63.520768
algorithms/Tsp-MemSat01.yml	true	unknown	1.557486	1.5611013830002776	63.504384
algorithms/Tsp-MemUnsat01.yml	true	unknown	1.993515	1.9978904290001083	65.609728
juliet-java/CWE369_Divide_by_Zero__float_connect_tcp_divide_01_bad.yml	true	unknown	1.509244	1.5311931329997606	54.755328
juliet-java/CWE369_Divide_by_Zero__float_connect_tcp_divide_01_bad_version2.yml	true	unknown	1.93645	1.9449256010011595	54.022144
juliet-java/CWE369_Divide_by_Zero__float_connect_tcp_divide_01_good.yml	true	unknown	1.577899	1.5931509649999498	55.840768
juliet-java/CWE369_Divide_by_Zero__float_connect_tcp_divide_81a_bad.yml	true	unknown	1.978917	2.000542089001101	53.571584
juliet-java/CWE369_Divide_by_Zero__float_connect_tcp_divide_81a_bad_version2.yml	true	unknown	1.56836	1.5869539839986828	53.358592
juliet-java/CWE369_Divide_by_Zero__float_connect_tcp_divide_81a_good.yml	true	unknown	1.601148	1.61982796600023	53.653504
juliet-java/CWE369_Divide_by_Zero__float_console_readLine_divide_54_bad.yml	true	unknown	2.161941	2.2606788909997704	58.048512
juliet-java/CWE369_Divide_by_Zero__float_console_readLine_divide_54_bad_version2.yml	true	unknown	1.697814	1.7761214549991564	58.957824
juliet-java/CWE369_Divide_by_Zero__float_console_readLine_divide_54_good.yml	true	unknown	2.07238	2.1821348989997205	58.826752
jdart-regression/OverapproximationString01.yml	true	false	1.544817	1.5500062659994	58.642432
jdart-regression/URLDecoder01.yml	false	false	1.501688	1.5251215319985931	52.666368
jdart-regression/URLDecoder02.yml	false	false	1.926588	1.942771936999634	54.923264
jdart-regression/addition01.yml	true	false	254.109302	256.5610926869995	316.882944
jdart-regression/array-iteration01.yml	true	unknown	1.798048	1.8324925109991455	69.955584
jdart-regression/boundcheck100.yml	true	false	5.495243	5.5031466750006075	72.359936
jdart-regression/boundcheck200.yml	true	false	8.317526	8.574922857000274	81.768448
jdart-regression/boundcheck30.yml	true	false	2.912847	2.9997053030001553	68.345856
jdart-regression/double2long.yml	true	unknown	2.085199	2.1387953649991687	62.181376
jdart-regression/float.yml	true	unknown	1.631495	1.650138885999695	62.361600
jdart-regression/list2.yml	true	true	206.416594	206.54373700799988	103.616512
jdart-regression/radians.yml	true	unknown	1.462516	1.4867750550001801	52.563968
jdart-regression/shifting.yml	true	unknown	1.7216	1.8229362799993396	63.336448
jdart-regression/shifting2.yml	true	unknown	1.671281	1.7662094679999427	63.389696
jdart-regression/shifting3.yml	true	unknown	1.762258	1.8826738070001738	67.981312
jdart-regression/startswith.yml	true	true	1.651067	1.6677728970007593	58.793984
securibench/Aliasing1.yml	true	false	2.844313	2.87328122100007	62.107648
securibench/Aliasing2.yml	true	true	2.628831	2.67345806099911	57.184256
securibench/Aliasing3.yml	true	true	2.566891	2.60864688699985	54.530048
securibench/Aliasing4.yml	true	false	3.048851	3.0955528969989246	75.239424
securibench/Aliasing5.yml	true	false	2.835303	2.878241081998567	77.324288
securibench/Aliasing6.yml	true	false	3.365623	3.464501037999071	75.157504
securibench/Arrays1.yml	true	false	3.002118	3.033405271000447	61.800448
securibench/Arrays10.yml	false	unknown	2.943298	2.982352200000605	72.990720
securibench/Arrays2.yml	true	false	2.779381	2.8046549880000384	61.235200
securibench/Arrays3.yml	true	false	3.777331	3.7976960399992095	72.740864
securibench/Arrays4.yml	true	false	2.963683	2.9963699219988484	74.465280
securibench/Arrays5.yml	true	true	2.839484	2.8889749940008187	57.344000
securibench/Arrays6.yml	true	false	3.581072	3.5944921600003	62.541824
securibench/Arrays7.yml	true	false	2.979116	3.0192410260006	62.369792
securibench/Arrays8.yml	true	false	3.971714	3.9884142969985987	71.479296
securibench/Arrays9.yml	true	false	3.93106	3.9533673580008326	73.535488
securibench/Basic1.yml	true	false	2.956867	2.995918361000804	65.814528
securibench/Basic10.yml	true	false	3.998154	4.0164763949996996	71.331840
securibench/Basic11.yml	true	unknown	3.562173	3.585659759999544	57.425920
securibench/Basic12.yml	true	false	3.127007	3.1418091319992527	74.182656
securibench/Basic15.yml	true	false	3.007957	3.045450458999767	62.111744
securibench/Basic16.yml	true	false	2.903474	2.9201453820005554	61.763584
securibench/Basic17.yml	true	false	3.859406	3.872951440000179	63.279104
securibench/Basic18.yml	true	false	4.358241	4.366879686000175	71.716864
securibench/Basic19.yml	true	false	2.945845	2.982876288000625	62.009344
securibench/Basic2.yml	true	false	3.230945	3.250251287001447	74.006528
securibench/Basic20.yml	true	false	3.248107	3.3000349449994246	62.210048
securibench/Basic21.yml	true	unknown	3.892506	3.915254730000015	59.445248
securibench/Basic24.yml	true	unknown	3.94709	3.9608452069987834	74.428416
securibench/Basic25.yml	true	unknown	3.03642	3.0512338040007307	76.574720
securibench/Basic26.yml	true	false	2.915447	2.9517474429994763	62.132224
securibench/Basic27.yml	true	false	3.874304	3.896307953998985	64.200704
securibench/Basic28.yml	true	true	3.540237	3.5518096609994245	57.352192
securibench/Basic29.yml	true	false	2.942137	2.954736571999092	61.972480
securibench/Basic3.yml	true	unknown	2.637561	2.670957065998664	53.702656
securibench/Basic30.yml	true	false	3.788288	3.7914085859993065	62.984192
securibench/Basic31.yml	true	false	2.859263	2.862286829998993	62.357504
securibench/Basic32.yml	true	false	3.978509	3.985267283000212	73.965568
securibench/Basic33.yml	true	false	2.977439	3.0136509610001667	74.502144
securibench/Basic34.yml	true	false	3.071528	3.0932708740001544	75.210752
securibench/Basic35.yml	true	false	10.000093	10.112818651999987	79.409152
securibench/Basic37.yml	true	unknown	3.857614	3.995501718000014	64.188416
securibench/Basic38.yml	true	unknown	3.935678	4.065761334999479	64.385024
securibench/Basic39.yml	true	unknown	3.177412	3.3120840920000774	64.561152
securibench/Basic4.yml	true	false	3.918568	3.953307832000064	66.998272
securibench/Basic5.yml	true	unknown	3.639269	3.6620315279997158	57.237504
securibench/Basic6.yml	true	unknown	2.693058	2.715808379000009	56.176640
securibench/Basic7.yml	true	unknown	3.492861	3.5128423940004723	54.263808
securibench/Basic8.yml	true	true	3.601055	3.6231150629992044	57.552896
securibench/Basic9.yml	true	false	4.033086	4.046650447999127	73.998336
securibench/Collections1.yml	true	false	2.986477	2.993487157000345	71.610368
securibench/Collections10.yml	true	false	3.001232	3.0327383170006215	74.600448
securibench/Collections12.yml	true	false	3.967462	3.994849101	64.569344
securibench/Collections13.yml	true	true	3.091331	3.11038375499993	55.607296
securibench/Collections14.yml	true	false	4.875022	4.88026952600012	71.598080
securibench/Collections2.yml	true	false	4.266941	4.2865844079988165	71.741440
securibench/Collections3.yml	true	false	3.238578	3.2811547979999887	62.726144
securibench/Collections4.yml	true	false	3.004282	3.017563016999702	63.774720
securibench/Collections5.yml	true	false	3.919384	3.928489976000492	63.401984
securibench/Collections6.yml	true	false	3.055106	3.110679966999669	61.845504
securibench/Collections7.yml	true	false	3.850977	3.9026843900010135	62.558208
securibench/Collections8.yml	true	true	3.766591	3.789934536000146	54.452224
securibench/Collections9.yml	false	unknown	3.274681	3.3869980319996102	67.690496
securibench/Datastructures1.yml	true	false	3.85283	3.869649226000547	61.513728
securibench/Datastructures2.yml	true	false	3.047506	3.0895152440007223	61.849600
securibench/Datastructures3.yml	true	false	3.932768	3.9453318569994735	62.763008
securibench/Datastructures4.yml	true	true	3.659504	3.6655303399984405	56.385536
securibench/Datastructures5.yml	true	unknown	2.730128	2.741750694000075	56.582144
securibench/Datastructures6.yml	true	false	4.188502	4.229066125999452	83.861504
securibench/Factories1.yml	true	unknown	3.793389	3.8413061200008087	64.839680
securibench/Factories2.yml	true	false	3.482201	3.496816756000044	62.455808
securibench/Factories3.yml	true	false	3.96994	4.0090064679989155	61.648896
securibench/Inter1.yml	true	false	3.953919	3.971780560001207	62.087168
securibench/Inter10.yml	true	unknown	2.817856	2.8632591770001454	60.923904
securibench/Inter11.yml	true	unknown	3.53397	3.537399999999252	55.517184
securibench/Inter12.yml	true	false	3.152179	3.167237390000082	74.792960
securibench/Inter13.yml	true	false	4.169328	4.191046986999936	76.394496
securibench/Inter14.yml	true	false	5.180632	5.195232682001006	68.063232
securibench/Inter2.yml	true	false	3.164609	3.194251376999091	74.133504
securibench/Inter3.yml	true	false	5.313374	5.32254193800145	66.859008
securibench/Inter4.yml	true	false	2.990282	3.0032781540012365	61.485056
securibench/Inter5.yml	true	unknown	3.549141	3.569655141000112	55.377920
securibench/Inter6.yml	true	false	3.178738	3.229417339000065	73.420800
securibench/Inter7.yml	true	false	3.877894	3.9210554149995005	63.877120
securibench/Inter8.yml	true	false	3.300905	3.3102462669994566	74.260480
securibench/Inter9.yml	true	unknown	3.622229	3.6462830069995107	55.095296
securibench/Pred1.yml	true	true	3.602759	3.6158911710008397	55.226368
securibench/Pred2.yml	true	false	3.080294	3.120339098999466	61.792256
securibench/Pred3.yml	true	true	2.906067	2.909427059999871	56.963072
securibench/Pred4.yml	true	false	4.064368	4.086050070000056	71.274496
securibench/Pred5.yml	true	false	3.738071	3.7414641849991312	61.906944
securibench/Pred6.yml	true	true	2.865873	2.902759423999669	59.658240
securibench/Pred7.yml	true	true	3.682761	3.6860482070005673	54.816768
securibench/Pred8.yml	true	false	3.095651	3.0986423309987003	62.455808
securibench/Pred9.yml	true	true	3.849367	3.8692962680015626	60.809216
securibench/Refl1.yml	true	false	2.885539	2.9195533800011617	62.398464
securibench/Refl2.yml	true	true	3.596233	3.60928641099963	60.137472
securibench/Refl3.yml	true	false	2.88242	2.8951652810010273	63.606784
securibench/Refl4.yml	true	false	3.808881	3.822141290000218	62.287872
securibench/Sanitizers1.yml	true	TIMEOUT	900.951622	909.0676619660007	85.229568
securibench/Sanitizers2.yml	true	TIMEOUT	901.015902	902.4107051949977	112.865280
securibench/Sanitizers3.yml	true	unknown	3.531521	3.5550135299999965	75.194368
securibench/Sanitizers4.yml	true	TIMEOUT	901.013438	902.5655983100005	92.913664
securibench/Sanitizers5.yml	true	unknown	3.863797	3.87758501099961	67.121152
securibench/Sanitizers6.yml	true	false	56.329146	56.78686384900175	95.150080
securibench/Session1.yml	true	false	3.807512	3.827540301999761	74.072064
securibench/Session2.yml	true	false	3.884149	3.8884661850006523	62.758912
securibench/Session3.yml	true	false	3.849492	3.9880188500010263	63.184896
securibench/StrongUpdates1.yml	true	true	3.339431	3.363320014999772	57.704448
securibench/StrongUpdates2.yml	true	true	3.432948	3.454748431000553	54.243328
securibench/StrongUpdates3.yml	true	true	3.336849	3.360999571999855	54.820864
securibench/StrongUpdates4.yml	true	true	3.395854	3.425592240999322	56.279040
securibench/StrongUpdates5.yml	false	unknown	3.442388	3.4656962389999535	55.259136
float-nonlinear-calculation/Bessel.yml	true	unknown	2.117733	2.1524894869999116	63.426560
float-nonlinear-calculation/Conflict.yml	true	unknown	2.126453	2.1453077490004944	62.353408
float-nonlinear-calculation/EulerMethod.yml	true	unknown	2.030992	2.056933840000056	63.533056
float-nonlinear-calculation/MathSin.yml	true	unknown	2.612509	2.6349057759998686	53.055488
float-nonlinear-calculation/Optimization1.yml	true	unknown	2.682437	2.7280565359997127	57.135104
float-nonlinear-calculation/Optimization2.yml	true	unknown	2.636224	2.659085135999703	56.975360
float-nonlinear-calculation/Optimization3.yml	true	unknown	2.930321	3.100785000000542	66.506752
float-nonlinear-calculation/Optimization4.yml	true	unknown	2.63158	2.6615895060003822	57.864192
float-nonlinear-calculation/Optimization5.yml	true	unknown	2.550062	2.5651996760007023	57.118720
float-nonlinear-calculation/Optimization6.yml	true	unknown	2.612856	2.695863114999156	58.228736
float-nonlinear-calculation/PartitionEx.yml	true	unknown	1.775976	1.8464715970003454	63.696896
float-nonlinear-calculation/TurnLogic.yml	true	true	1.936353	2.011471347001134	53.858304
float-nonlinear-calculation/coral1.yml	true	unknown	2.387989	2.4576163759993506	59.555840
float-nonlinear-calculation/coral10.yml	true	unknown	2.646552	2.690245960999164	58.589184
float-nonlinear-calculation/coral11.yml	true	unknown	2.12093	2.1376151019994722	60.641280
float-nonlinear-calculation/coral12.yml	true	unknown	2.533355	2.547291786000642	57.016320
float-nonlinear-calculation/coral13.yml	true	unknown	2.039793	2.062986233000629	60.436480
float-nonlinear-calculation/coral14.yml	true	unknown	2.318811	2.339158075999876	60.452864
float-nonlinear-calculation/coral15.yml	true	unknown	2.594797	2.605650940000487	58.327040
float-nonlinear-calculation/coral16.yml	true	unknown	2.30515	2.316913257000124	62.509056
float-nonlinear-calculation/coral17.yml	true	unknown	2.643092	2.657517473999178	60.628992
float-nonlinear-calculation/coral18.yml	true	unknown	2.282075	2.328273936000187	59.912192
float-nonlinear-calculation/coral19.yml	true	unknown	2.641285	2.691687852000541	58.404864
float-nonlinear-calculation/coral2.yml	true	unknown	2.264074	2.3020187109996186	61.235200
float-nonlinear-calculation/coral20.yml	true	unknown	2.603109	2.6181379569989076	58.601472
float-nonlinear-calculation/coral21.yml	true	unknown	2.004293	2.0192476749998605	57.573376
float-nonlinear-calculation/coral22.yml	true	unknown	2.639899	2.6524093950010865	57.798656
float-nonlinear-calculation/coral23.yml	true	unknown	2.320963	2.3343750439998985	62.746624
float-nonlinear-calculation/coral26.yml	true	unknown	2.614224	2.6236794280011964	62.943232
float-nonlinear-calculation/coral27.yml	true	unknown	1.986243	2.0060615060010605	61.677568
float-nonlinear-calculation/coral28.yml	true	unknown	1.984512	2.0055810039993958	60.624896
float-nonlinear-calculation/coral29.yml	true	unknown	2.533612	2.5411549039999954	57.237504
float-nonlinear-calculation/coral3.yml	true	unknown	2.152745	2.1641389109990996	63.975424
float-nonlinear-calculation/coral30.yml	true	unknown	2.475526	2.4961816119994182	53.145600
float-nonlinear-calculation/coral31.yml	true	unknown	2.82112	2.8421070130007138	72.581120
float-nonlinear-calculation/coral32.yml	true	unknown	2.113703	2.1263078299998597	56.766464
float-nonlinear-calculation/coral33.yml	true	unknown	2.540177	2.5515158170001087	56.918016
float-nonlinear-calculation/coral34.yml	true	unknown	2.628714	2.6461794700007886	59.973632
float-nonlinear-calculation/coral35.yml	true	unknown	1.990286	2.0028867609998997	58.974208
float-nonlinear-calculation/coral36.yml	true	unknown	2.484667	2.506188221001139	52.666368
float-nonlinear-calculation/coral38.yml	true	unknown	2.526557	2.5422268399997847	57.798656
float-nonlinear-calculation/coral39.yml	true	unknown	1.999457	2.0132016410007054	56.995840
float-nonlinear-calculation/coral4.yml	true	unknown	2.560301	2.5797166860011203	59.961344
float-nonlinear-calculation/coral40.yml	true	unknown	2.029515	2.0521376130000135	60.555264
float-nonlinear-calculation/coral41.yml	true	unknown	2.621805	2.636168342000019	57.196544
float-nonlinear-calculation/coral42.yml	true	unknown	2.058194	2.0775258419998863	60.149760
float-nonlinear-calculation/coral43.yml	true	unknown	2.531504	2.535464222999508	56.770560
float-nonlinear-calculation/coral44.yml	true	unknown	2.623175	2.633493859000737	57.438208
float-nonlinear-calculation/coral45.yml	true	unknown	2.025471	2.036788190000152	58.634240
float-nonlinear-calculation/coral46.yml	true	unknown	2.577692	2.590834745000393	60.186624
float-nonlinear-calculation/coral48.yml	true	unknown	2.833321	2.8466904960005195	73.134080
float-nonlinear-calculation/coral49.yml	true	unknown	2.005237	2.0156465070012928	60.719104
float-nonlinear-calculation/coral5.yml	true	unknown	2.73266	2.742778231000557	65.531904
float-nonlinear-calculation/coral50.yml	true	unknown	2.138771	2.158512067000629	57.438208
float-nonlinear-calculation/coral51.yml	true	unknown	2.542559	2.557014911000806	57.315328
float-nonlinear-calculation/coral52.yml	true	unknown	2.509685	2.522573210000701	56.832000
float-nonlinear-calculation/coral53.yml	true	unknown	2.046892	2.058172584998829	60.649472
float-nonlinear-calculation/coral54.yml	true	unknown	2.628766	2.6505819270005304	61.202432
float-nonlinear-calculation/coral55.yml	true	unknown	2.183464	2.196585507999771	64.569344
float-nonlinear-calculation/coral56.yml	true	unknown	2.793741	2.8245676290007395	67.170304
float-nonlinear-calculation/coral57.yml	true	unknown	2.893347	2.9064100960004	65.036288
float-nonlinear-calculation/coral58.yml	true	unknown	2.478133	2.5512367749997793	64.176128
float-nonlinear-calculation/coral59.yml	true	unknown	2.976306	3.206522300999495	73.232384
float-nonlinear-calculation/coral6.yml	true	unknown	2.762816	3.1580675059994974	57.970688
float-nonlinear-calculation/coral60.yml	true	unknown	3.045099	3.5270858189996943	72.998912
float-nonlinear-calculation/coral61.yml	true	unknown	2.794634	3.257921043999886	63.451136
float-nonlinear-calculation/coral62.yml	true	unknown	2.859214	3.1356661049994727	64.208896
float-nonlinear-calculation/coral63.yml	true	unknown	2.8975	3.6884789990017453	62.926848
float-nonlinear-calculation/coral64.yml	true	unknown	2.858064	3.1990453580001486	63.156224
float-nonlinear-calculation/coral65.yml	true	unknown	2.834684	3.0576723019985366	63.107072
float-nonlinear-calculation/coral66.yml	true	unknown	2.489973	2.500371645000996	64.131072
float-nonlinear-calculation/coral67.yml	true	unknown	2.650857	2.6664770540010068	63.229952
float-nonlinear-calculation/coral68.yml	true	unknown	2.717004	2.7287437380000483	62.541824
float-nonlinear-calculation/coral69.yml	true	unknown	2.12439	2.137562682999487	62.742528
float-nonlinear-calculation/coral71.yml	true	unknown	2.006444	2.026542913999947	62.398464
float-nonlinear-calculation/coral72.yml	true	unknown	2.663091	2.7727544230001513	57.499648
float-nonlinear-calculation/coral73.yml	true	unknown	2.690506	2.7550812470017263	57.520128
float-nonlinear-calculation/coral74.yml	true	unknown	2.280489	2.3272141979996377	57.376768
float-nonlinear-calculation/coral75.yml	true	unknown	2.206904	2.3327689269990515	60.973056
float-nonlinear-calculation/coral76.yml	true	unknown	2.737807	2.750339191999956	63.369216
float-nonlinear-calculation/coral77.yml	true	unknown	2.234084	2.2475158520010154	76.189696
float-nonlinear-calculation/coral79.yml	true	unknown	2.73632	2.750531604999196	63.418368
float-nonlinear-calculation/coral80.yml	true	unknown	2.112104	2.1241547000008723	63.901696
float-nonlinear-calculation/coral81.yml	true	unknown	2.568115	2.584874578999006	57.040896
float-nonlinear-calculation/coral84.yml	true	unknown	2.255234	2.276917699999103	62.140416
float-nonlinear-calculation/coral9.yml	true	unknown	2.223242	2.2458632110010512	61.218816
float-nonlinear-calculation/coral91.yml	true	unknown	2.824156	2.8323226049997174	62.914560
