tool		SPF Saturday 26 July 2025 04:22:44 AM IST	SPF Saturday 26 July 2025 04:22:44 AM IST	SPF Saturday 26 July 2025 04:22:44 AM IST	SPF Saturday 26 July 2025 04:22:44 AM IST
run set		SV-COMP25_runtime-exception.RuntimeException-Java	SV-COMP25_runtime-exception.RuntimeException-Java	SV-COMP25_runtime-exception.RuntimeException-Java	SV-COMP25_runtime-exception.RuntimeException-Java
sv-benchmarks/java/		status	cputime (s)	walltime (s)	memory (MB)
jayhorn-recursive/Ackermann01.yml	true	false	2.217824	2.2222778289997223	78.442496
jayhorn-recursive/Addition.yml	true	true	2.381754	2.396288046999871	79.585280
jayhorn-recursive/InfiniteLoop.yml	true	false	1.674929	1.687809178999487	78.888960
jayhorn-recursive/SatAckermann01.yml	true	true	15.502614	16.6983664090003	153.194496
jayhorn-recursive/SatAckermann02.yml	true	true	15.608812	17.38314532200002	152.485888
jayhorn-recursive/SatAckermann03.yml	true	true	16.074432	18.103249507999863	157.433856
jayhorn-recursive/SatAddition01.yml	true	true	2.395922	2.417565626999931	80.158720
jayhorn-recursive/SatEvenOdd01.yml	true	true	2.312679	2.3241243100001157	79.286272
jayhorn-recursive/SatFibonacci01.yml	true	true	2.553714	2.592430503000287	96.501760
jayhorn-recursive/SatFibonacci02.yml	true	true	2.070448	2.0875206950004213	54.542336
jayhorn-recursive/SatFibonacci03.yml	true	true	3.802753	4.248284319999584	110.051328
jayhorn-recursive/SatGcd.yml	true	TIMEOUT	901.018834	902.7444476459996	146.280448
jayhorn-recursive/SatHanoi01.yml	true	true	8.601132	9.652780098000221	168.910848
jayhorn-recursive/SatMccarthy91.yml	true	true	73.640546	75.80258634300026	183.336960
jayhorn-recursive/SatMultCommutative01.yml	true	true	2.996528	3.2352403550003146	81.137664
jayhorn-recursive/SatPrimes01.yml	true	unknown	465.838895	468.86663541300004	217.903104
jayhorn-recursive/UnsatAckermann01.yml	true	false	2.660783	3.4236716180002986	79.454208
jayhorn-recursive/UnsatAddition01.yml	true	false	2.597103	2.709554439000385	78.823424
jayhorn-recursive/UnsatAddition02.yml	true	true	2.831428	2.9056432890001815	80.842752
jayhorn-recursive/UnsatEvenOdd01.yml	true	false	2.396752	2.407378394999796	78.536704
jayhorn-recursive/UnsatFibonacci01.yml	true	false	2.531649	2.549610093999945	79.376384
jayhorn-recursive/UnsatFibonacci02.yml	true	false	2.526227	2.54938344600032	90.529792
jayhorn-recursive/UnsatMccarthy91.yml	true	false	2.445813	2.501391130999764	82.980864
jbmc-regression/ArithmeticException1.yml	true	false	2.118469	2.140582267999889	78.049280
jbmc-regression/ArithmeticException5.yml	true	true	2.298545	2.3274188730001697	53.612544
jbmc-regression/ArithmeticException6.yml	true	false	2.252148	2.393122922000657	82.206720
jbmc-regression/ArrayIndexOutOfBoundsException1.yml	true	false	2.13082	2.1932163510000464	78.876672
jbmc-regression/ArrayIndexOutOfBoundsException2.yml	true	false	2.425307	2.5223608379992584	79.134720
jbmc-regression/ArrayIndexOutOfBoundsException3.yml	true	false	2.112498	2.1400438279997616	81.485824
jbmc-regression/BufferedReaderReadLine.yml	true	unknown	2.29497	2.323272841999824	57.290752
jbmc-regression/CharSequenceBug.yml	true	false	1.983429	2.0154123030006303	78.798848
jbmc-regression/CharSequenceToString.yml	true	unknown	2.077786	2.0958795480000845	58.114048
jbmc-regression/ClassCastException1.yml	true	false	1.854258	1.8766142169997693	55.050240
jbmc-regression/ClassCastException2.yml	true	true	2.094358	2.105627660999744	53.665792
jbmc-regression/ClassCastException3.yml	true	false	1.899419	1.9383592379999754	53.682176
jbmc-regression/Class_method1.yml	true	true	2.091225	2.1179409489996033	53.264384
jbmc-regression/Inheritance1.yml	true	true	1.865489	1.8838733689999572	54.128640
jbmc-regression/NegativeArraySizeException1.yml	true	false	1.891681	1.9129934789998515	53.866496
jbmc-regression/NegativeArraySizeException2.yml	true	false	2.155101	2.1770058339998286	53.129216
jbmc-regression/NullPointerException1.yml	true	true	1.870849	1.8962942019998081	53.854208
jbmc-regression/NullPointerException2.yml	true	false	2.185706	2.20564666700011	53.506048
jbmc-regression/NullPointerException3.yml	true	false	1.821389	1.8338495660000262	56.360960
jbmc-regression/NullPointerException4.yml	true	false	1.903668	1.9071252960002312	52.989952
jbmc-regression/RegexMatches01.yml	true	true	2.201761	2.2244115999992573	54.812672
jbmc-regression/RegexMatches02.yml	true	true	1.933264	1.9693668190002427	54.104064
jbmc-regression/RegexSubstitution01.yml	true	true	2.262655	2.291551919000085	54.583296
jbmc-regression/RegexSubstitution02.yml	true	unknown	1.797338	1.8075780849994771	54.067200
jbmc-regression/RegexSubstitution03.yml	true	true	1.840091	1.8640017309999166	54.280192
jbmc-regression/StaticCharMethods01.yml	true	true	1.751124	1.7778204790001837	52.850688
jbmc-regression/StaticCharMethods02.yml	true	unknown	2.21746	2.232866246999947	58.023936
jbmc-regression/StaticCharMethods03.yml	true	unknown	1.831901	1.8475104860008287	57.618432
jbmc-regression/StaticCharMethods04.yml	true	false	2.091566	2.1075581519999105	53.243904
jbmc-regression/StaticCharMethods05.yml	false	unknown	1.805581	1.8263225919999968	55.136256
jbmc-regression/StaticCharMethods06.yml	true	unknown	1.747701	1.7720356529998753	56.815616
jbmc-regression/StringBuilderAppend01.yml	true	unknown	2.21309	2.2338709069999823	54.730752
jbmc-regression/StringBuilderAppend02.yml	true	unknown	1.914637	1.925444394999431	54.403072
jbmc-regression/StringBuilderCapLen01.yml	true	true	1.804657	1.825651540999388	56.479744
jbmc-regression/StringBuilderCapLen02.yml	true	unknown	2.319586	2.3375473520000014	56.594432
jbmc-regression/StringBuilderCapLen03.yml	true	unknown	1.912426	1.9943043089997445	54.042624
jbmc-regression/StringBuilderCapLen04.yml	true	unknown	2.195324	2.3189931980004985	53.370880
jbmc-regression/StringBuilderChars01.yml	true	true	2.307568	2.4094517319999795	55.308288
jbmc-regression/StringBuilderChars02.yml	true	unknown	2.288722	2.4905682240005262	62.648320
jbmc-regression/StringBuilderChars03.yml	false	unknown	2.203004	2.2932317429995237	53.415936
jbmc-regression/StringBuilderChars04.yml	true	unknown	2.169882	2.3188071340000533	53.604352
jbmc-regression/StringBuilderChars05.yml	false	unknown	2.089437	2.1060929120003493	53.747712
jbmc-regression/StringBuilderChars06.yml	true	unknown	1.962972	1.9825843239996175	58.269696
jbmc-regression/StringBuilderConstructors01.yml	true	unknown	1.971316	1.9937383320002482	57.929728
jbmc-regression/StringBuilderConstructors02.yml	true	unknown	2.195213	2.2169620469994697	55.107584
jbmc-regression/StringBuilderInsertDelete01.yml	true	true	2.001384	2.041644371000075	54.120448
jbmc-regression/StringBuilderInsertDelete02.yml	true	unknown	2.23295	2.265603700000611	53.235712
jbmc-regression/StringBuilderInsertDelete03.yml	true	unknown	2.020032	2.0248583799993867	53.813248
jbmc-regression/StringCompare01.yml	true	true	1.830626	1.852343526000368	53.526528
jbmc-regression/StringCompare02.yml	true	unknown	2.062457	2.0782743100007792	54.030336
jbmc-regression/StringCompare03.yml	true	unknown	1.762171	1.7910829709999234	53.264384
jbmc-regression/StringCompare04.yml	true	unknown	1.651823	1.654762412999844	54.001664
jbmc-regression/StringCompare05.yml	true	false	1.71388	1.7303393460006191	53.600256
jbmc-regression/StringConcatenation01.yml	true	unknown	2.176154	2.199488676999863	58.368000
jbmc-regression/StringConcatenation02.yml	true	unknown	1.730401	1.7546427650004262	57.544704
jbmc-regression/StringConcatenation03.yml	true	unknown	2.269348	2.283682422000311	58.847232
jbmc-regression/StringConcatenation04.yml	true	unknown	1.731357	1.7502437260000079	60.059648
jbmc-regression/StringConstructors01.yml	true	true	1.628098	1.6482438319999346	54.378496
jbmc-regression/StringConstructors02.yml	true	unknown	2.157345	2.167587077999997	57.380864
jbmc-regression/StringConstructors03.yml	true	unknown	1.748239	1.7824825050001891	57.438208
jbmc-regression/StringConstructors04.yml	true	unknown	2.254833	2.27492524399986	59.490304
jbmc-regression/StringConstructors05.yml	true	unknown	1.755928	1.768247999999403	57.819136
jbmc-regression/StringContains01.yml	true	unknown	1.731168	1.7439763610000227	57.397248
jbmc-regression/StringContains02.yml	true	unknown	1.722285	1.7484250159996009	57.221120
jbmc-regression/StringIndexMethods01.yml	true	true	2.104302	2.1215684270000565	53.526528
jbmc-regression/StringIndexMethods02.yml	true	false	1.760564	1.775012264999532	78.987264
jbmc-regression/StringIndexMethods03.yml	true	false	1.811339	1.821465681000518	79.089664
jbmc-regression/StringIndexMethods04.yml	true	false	2.30994	2.326240897000389	79.462400
jbmc-regression/StringIndexMethods05.yml	true	false	1.850085	1.8705593689992384	78.053376
jbmc-regression/StringMiscellaneous01.yml	true	true	2.255922	2.2811697979996097	53.399552
jbmc-regression/StringMiscellaneous02.yml	true	unknown	2.094836	2.1629636910001864	57.380864
jbmc-regression/StringMiscellaneous03.yml	false	unknown	2.081943	2.123538802999974	57.327616
jbmc-regression/StringMiscellaneous04.yml	true	true	2.276602	2.3097545139999056	54.288384
jbmc-regression/StringStartEnd01.yml	true	true	2.032779	2.1180862479995994	55.029760
jbmc-regression/StringStartEnd02.yml	true	unknown	2.23596	2.257738215000245	59.785216
jbmc-regression/StringStartEnd03.yml	true	unknown	1.966337	1.9850117579999278	59.162624
jbmc-regression/StringValueOf01.yml	true	true	1.928606	1.9456465980001667	54.931456
jbmc-regression/StringValueOf02.yml	false	false	1.783207	1.820210572999713	55.345152
jbmc-regression/StringValueOf03.yml	false	false	2.182404	2.209718351000447	56.352768
jbmc-regression/StringValueOf04.yml	true	unknown	1.898758	1.9247001220001039	57.372672
jbmc-regression/StringValueOf05.yml	true	unknown	1.807214	1.82687887100019	60.026880
jbmc-regression/StringValueOf06.yml	true	unknown	2.271181	2.287579320000077	57.974784
jbmc-regression/StringValueOf07.yml	true	unknown	1.776064	1.8131762570001229	53.972992
jbmc-regression/StringValueOf08.yml	false	unknown	2.230053	2.254045998000038	55.877632
jbmc-regression/StringValueOf09.yml	false	unknown	1.982266	2.004452852999748	56.967168
jbmc-regression/StringValueOf10.yml	true	unknown	2.004703	2.019273638999948	57.372672
jbmc-regression/SubString01.yml	true	true	2.11637	2.1395158859995718	52.502528
jbmc-regression/SubString02.yml	false	unknown	1.917094	1.9497397249997448	58.236928
jbmc-regression/SubString03.yml	false	unknown	2.284399	2.302240907999476	56.795136
jbmc-regression/TokenTest01.yml	true	true	1.891179	1.915133889999197	54.407168
jbmc-regression/TokenTest02.yml	true	unknown	1.877995	1.9006734129998222	54.648832
jbmc-regression/Validate01.yml	true	true	2.290907	2.3439993590000086	55.754752
jbmc-regression/Validate02.yml	true	unknown	1.985624	2.0417939139997543	54.517760
jbmc-regression/aastore_aaload1.yml	true	true	468.208872	469.08073860199966	128.503808
jbmc-regression/array1.yml	true	true	2.007798	2.098862884000482	81.690624
jbmc-regression/array2.yml	true	true	1.839226	1.8792863779999607	78.626816
jbmc-regression/arraylength1.yml	true	true	1.748162	1.7703442550000545	82.788352
jbmc-regression/arrayread1.yml	true	true	2.233883	2.250772682999923	79.282176
jbmc-regression/assert1.yml	true	true	1.778433	1.7888747679999142	78.049280
jbmc-regression/assert2.yml	true	false	1.749587	1.7630562579997786	78.675968
jbmc-regression/assert3.yml	true	false	1.744201	1.7691913109993038	77.971456
jbmc-regression/assert4.yml	true	false	2.30301	2.3351059599999644	78.548992
jbmc-regression/assert5.yml	true	true	1.997427	2.0190143149993673	78.958592
jbmc-regression/assert6.yml	true	true	2.034674	2.06610255600026	78.323712
jbmc-regression/astore_aload1.yml	true	true	2.051195	2.1252527960004954	53.403648
jbmc-regression/athrow1.yml	true	false	2.002377	2.0288578740000958	55.177216
jbmc-regression/basic1.yml	true	true	1.767173	1.7923587060004138	53.788672
jbmc-regression/bitwise1.yml	true	true	1.761326	1.773777205999977	83.525632
jbmc-regression/boolean1.yml	true	true	1.78492	1.8073173680004402	78.950400
jbmc-regression/boolean2.yml	true	true	2.076319	2.0894544470002074	78.163968
jbmc-regression/bug-test-gen-095.yml	true	unknown	1.750994	1.7540066800002023	57.147392
jbmc-regression/bug-test-gen-119-2.yml	true	true	1.674777	1.6869403609998699	55.500800
jbmc-regression/bug-test-gen-119.yml	true	unknown	1.813578	1.8457793020006648	78.430208
jbmc-regression/calc.yml	true	true	90.492888	90.90118038299988	126.398464
jbmc-regression/cast1.yml	true	true	1.800836	1.8046723759998713	79.368192
jbmc-regression/catch1.yml	true	true	2.001841	2.023060694999913	52.981760
jbmc-regression/char1.yml	true	unknown	1.71966	1.742926730000363	58.462208
jbmc-regression/charArray.yml	true	unknown	1.904802	1.9168000050003684	57.274368
jbmc-regression/classtest1.yml	true	true	1.988601	2.013316089	53.465088
jbmc-regression/const1.yml	true	true	1.885885	1.9161569620000591	54.743040
jbmc-regression/constructor1.yml	true	true	1.938461	1.989057519999733	53.551104
jbmc-regression/enum1.yml	true	true	2.069798	2.166354394999871	53.211136
jbmc-regression/exceptions1.yml	true	false	1.814585	1.9354885560005641	54.525952
jbmc-regression/exceptions10.yml	true	false	1.830472	1.851850801999717	53.792768
jbmc-regression/exceptions11.yml	true	false	1.7802	1.807196909000595	52.764672
jbmc-regression/exceptions12.yml	true	false	2.042754	2.056468310999662	54.890496
jbmc-regression/exceptions13.yml	true	false	1.951591	1.9738856989997657	53.915648
jbmc-regression/exceptions14.yml	true	true	1.936242	2.0239101950000986	53.583872
jbmc-regression/exceptions15.yml	true	true	2.06191	2.2461173470001086	54.431744
jbmc-regression/exceptions16.yml	true	false	1.832752	1.8800458400000934	54.329344
jbmc-regression/exceptions18.yml	true	true	1.701075	1.7333489799993913	54.128640
jbmc-regression/exceptions2.yml	true	false	1.612279	1.6373857449998468	53.874688
jbmc-regression/exceptions3.yml	true	false	1.92314	1.947604663000675	53.112832
jbmc-regression/exceptions4.yml	true	true	1.682155	1.6948146699996869	53.145600
jbmc-regression/exceptions5.yml	true	true	1.679808	1.7000769679998484	53.723136
jbmc-regression/exceptions6.yml	true	false	1.598923	1.6210625720004828	55.701504
jbmc-regression/exceptions7.yml	true	false	1.966524	1.9835856449999483	53.551104
jbmc-regression/exceptions8.yml	true	false	1.689004	1.7080238610005836	53.608448
jbmc-regression/exceptions9.yml	true	true	1.649034	1.674327059999996	52.736000
jbmc-regression/fcmpx_dcmpx1.yml	true	true	1.604187	1.6131114890004028	53.219328
jbmc-regression/iarith1.yml	true	true	1.947845	1.9608156080003027	53.329920
jbmc-regression/iarith2.yml	true	true	1.60227	1.612901286000124	52.686848
jbmc-regression/if_acmp1.yml	true	true	1.690752	1.7246372990002783	53.534720
jbmc-regression/if_expr1.yml	true	true	1.768502	1.772156005999932	78.680064
jbmc-regression/if_icmp1.yml	true	true	1.924946	1.9409129189998566	78.340096
jbmc-regression/ifxx1.yml	true	true	1.98685	1.9994181419997403	54.583296
jbmc-regression/instanceof1.yml	true	true	1.781353	1.8188452200001848	53.354496
jbmc-regression/instanceof2.yml	true	true	1.883925	1.8970885759999874	53.002240
jbmc-regression/instanceof3.yml	true	true	1.808703	1.8322684220001975	53.915648
jbmc-regression/instanceof4.yml	true	true	1.994506	2.0191800809998313	53.596160
jbmc-regression/instanceof5.yml	true	true	1.734298	1.7838647030002903	53.571584
jbmc-regression/instanceof6.yml	true	true	1.700813	1.7113380590008092	53.420032
jbmc-regression/instanceof7.yml	true	true	1.548233	1.570425828000225	53.493760
jbmc-regression/instanceof8.yml	true	true	1.908169	1.9314853519999815	53.153792
jbmc-regression/interface1.yml	true	false	1.623776	1.6565548379994652	54.878208
jbmc-regression/java_append_char.yml	true	false	1.775966	1.7975857450001058	79.167488
jbmc-regression/lazyloading4.yml	true	true	1.823058	1.8523524920001364	53.174272
jbmc-regression/list1.yml	true	true	72.169183	72.96446172800006	163.704832
jbmc-regression/long1.yml	true	true	2.062299	2.105961362999551	54.833152
jbmc-regression/lookupswitch1.yml	true	true	2.109326	2.1946889060000103	77.860864
jbmc-regression/multinewarray.yml	true	true	1.976345	2.046294382999804	55.402496
jbmc-regression/overloading1.yml	true	true	1.973787	2.001442286999918	53.424128
jbmc-regression/package1.yml	true	true	1.685236	1.7090586900003473	53.989376
jbmc-regression/putfield_getfield1.yml	true	true	1.634553	1.6539738869996654	52.895744
jbmc-regression/putstatic_getstatic1.yml	true	true	1.616334	1.6289091879998523	53.014528
jbmc-regression/recursion2.yml	true	true	1.939601	1.9524756170003457	52.916224
jbmc-regression/return1.yml	true	false	1.663685	1.6821774600002755	53.395456
jbmc-regression/return2.yml	true	false	1.772319	1.7956161510001039	78.106624
jbmc-regression/store_load1.yml	true	true	1.944954	1.9589204539997809	53.780480
jbmc-regression/swap1.yml	true	true	1.644693	1.657324781999705	54.890496
jbmc-regression/synchronized.yml	true	true	1.674465	1.7510341360002712	52.719616
jbmc-regression/tableswitch1.yml	true	true	2.18895	2.287912019000032	78.958592
jbmc-regression/uninitialised1.yml	true	true	1.672354	1.7276410369995574	55.517184
jbmc-regression/virtual1.yml	true	true	1.585709	1.6055941620006706	53.301248
jbmc-regression/virtual2.yml	true	false	1.672116	1.692432882000503	54.829056
jbmc-regression/virtual4.yml	true	true	1.957468	1.9786246029998438	54.431744
jbmc-regression/virtual_function_unwinding.yml	true	true	1.625301	1.6413523129995156	54.644736
jpf-regression/ExDarko_false.yml	true	false	1.865304	1.8785738680007853	79.069184
jpf-regression/ExDarko_true.yml	true	true	2.217742	2.2312900629995056	79.257600
jpf-regression/ExException_false.yml	false	false	1.740326	1.7592946250006207	78.163968
jpf-regression/ExException_true.yml	true	true	1.931425	1.9442566059997262	78.991360
jpf-regression/ExGenSymExe_false.yml	true	false	1.752905	1.7779410659995847	53.186560
jpf-regression/ExGenSymExe_true.yml	true	true	2.023529	2.0409189330002846	53.473280
jpf-regression/ExLazy_false.yml	true	false	1.824798	1.847044969000308	79.888384
jpf-regression/ExLazy_true.yml	true	true	1.816069	1.8190072380002675	78.544896
jpf-regression/ExMIT_false.yml	true	false	2.132452	2.149105759000122	78.643200
jpf-regression/ExMIT_true.yml	true	true	1.778485	1.791257924999627	79.015936
jpf-regression/ExSymExe10_false.yml	true	false	1.833869	1.8476569979993656	78.979072
jpf-regression/ExSymExe10_true.yml	true	true	2.083118	2.0962666599998556	78.221312
jpf-regression/ExSymExe11_false.yml	true	false	1.670097	1.686168539999926	53.800960
jpf-regression/ExSymExe11_true.yml	true	true	1.740535	1.7533586199997444	78.176256
jpf-regression/ExSymExe12_false.yml	true	false	2.173494	2.177345437999975	79.843328
jpf-regression/ExSymExe12_true.yml	true	true	1.795686	1.804081113000393	79.085568
jpf-regression/ExSymExe13_false.yml	true	false	1.708094	1.7220833409992338	79.433728
jpf-regression/ExSymExe13_true.yml	true	true	1.906537	1.9204497729997456	88.915968
jpf-regression/ExSymExe14_false.yml	true	false	2.118889	2.142552090999743	80.515072
jpf-regression/ExSymExe14_true.yml	true	true	1.724163	1.7373323480005638	79.867904
jpf-regression/ExSymExe15_false.yml	true	false	1.812098	1.834702279999874	79.749120
jpf-regression/ExSymExe15_true.yml	true	true	1.818145	1.8316724069991324	88.281088
jpf-regression/ExSymExe16_false.yml	true	false	1.981613	1.999365022999882	53.198848
jpf-regression/ExSymExe16_true.yml	true	true	1.607393	1.6192363659993134	53.575680
jpf-regression/ExSymExe17_false.yml	true	false	1.616871	1.6296244400000433	53.268480
jpf-regression/ExSymExe17_true.yml	true	true	1.94237	2.023340570000073	53.108736
jpf-regression/ExSymExe18_false.yml	true	false	1.942469	1.9667855469997448	78.209024
jpf-regression/ExSymExe18_true.yml	true	true	1.832582	1.859615467000367	53.559296
jpf-regression/ExSymExe19_false.yml	true	false	2.217779	2.244192699999985	87.482368
jpf-regression/ExSymExe19_true.yml	true	true	4.351006	4.412274490000527	115.613696
jpf-regression/ExSymExe1_false.yml	true	false	2.107282	2.121779568999955	114.491392
jpf-regression/ExSymExe1_true.yml	true	true	2.07281	2.08894148499985	55.943168
jpf-regression/ExSymExe20_false.yml	true	false	6.427558	6.451733473999411	156.925952
jpf-regression/ExSymExe20_true.yml	true	true	2.054831	2.139165721999234	53.665792
jpf-regression/ExSymExe21_false.yml	true	false	2.294233	2.319060533999618	115.212288
jpf-regression/ExSymExe21_true.yml	true	true	2.041793	2.065136899999743	56.119296
jpf-regression/ExSymExe25_false.yml	true	false	1.978522	1.9903158110000732	79.220736
jpf-regression/ExSymExe25_true.yml	true	true	2.022785	2.04901931600034	53.530624
jpf-regression/ExSymExe26_false.yml	true	false	2.48412	2.4980715129995588	115.269632
jpf-regression/ExSymExe26_true.yml	true	true	1.715728	1.7280482140004096	52.613120
jpf-regression/ExSymExe27_false.yml	true	false	2.172528	2.176079665000543	79.081472
jpf-regression/ExSymExe27_true.yml	true	true	1.683275	1.7024355599996852	53.608448
jpf-regression/ExSymExe28_false.yml	true	false	1.787708	1.8106618819992946	78.737408
jpf-regression/ExSymExe28_true.yml	true	true	2.03295	2.0640650659997846	53.305344
jpf-regression/ExSymExe29_false.yml	true	false	2.957217	2.9649945129995103	157.933568
jpf-regression/ExSymExe29_true.yml	true	true	1.916112	1.956468923999637	55.685120
jpf-regression/ExSymExe2_false.yml	true	false	2.957329	2.9750324400001773	129.892352
jpf-regression/ExSymExe2_true.yml	true	true	1.737106	1.7504291820005164	53.510144
jpf-regression/ExSymExe3_false.yml	true	false	1.985462	1.9904549419998148	78.213120
jpf-regression/ExSymExe3_true.yml	true	true	1.594883	1.617713612999978	53.993472
jpf-regression/ExSymExe4_false.yml	true	false	3.479143	3.4933772300000783	113.467392
jpf-regression/ExSymExe4_true.yml	true	true	1.598493	1.6110398119999445	53.501952
jpf-regression/ExSymExe5_false.yml	true	false	1.760995	1.766989542000374	78.503936
jpf-regression/ExSymExe5_true.yml	true	true	1.612153	1.6315672629998517	53.370880
jpf-regression/ExSymExe6_false.yml	true	false	1.647111	1.6502204460002758	78.053376
jpf-regression/ExSymExe6_true.yml	true	true	1.929205	1.9890872050000326	53.780480
jpf-regression/ExSymExe7_false.yml	true	false	1.879246	1.905965242000093	108.044288
jpf-regression/ExSymExe7_true.yml	true	true	1.937268	1.9767229170001883	113.692672
jpf-regression/ExSymExe8_false.yml	true	false	2.542637	2.556194788000539	117.415936
jpf-regression/ExSymExe8_true.yml	true	true	1.499218	1.51184208199993	52.338688
jpf-regression/ExSymExe9_false.yml	true	false	1.56768	1.5888579769998614	53.780480
jpf-regression/ExSymExe9_true.yml	true	true	1.574113	1.5948363629995583	53.182464
jpf-regression/ExSymExeArrays_false.yml	true	false	1.947731	1.9693997470003524	53.555200
jpf-regression/ExSymExeArrays_true.yml	true	true	1.556536	1.5602759909997985	53.788672
jpf-regression/ExSymExeBool_false.yml	true	false	1.680095	1.697884315999545	53.006336
jpf-regression/ExSymExeBool_true.yml	true	true	1.922919	1.944529852999949	53.080064
jpf-regression/ExSymExeComplexMath_false.yml	true	false	1.669565	1.6780167739998433	52.797440
jpf-regression/ExSymExeComplexMath_true.yml	true	true	1.696768	1.7153986630000873	52.989952
jpf-regression/ExSymExeD2I_false.yml	true	false	1.89495	1.9080387479998535	53.600256
jpf-regression/ExSymExeD2I_true.yml	true	true	1.677942	1.6877080989997921	78.966784
jpf-regression/ExSymExeD2L_false.yml	true	true	1.653471	1.6564698160000262	78.991360
jpf-regression/ExSymExeD2L_true.yml	true	true	1.697637	1.7008668380003655	81.625088
jpf-regression/ExSymExeF2I_false.yml	true	false	1.917955	1.9399456359997203	53.551104
jpf-regression/ExSymExeF2I_true.yml	true	true	1.66311	1.676352883000618	78.135296
jpf-regression/ExSymExeF2L_false.yml	true	true	1.57548	1.5885788010000397	78.233600
jpf-regression/ExSymExeF2L_true.yml	true	true	1.679579	1.7019650300007925	81.154048
jpf-regression/ExSymExeFNEG_false.yml	true	true	1.652196	1.6651762920000692	77.557760
jpf-regression/ExSymExeFNEG_true.yml	true	true	2.079087	2.082401466000192	78.376960
jpf-regression/ExSymExeGetStatic_false.yml	true	false	1.511594	1.5346013539992782	52.928512
jpf-regression/ExSymExeGetStatic_true.yml	true	true	1.586619	1.6022611419994064	55.644160
jpf-regression/ExSymExeI2D_false.yml	true	true	1.689866	1.696719825999935	78.954496
jpf-regression/ExSymExeI2D_true.yml	true	true	2.286175	2.301897424999879	113.389568
jpf-regression/ExSymExeI2F_false.yml	true	false	1.583669	1.602030275999823	53.854208
jpf-regression/ExSymExeI2F_true.yml	true	true	1.736623	1.739822561999972	78.274560
jpf-regression/ExSymExeLCMP_false.yml	true	false	1.701577	1.7045779829995809	79.450112
jpf-regression/ExSymExeLCMP_true.yml	true	true	2.115872	2.1299246560001848	80.084992
jpf-regression/ExSymExeLongBytecodes_false.yml	true	false	1.72256	1.7346715470002891	78.217216
jpf-regression/ExSymExeLongBytecodes_true.yml	true	true	1.716497	1.7327463599995099	79.413248
jpf-regression/ExSymExeResearch_false.yml	true	false	1.727761	1.7513607829996545	79.474688
jpf-regression/ExSymExeResearch_true.yml	true	true	1.750833	1.7537258259999362	79.982592
jpf-regression/ExSymExeSimple_false.yml	true	false	1.684834	1.6875627909994364	78.450688
jpf-regression/ExSymExeSimple_true.yml	true	true	2.148672	2.1619702719999623	79.360000
jpf-regression/ExSymExeSuzette_false.yml	true	false	1.706168	1.727968547999808	78.794752
jpf-regression/ExSymExeSuzette_true.yml	true	true	1.773881	1.7810126710000986	77.938688
jpf-regression/ExSymExeSwitch_false.yml	true	false	1.841042	1.8498631610000302	78.917632
jpf-regression/ExSymExeSwitch_true.yml	true	true	1.861865	1.8951024509997296	78.536704
jpf-regression/ExSymExeTestAssignments_false.yml	true	false	1.861821	1.882282337000106	78.581760
jpf-regression/ExSymExeTestAssignments_true.yml	true	true	1.815481	1.8350131429997418	78.262272
jpf-regression/ExSymExeTestClassFields_false.yml	true	false	2.164512	2.1894915240000046	81.850368
jpf-regression/ExSymExeTestClassFields_true.yml	true	true	1.707168	1.7203015650002271	78.585856
jpf-regression/ExSymExe_false.yml	true	false	1.672611	1.6909125839993067	53.989376
jpf-regression/ExSymExe_true.yml	true	true	1.68727	1.7062835340002493	54.730752
jpf-regression/TestLazy_false.yml	true	false	1.726726	1.7493906240006254	79.020032
jpf-regression/TestLazy_true.yml	true	true	2.083241	2.0965479589995084	78.438400
java-ranger-regression/TCAS_prop1.yml	true	false	2.886851	2.90600001599978	90.136576
java-ranger-regression/TCAS_prop2.yml	true	true	7.917259	7.930575272999704	124.530688
java-ranger-regression/TCAS_prop3.yml	true	true	8.118366	8.121764100000291	126.717952
java-ranger-regression/apachecli_eqchk.yml	true	true	30.396245	30.413364192999325	121.909248
java-ranger-regression/schedule_eqchk.yml	true	true	6.778374	6.792301770999984	96.882688
java-ranger-regression/WBS/WBS_prop1.yml	true	false	1.855857	1.8595648830005302	85.327872
java-ranger-regression/WBS/WBS_prop2.yml	true	true	4.68851	4.700072179999552	111.906816
java-ranger-regression/WBS/WBS_prop3.yml	true	false	1.877197	1.899617634999231	78.766080
java-ranger-regression/WBS/WBS_prop4.yml	true	false	7.399525	7.413110020000204	112.893952
java-ranger-regression/alarm/Alarm_prop1.yml	true	true	2.228112	2.241502639999453	84.017152
java-ranger-regression/alarm/Alarm_prop10.yml	true	true	2.301777	2.3141011380002965	86.822912
java-ranger-regression/alarm/Alarm_prop2.yml	true	true	2.482419	2.498944265999853	86.036480
java-ranger-regression/alarm/Alarm_prop3.yml	true	true	2.572855	2.5859065369995733	82.403328
java-ranger-regression/alarm/Alarm_prop4.yml	true	true	2.553088	2.575479586000256	83.734528
java-ranger-regression/alarm/Alarm_prop5.yml	true	true	2.368619	2.3853092199997263	85.200896
java-ranger-regression/alarm/Alarm_prop6.yml	true	true	2.348375	2.3572452469998098	96.518144
java-ranger-regression/alarm/Alarm_prop8.yml	true	true	2.31848	2.331502296000508	86.732800
java-ranger-regression/alarm/Alarm_prop9.yml	true	true	2.212383	2.2249937890001092	79.757312
java-ranger-regression/infusion/Infusion_prop1.yml	true	true	2.650836	2.6603982979995635	83.283968
java-ranger-regression/infusion/Infusion_prop10.yml	true	true	2.103768	2.1154608030001327	79.302656
java-ranger-regression/infusion/Infusion_prop11.yml	true	true	2.067265	2.0711063039998407	79.630336
java-ranger-regression/infusion/Infusion_prop12.yml	true	true	2.24884	2.2688283919997048	97.865728
java-ranger-regression/infusion/Infusion_prop13.yml	true	true	2.142037	2.1555426380000426	80.891904
java-ranger-regression/infusion/Infusion_prop2.yml	true	true	2.619492	2.6276020039995274	83.111936
java-ranger-regression/infusion/Infusion_prop3.yml	true	true	2.204313	2.222533922999901	92.954624
java-ranger-regression/infusion/Infusion_prop4.yml	true	true	2.13207	2.1424085199996625	80.957440
java-ranger-regression/infusion/Infusion_prop5.yml	true	true	2.090652	2.100943797000582	80.818176
java-ranger-regression/infusion/Infusion_prop6.yml	true	true	2.19752	2.2176982860000862	92.598272
java-ranger-regression/infusion/Infusion_prop7.yml	true	true	2.631262	2.6416620129994044	80.289792
java-ranger-regression/infusion/Infusion_prop8.yml	true	true	2.117316	2.130386011000155	83.136512
java-ranger-regression/infusion/Infusion_prop9.yml	true	true	2.138881	2.1500113140000394	83.861504
java-ranger-regression/siena_eqchk/siena_prop1.yml	true	true	23.337679	23.366518781000195	111.833088
java-ranger-regression/siena_eqchk/siena_prop2.yml	true	false	5.97258	5.992921660999855	101.306368
java-ranger-regression/replace5_eqchk/replace5_prop1.yml	true	true	8.01706	8.032932196999354	105.021440
java-ranger-regression/replace5_eqchk/replace5_prop2.yml	true	false	2.297949	2.3191612549999263	86.937600
java-ranger-regression/nanoxml_eqchk/nanoxml_prop1.yml	false	unknown	2.743001	2.756031446000634	95.342592
java-ranger-regression/nanoxml_eqchk/nanoxml_prop2.yml	false	unknown	3.134929	3.1461164319998716	83.640320
java-ranger-regression/nanoxml_eqchk/nanoxml_prop3.yml	false	unknown	2.533122	2.546067598999798	84.504576
java-ranger-regression/printtokens_eqchk/printtokens_prop1.yml	true	true	21.339398	21.449508411999886	152.432640
java-ranger-regression/printtokens_eqchk/printtokens_prop2.yml	true	false	1.985601	1.9988556139996945	79.175680
MinePump/spec1-5_product1.yml	true	false	1.82043	1.830281940000532	79.450112
MinePump/spec1-5_product10.yml	true	false	2.37354	2.385452331000124	78.966784
MinePump/spec1-5_product11.yml	true	false	2.884293	2.897123398000076	93.282304
MinePump/spec1-5_product12.yml	true	false	1.963421	1.9769173880004018	83.660800
MinePump/spec1-5_product13.yml	true	false	2.308131	2.3306234330002553	81.256448
MinePump/spec1-5_product14.yml	true	false	1.933794	1.9465288829997007	81.256448
MinePump/spec1-5_product15.yml	true	false	3.01536	3.038454270999864	94.441472
MinePump/spec1-5_product16.yml	true	false	2.580469	2.5878332439997394	85.368832
MinePump/spec1-5_product17.yml	true	false	1.898841	1.9188136160000795	79.155200
MinePump/spec1-5_product18.yml	true	false	2.07997	2.0881827829998656	79.323136
MinePump/spec1-5_product19.yml	true	false	3.939447	3.9568109069996353	93.794304
MinePump/spec1-5_product2.yml	true	false	1.932525	1.9365013890001137	79.454208
MinePump/spec1-5_product20.yml	true	false	1.988531	2.007198649000202	85.536768
MinePump/spec1-5_product21.yml	true	false	1.929356	1.935581887999433	80.777216
MinePump/spec1-5_product22.yml	true	false	2.232336	2.2502281010001752	79.933440
MinePump/spec1-5_product23.yml	true	false	4.159861	4.182442408000497	94.998528
MinePump/spec1-5_product24.yml	true	false	2.468884	2.590546240000549	84.787200
MinePump/spec1-5_product25.yml	true	false	2.261332	2.337121753000247	79.835136
MinePump/spec1-5_product26.yml	true	false	2.226538	2.255753901999924	79.515648
MinePump/spec1-5_product27.yml	true	false	3.345783	3.3668845040001543	94.740480
MinePump/spec1-5_product28.yml	true	false	2.145473	2.1677545379998264	84.197376
MinePump/spec1-5_product29.yml	true	false	2.401296	2.4213190220007164	80.998400
MinePump/spec1-5_product3.yml	true	false	3.895119	4.023716527000033	93.532160
MinePump/spec1-5_product30.yml	true	false	2.345221	2.3858116720002727	92.311552
MinePump/spec1-5_product31.yml	true	false	3.518411	3.599462899000173	93.904896
MinePump/spec1-5_product32.yml	true	false	2.617986	2.638324126999578	84.877312
MinePump/spec1-5_product33.yml	true	false	2.199505	2.3122087149995423	78.548992
MinePump/spec1-5_product34.yml	true	false	2.146975	2.1532590730002994	80.715776
MinePump/spec1-5_product35.yml	true	false	3.361384	3.433281624999836	90.329088
MinePump/spec1-5_product36.yml	true	false	2.620425	2.6411611989997255	85.839872
MinePump/spec1-5_product37.yml	true	false	2.046517	2.0676593299995147	80.412672
MinePump/spec1-5_product38.yml	true	false	2.072565	2.2283951389999856	78.237696
MinePump/spec1-5_product39.yml	true	false	3.249268	3.3041992769994977	90.660864
MinePump/spec1-5_product4.yml	true	false	2.351126	2.3880206980002185	85.245952
MinePump/spec1-5_product40.yml	true	false	2.583173	2.601703264000207	83.775488
MinePump/spec1-5_product41.yml	true	false	2.18692	2.2156099080002605	81.641472
MinePump/spec1-5_product42.yml	true	false	2.145211	2.1581700790002287	82.042880
MinePump/spec1-5_product43.yml	true	false	3.301569	3.31395230400085	94.789632
MinePump/spec1-5_product44.yml	true	false	2.080492	2.0897627929998634	84.881408
MinePump/spec1-5_product45.yml	true	false	2.107619	2.111779879999631	83.542016
MinePump/spec1-5_product46.yml	true	false	2.037501	2.0411614599997847	83.521536
MinePump/spec1-5_product47.yml	true	false	3.97675	3.999938282000585	94.715904
MinePump/spec1-5_product48.yml	true	false	2.114742	2.128696439000123	84.643840
MinePump/spec1-5_product49.yml	true	false	1.845944	1.8493214219997753	79.466496
MinePump/spec1-5_product5.yml	true	false	2.033106	2.051941912000075	92.155904
MinePump/spec1-5_product50.yml	true	false	1.862628	1.876451721000194	79.208448
MinePump/spec1-5_product51.yml	true	false	3.113647	3.129870607999692	90.796032
MinePump/spec1-5_product52.yml	true	false	2.201622	2.2170381790001557	85.434368
MinePump/spec1-5_product53.yml	true	false	2.052038	2.0814421300001413	78.794752
MinePump/spec1-5_product54.yml	true	false	2.346635	2.3651835789996767	79.032320
MinePump/spec1-5_product55.yml	true	false	3.196554	3.2200425929995617	89.812992
MinePump/spec1-5_product56.yml	true	false	2.364958	2.3872342989998288	87.756800
MinePump/spec1-5_product57.yml	true	true	12.730117	13.04461638400062	116.211712
MinePump/spec1-5_product58.yml	true	true	12.893419	12.906919668000228	97.509376
MinePump/spec1-5_product59.yml	true	true	15.143256	15.314315543999328	109.121536
MinePump/spec1-5_product6.yml	true	false	2.069211	2.1503277609999714	79.060992
MinePump/spec1-5_product60.yml	true	true	13.874838	14.106960666000305	103.612416
MinePump/spec1-5_product61.yml	true	true	10.431753	10.451317779999954	99.872768
MinePump/spec1-5_product62.yml	true	true	13.055473	13.160120687999552	105.021440
MinePump/spec1-5_product63.yml	true	true	20.469016	20.613399754000056	110.051328
MinePump/spec1-5_product64.yml	true	true	10.173703	10.211194708000221	105.926656
MinePump/spec1-5_product7.yml	true	false	3.31888	3.3511939480004003	93.921280
MinePump/spec1-5_product8.yml	true	false	2.185017	2.2121163150004577	84.234240
MinePump/spec1-5_product9.yml	true	false	2.276747	2.3335905189996993	79.372288
algorithms/BellmanFord-FunSat01.yml	true	true	4.124959	4.288087564999842	90.361856
algorithms/BellmanFord-FunSat02.yml	true	unknown	1.906837	1.9236138370006302	78.684160
algorithms/BellmanFord-FunUnsat01.yml	true	false	3.750523	3.791476227000203	89.690112
algorithms/BellmanFord-FunUnsat02.yml	true	unknown	1.836904	1.8482921899994835	78.254080
algorithms/BellmanFord-MemSat01.yml	true	true	3.751811	3.764524163000715	89.817088
algorithms/BellmanFord-MemSat02.yml	true	unknown	1.828559	1.8416834180006845	79.171584
algorithms/BellmanFord-MemUnsat01.yml	true	false	3.586824	3.61253393700008	89.919488
algorithms/BellmanFord-MemUnsat02.yml	true	unknown	1.853819	1.9075971319998644	78.020608
algorithms/BinaryTreeSearch-FunSat01.yml	true	true	5.228449	5.2571291889998975	96.305152
algorithms/BinaryTreeSearch-FunUnsat01.yml	true	false	2.038335	2.050026865000291	80.564224
algorithms/BinaryTreeSearch-MemSat01.yml	true	true	8.108317	8.250561042999834	97.533952
algorithms/BinaryTreeSearch-MemUnsat01.yml	true	false	1.89645	1.910839730000589	78.962688
algorithms/BinaryTreeSearch-MemUnsat02.yml	true	false	1.971865	1.9914683040005912	78.520320
algorithms/InsertionSort-FunSat01.yml	true	true	2.21245	2.256160321999232	84.733952
algorithms/InsertionSort-FunSat02.yml	true	true	2.427245	2.475899897999625	82.313216
algorithms/InsertionSort-FunUnsat01.yml	true	true	2.491308	2.5304566980003074	93.192192
algorithms/InsertionSort-MemSat01.yml	true	true	2.579854	2.5992079939996984	81.682432
algorithms/InsertionSort-MemUnsat01.yml	true	false	2.208007	2.2345954880001955	81.604608
algorithms/MergeSortIterative-FunSat01.yml	true	true	2.100531	2.113928670999485	80.441344
algorithms/MergeSortIterative-FunSat02.yml	true	true	2.093399	2.1062387000001763	80.781312
algorithms/MergeSortIterative-FunUnsat01.yml	true	unknown	2.488086	2.5026644740000847	79.642624
algorithms/MergeSortIterative-MemSat01.yml	true	true	2.100385	2.1075010410004325	79.405056
algorithms/MergeSortIterative-MemUnsat01.yml	true	true	2.08926	2.129744548000417	80.752640
algorithms/RedBlackTree-FunSat01.yml	true	true	2.488961	2.492867212999954	85.942272
algorithms/RedBlackTree-FunUnsat01.yml	true	false	2.233892	2.254035978000502	81.502208
algorithms/RedBlackTree-MemSat01.yml	true	true	6.729154	6.747255694999694	96.350208
algorithms/RedBlackTree-MemUnsat01.yml	true	false	3.514473	3.536941807000403	86.548480
algorithms/SortedListInsert-FunSat01.yml	true	true	6.354361	6.413065691999691	96.055296
algorithms/SortedListInsert-FunSat02.yml	true	true	8.254036	8.315465255000163	98.377728
algorithms/SortedListInsert-FunUnsat01.yml	true	false	2.24071	2.263706459999412	85.880832
algorithms/SortedListInsert-MemSat01.yml	true	true	5.56151	5.574412940000002	94.154752
algorithms/SortedListInsert-MemUnsat01.yml	true	false	1.922469	1.9428220130002956	88.440832
algorithms/Trie-FunSat01.yml	true	true	2.181545	2.2427431610003623	79.134720
algorithms/Trie-FunUnsat01.yml	true	false	2.030283	2.110791199999767	78.487552
algorithms/Trie-MemSat01.yml	true	true	2.092519	2.146564605000094	78.970880
algorithms/Trie-MemUnsat01.yml	true	false	2.089413	2.1487599590000173	79.536128
algorithms/Tsp-FunSat01.yml	true	unknown	1.982224	2.0241453159997036	77.541376
algorithms/Tsp-FunUnsat01.yml	true	unknown	2.285502	2.3121567950001918	86.401024
algorithms/Tsp-MemSat01.yml	true	unknown	2.079271	2.14432381899951	78.843904
algorithms/Tsp-MemUnsat01.yml	true	unknown	2.095367	2.127066791999823	78.204928
juliet-java/CWE369_Divide_by_Zero__float_connect_tcp_divide_01_bad.yml	true	unknown	1.919888	1.942928970000139	53.456896
juliet-java/CWE369_Divide_by_Zero__float_connect_tcp_divide_01_bad_version2.yml	true	unknown	1.941561	1.9596696840008008	53.227520
juliet-java/CWE369_Divide_by_Zero__float_connect_tcp_divide_01_good.yml	true	unknown	1.969514	2.007193860999905	54.165504
juliet-java/CWE369_Divide_by_Zero__float_connect_tcp_divide_81a_bad.yml	true	unknown	2.278404	2.327374217000397	56.356864
juliet-java/CWE369_Divide_by_Zero__float_connect_tcp_divide_81a_bad_version2.yml	true	unknown	2.019725	2.0316674210007477	53.993472
juliet-java/CWE369_Divide_by_Zero__float_connect_tcp_divide_81a_good.yml	true	unknown	2.064497	2.193207787000574	54.165504
juliet-java/CWE369_Divide_by_Zero__float_console_readLine_divide_54_bad.yml	true	unknown	2.030401	2.1193005340001037	58.441728
juliet-java/CWE369_Divide_by_Zero__float_console_readLine_divide_54_bad_version2.yml	true	unknown	2.000251	2.0534233340003993	57.483264
juliet-java/CWE369_Divide_by_Zero__float_console_readLine_divide_54_good.yml	true	unknown	1.962484	2.009028467999997	57.032704
jdart-regression/OverapproximationString01.yml	true	unknown	2.063841	2.0803938090002703	60.096512
jdart-regression/URLDecoder01.yml	false	false	1.830005	1.841242336000505	56.700928
jdart-regression/URLDecoder02.yml	false	false	1.785029	1.8085981560006985	57.610240
jdart-regression/addition01.yml	true	true	1.843208	1.8672099589994104	79.196160
jdart-regression/array-iteration01.yml	true	false	1.881368	1.8853845690000526	84.504576
jdart-regression/boundcheck100.yml	true	false	3.750628	3.7655515980004566	99.119104
jdart-regression/boundcheck200.yml	true	false	4.003025	4.025451657999838	122.867712
jdart-regression/boundcheck30.yml	true	false	2.054414	2.0677456129997154	79.785984
jdart-regression/double2long.yml	true	true	1.69467	1.718038887000148	78.045184
jdart-regression/float.yml	true	true	1.762559	1.7719262379996508	78.786560
jdart-regression/list2.yml	true	true	77.928426	78.28198397899996	160.980992
jdart-regression/radians.yml	true	unknown	1.710156	1.743983076999939	62.930944
jdart-regression/shifting.yml	true	true	1.728687	1.7385425580005176	78.520320
jdart-regression/shifting2.yml	true	true	2.145472	2.1574219639996954	79.126528
jdart-regression/shifting3.yml	true	false	1.751242	1.7736948900001153	79.716352
jdart-regression/startswith.yml	true	unknown	1.833857	1.8693902119994164	57.688064
securibench/Aliasing1.yml	true	unknown	3.023869	3.0553215350000755	57.970688
securibench/Aliasing2.yml	true	true	3.688452	3.7145758199994816	55.623680
securibench/Aliasing3.yml	true	true	3.174731	3.2341403760001413	55.742464
securibench/Aliasing4.yml	true	unknown	3.382787	3.46659596399968	60.600320
securibench/Aliasing5.yml	true	unknown	3.179148	3.1971432190002815	58.986496
securibench/Aliasing6.yml	true	unknown	3.043413	3.0663876779999555	61.046784
securibench/Arrays1.yml	true	unknown	3.655732	3.6691484359998867	58.449920
securibench/Arrays10.yml	false	unknown	3.119627	3.145072022000022	58.937344
securibench/Arrays2.yml	true	unknown	3.02274	3.0437685100005183	59.318272
securibench/Arrays3.yml	true	unknown	2.943056	2.9558575459996064	59.883520
securibench/Arrays4.yml	true	unknown	3.74457	3.762612681000064	59.072512
securibench/Arrays5.yml	true	true	2.993821	3.0358742620001067	55.832576
securibench/Arrays6.yml	true	unknown	3.099069	3.1196953299995585	61.861888
securibench/Arrays7.yml	true	unknown	3.035043	3.057889657000487	58.466304
securibench/Arrays8.yml	true	unknown	3.091014	3.1269173489999957	67.670016
securibench/Arrays9.yml	true	unknown	3.725737	3.7493028179997054	59.695104
securibench/Basic1.yml	true	unknown	3.288024	3.300632190000215	57.782272
securibench/Basic10.yml	true	unknown	3.148226	3.1626059869995515	65.753088
securibench/Basic11.yml	true	unknown	3.062268	3.1217708160002076	54.480896
securibench/Basic12.yml	true	unknown	3.818343	3.9322274380001545	79.958016
securibench/Basic15.yml	true	unknown	3.229841	3.247601822999968	58.826752
securibench/Basic16.yml	true	unknown	3.104478	3.1865948979993846	61.095936
securibench/Basic17.yml	true	unknown	3.050099	3.0849404279997543	59.543552
securibench/Basic18.yml	true	unknown	3.242944	3.2555604160006624	62.156800
securibench/Basic19.yml	true	unknown	3.707584	3.72944949200064	58.712064
securibench/Basic2.yml	true	unknown	3.11629	3.129831977000322	79.003648
securibench/Basic20.yml	true	unknown	3.016048	3.046649929000523	57.864192
securibench/Basic21.yml	true	unknown	3.162614	3.1756059800000003	62.836736
securibench/Basic24.yml	true	unknown	3.292262	3.305259331000343	61.337600
securibench/Basic25.yml	true	unknown	3.868084	3.9067791449997458	62.038016
securibench/Basic26.yml	true	unknown	3.35341	3.4219086049997713	59.047936
securibench/Basic27.yml	true	unknown	3.787548	3.815645109999423	59.011072
securibench/Basic28.yml	true	true	3.498766	3.5206261350003842	56.426496
securibench/Basic29.yml	true	unknown	3.657782	3.7278967789998205	58.310656
securibench/Basic3.yml	true	unknown	3.716021	3.819663309999669	56.926208
securibench/Basic30.yml	true	unknown	3.456091	3.4922860480000963	59.277312
securibench/Basic31.yml	true	unknown	3.300793	3.3580597449999914	59.805696
securibench/Basic32.yml	true	unknown	3.711352	3.737020871999448	58.847232
securibench/Basic33.yml	true	unknown	3.337515	3.397991875999651	67.702784
securibench/Basic34.yml	true	unknown	3.132076	3.15129903199977	58.519552
securibench/Basic35.yml	true	unknown	3.047503	3.07164338199982	58.372096
securibench/Basic37.yml	true	unknown	3.681403	3.685471525000139	58.822656
securibench/Basic38.yml	true	unknown	3.008094	3.041928802000257	61.239296
securibench/Basic39.yml	true	unknown	3.195044	3.2083748429995467	60.780544
securibench/Basic4.yml	true	unknown	3.178719	3.185562839999875	87.924736
securibench/Basic5.yml	true	unknown	3.083122	3.117435258000114	55.934976
securibench/Basic6.yml	true	unknown	3.60262	3.618141879000177	55.447552
securibench/Basic7.yml	true	unknown	3.033674	3.0463942090000273	54.865920
securibench/Basic8.yml	true	true	3.01408	3.0361516000002666	55.705600
securibench/Basic9.yml	true	unknown	3.240554	3.276629497000613	79.261696
securibench/Collections1.yml	true	unknown	3.723367	3.7352016620006907	59.023360
securibench/Collections10.yml	true	unknown	3.122134	3.1435506569996505	62.111744
securibench/Collections12.yml	true	unknown	3.022484	3.0258173590000297	58.671104
securibench/Collections13.yml	true	true	3.254851	3.381937186999494	58.507264
securibench/Collections14.yml	true	unknown	3.861849	3.9410342329993	67.981312
securibench/Collections2.yml	true	unknown	3.327135	3.468626513000345	58.462208
securibench/Collections3.yml	true	unknown	3.756087	3.9900033769999936	58.519552
securibench/Collections4.yml	true	unknown	3.185974	3.2269675540001117	59.002880
securibench/Collections5.yml	true	unknown	3.102153	3.1128078370002186	59.523072
securibench/Collections6.yml	true	unknown	3.144821	3.165417852000246	58.499072
securibench/Collections7.yml	true	unknown	3.729531	3.742519373000505	58.896384
securibench/Collections8.yml	true	true	3.201956	3.2466833500002394	57.909248
securibench/Collections9.yml	false	unknown	3.050804	3.064190929000688	64.217088
securibench/Datastructures1.yml	true	unknown	3.101035	3.123075775999496	58.626048
securibench/Datastructures2.yml	true	unknown	3.756624	3.769081632999587	58.286080
securibench/Datastructures3.yml	true	unknown	3.129667	3.1629112990003705	57.819136
securibench/Datastructures4.yml	true	true	2.977241	2.9892605320001167	56.672256
securibench/Datastructures5.yml	true	unknown	2.992817	3.0096501779999016	54.956032
securibench/Datastructures6.yml	true	unknown	4.895944	4.9197183289998065	77.266944
securibench/Factories1.yml	true	unknown	3.022618	3.0530281740002465	56.295424
securibench/Factories2.yml	true	unknown	3.211534	3.226201544000105	58.687488
securibench/Factories3.yml	true	unknown	3.383827	3.416583967999941	62.083072
securibench/Inter1.yml	true	unknown	3.453252	3.519362442999409	58.953728
securibench/Inter10.yml	true	unknown	3.094307	3.1079314809994685	58.032128
securibench/Inter11.yml	true	unknown	3.589307	3.608520893999412	57.925632
securibench/Inter12.yml	true	unknown	3.175439	3.198111985999276	60.805120
securibench/Inter13.yml	true	unknown	3.389351	3.4268172739994043	64.327680
securibench/Inter14.yml	true	unknown	3.144443	3.1571576249998543	62.058496
securibench/Inter2.yml	true	unknown	3.116275	3.1366073030003463	58.466304
securibench/Inter3.yml	true	unknown	3.683688	3.7070991600003254	57.892864
securibench/Inter4.yml	true	unknown	3.190603	3.2296009829997274	60.235776
securibench/Inter5.yml	true	unknown	2.93395	2.9554077210004834	55.644160
securibench/Inter6.yml	true	unknown	3.133203	3.155530971999724	58.097664
securibench/Inter7.yml	true	unknown	3.746375	3.7688040310004	61.931520
securibench/Inter8.yml	true	unknown	3.091356	3.135311232999811	59.834368
securibench/Inter9.yml	true	unknown	3.041654	3.06309123399933	55.181312
securibench/Pred1.yml	true	true	3.01643	3.0403784460004317	55.844864
securibench/Pred2.yml	true	unknown	3.27864	3.2948737369997616	79.790080
securibench/Pred3.yml	true	true	3.840573	3.870747035000022	79.204352
securibench/Pred4.yml	true	unknown	3.36626	3.452041516000463	58.757120
securibench/Pred5.yml	true	unknown	3.282048	3.3148513979995187	58.347520
securibench/Pred6.yml	true	true	3.161751	3.2214224159997684	56.496128
securibench/Pred7.yml	true	true	2.998116	3.0235435229997165	55.410688
securibench/Pred8.yml	true	unknown	3.648529	3.6606375609999304	57.974784
securibench/Pred9.yml	true	unknown	3.088938	3.123796900999878	59.232256
securibench/Refl1.yml	true	unknown	2.988875	3.0095975500007626	61.235200
securibench/Refl2.yml	true	true	3.137812	3.151968737000061	64.462848
securibench/Refl3.yml	true	unknown	3.350706	3.4444086359999346	58.798080
securibench/Refl4.yml	true	unknown	3.344519	3.5249089959997946	58.523648
securibench/Sanitizers1.yml	true	unknown	3.384677	3.4434614130004775	58.347520
securibench/Sanitizers2.yml	true	unknown	3.734556	3.798881772000641	61.075456
securibench/Sanitizers3.yml	true	unknown	3.39772	3.415995508999913	62.775296
securibench/Sanitizers4.yml	true	unknown	3.127992	3.1412397479998617	57.835520
securibench/Sanitizers5.yml	true	unknown	3.262407	3.307819892000225	62.836736
securibench/Sanitizers6.yml	true	unknown	3.066308	3.0797293929999796	58.667008
securibench/Session1.yml	true	unknown	3.681688	3.7029335470006117	58.859520
securibench/Session2.yml	true	unknown	3.273681	3.2962308129999656	64.409600
securibench/Session3.yml	true	unknown	3.181925	3.185227699999814	60.968960
securibench/StrongUpdates1.yml	true	true	3.182547	3.2096446690002267	55.418880
securibench/StrongUpdates2.yml	true	true	3.157682	3.198372187000132	58.474496
securibench/StrongUpdates3.yml	true	true	3.200048	3.2260093029999553	57.036800
securibench/StrongUpdates4.yml	true	true	3.612954	3.627424334999887	55.332864
securibench/StrongUpdates5.yml	false	unknown	3.118892	3.135617834000186	56.037376
float-nonlinear-calculation/Bessel.yml	true	true	1.751843	1.7650742270006958	78.245888
float-nonlinear-calculation/Conflict.yml	true	true	1.922885	1.9584658070007208	81.297408
float-nonlinear-calculation/EulerMethod.yml	true	unknown	1.817669	1.8276609770000505	80.965632
float-nonlinear-calculation/MathSin.yml	true	unknown	2.68008	2.6913327260008373	53.583872
float-nonlinear-calculation/Optimization1.yml	true	unknown	2.29157	2.3048723749998317	77.803520
float-nonlinear-calculation/Optimization2.yml	true	unknown	2.296409	2.3232349879999674	78.090240
float-nonlinear-calculation/Optimization3.yml	true	true	2.268344	2.27749754999968	77.783040
float-nonlinear-calculation/Optimization4.yml	true	unknown	2.303694	2.3179273440000543	78.229504
float-nonlinear-calculation/Optimization5.yml	true	unknown	2.326828	2.338975123999262	79.085568
float-nonlinear-calculation/Optimization6.yml	true	unknown	2.697312	2.711558817999503	77.553664
float-nonlinear-calculation/PartitionEx.yml	true	true	1.784208	1.8099106709996704	78.254080
float-nonlinear-calculation/TurnLogic.yml	true	true	1.742028	1.7511622609999904	55.517184
float-nonlinear-calculation/coral1.yml	true	unknown	2.365395	2.3784283559998585	78.135296
float-nonlinear-calculation/coral10.yml	true	unknown	2.271538	2.276693393999267	77.971456
float-nonlinear-calculation/coral11.yml	true	unknown	2.266738	2.285565518000112	78.217216
float-nonlinear-calculation/coral12.yml	true	unknown	2.241583	2.2571659180002825	78.016512
float-nonlinear-calculation/coral13.yml	true	unknown	2.761218	2.7712267580000116	77.836288
float-nonlinear-calculation/coral14.yml	true	unknown	2.30331	2.3163038179991418	78.376960
float-nonlinear-calculation/coral15.yml	true	unknown	2.35444	2.3664740670001265	78.467072
float-nonlinear-calculation/coral16.yml	true	true	2.358092	2.3878447320003033	78.786560
float-nonlinear-calculation/coral17.yml	true	unknown	2.280027	2.2935417509997933	78.123008
float-nonlinear-calculation/coral18.yml	true	unknown	2.783705	2.8069929370003592	78.794752
float-nonlinear-calculation/coral19.yml	true	unknown	2.29628	2.3071351989992763	78.888960
float-nonlinear-calculation/coral2.yml	true	unknown	2.264416	2.2875166679996255	81.944576
float-nonlinear-calculation/coral20.yml	true	unknown	2.306653	2.3305741739995938	77.778944
float-nonlinear-calculation/coral21.yml	true	unknown	2.318222	2.3396943759998976	78.086144
float-nonlinear-calculation/coral22.yml	true	unknown	2.438087	2.467616559999442	78.565376
float-nonlinear-calculation/coral23.yml	true	true	2.781901	2.8279289550000613	78.991360
float-nonlinear-calculation/coral26.yml	true	true	2.446055	2.474862129999565	77.135872
float-nonlinear-calculation/coral27.yml	true	unknown	2.45727	2.5080979300000763	78.450688
float-nonlinear-calculation/coral28.yml	true	unknown	2.463459	2.556538584000009	81.629184
float-nonlinear-calculation/coral29.yml	true	unknown	2.277253	2.287401943999612	78.589952
float-nonlinear-calculation/coral3.yml	true	true	2.751214	2.755314007000379	81.256448
float-nonlinear-calculation/coral30.yml	true	unknown	2.180259	2.2015983010005584	53.678080
float-nonlinear-calculation/coral31.yml	true	true	2.240143	2.2685609619993556	80.474112
float-nonlinear-calculation/coral32.yml	true	unknown	2.287357	2.301016401999732	78.479360
float-nonlinear-calculation/coral33.yml	true	unknown	2.378344	2.390792185000464	78.053376
float-nonlinear-calculation/coral34.yml	true	unknown	2.283583	2.2872026790000746	78.704640
float-nonlinear-calculation/coral35.yml	true	unknown	2.729083	2.7374661049998394	77.754368
float-nonlinear-calculation/coral36.yml	true	unknown	2.213756	2.2524702170003366	52.957184
float-nonlinear-calculation/coral38.yml	true	unknown	2.305098	2.3175715749994197	78.180352
float-nonlinear-calculation/coral39.yml	true	unknown	2.282173	2.2943442280002273	78.921728
float-nonlinear-calculation/coral4.yml	true	unknown	2.232706	2.236619190000056	78.082048
float-nonlinear-calculation/coral40.yml	true	unknown	2.319893	2.3494443409999803	77.856768
float-nonlinear-calculation/coral41.yml	true	unknown	2.297234	2.310531885000273	77.963264
float-nonlinear-calculation/coral42.yml	true	unknown	2.6737	2.6775408080002308	77.955072
float-nonlinear-calculation/coral43.yml	true	unknown	2.239592	2.2611656850003783	81.178624
float-nonlinear-calculation/coral44.yml	true	unknown	2.350193	2.369849079999767	81.113088
float-nonlinear-calculation/coral45.yml	true	unknown	2.327292	2.346774739000466	78.258176
float-nonlinear-calculation/coral46.yml	true	unknown	2.277349	2.2907147829992027	78.352384
float-nonlinear-calculation/coral48.yml	true	true	2.786027	2.809909826999501	79.622144
float-nonlinear-calculation/coral49.yml	true	unknown	2.36665	2.3784424289997332	77.619200
float-nonlinear-calculation/coral5.yml	true	true	2.224198	2.237716045000525	78.155776
float-nonlinear-calculation/coral50.yml	true	unknown	2.282573	2.305489829999715	77.533184
float-nonlinear-calculation/coral51.yml	true	unknown	2.322541	2.350708781999856	78.811136
float-nonlinear-calculation/coral52.yml	true	unknown	2.731646	2.7499489800002266	78.086144
float-nonlinear-calculation/coral53.yml	true	unknown	2.537213	2.5527837589997944	77.832192
float-nonlinear-calculation/coral54.yml	true	unknown	2.50657	2.5196456280000348	79.007744
float-nonlinear-calculation/coral55.yml	true	true	2.348004	2.412430886999573	78.061568
float-nonlinear-calculation/coral56.yml	true	true	2.354123	2.3818607450002673	77.869056
float-nonlinear-calculation/coral57.yml	true	true	2.336773	2.3505828269999256	82.198528
float-nonlinear-calculation/coral58.yml	true	true	2.725267	2.729295672000262	78.028800
float-nonlinear-calculation/coral59.yml	true	true	2.293494	2.3075475739997273	78.036992
float-nonlinear-calculation/coral6.yml	true	unknown	2.33004	2.3641459760001453	79.917056
float-nonlinear-calculation/coral60.yml	true	true	2.326218	2.3390332310000304	78.249984
float-nonlinear-calculation/coral61.yml	true	true	2.3577	2.3715003939996677	78.123008
float-nonlinear-calculation/coral62.yml	true	true	2.757354	2.773334298000009	79.949824
float-nonlinear-calculation/coral63.yml	true	true	2.50213	2.5291508719992635	78.729216
float-nonlinear-calculation/coral64.yml	true	true	2.462172	2.4918292260008457	78.282752
float-nonlinear-calculation/coral65.yml	true	true	2.471993	2.4917547639997792	78.708736
float-nonlinear-calculation/coral66.yml	true	true	2.281043	2.2847617979996357	79.523840
float-nonlinear-calculation/coral67.yml	true	true	2.280619	2.2856012499996723	77.860864
float-nonlinear-calculation/coral68.yml	true	true	2.793514	2.8063327580002806	78.065664
float-nonlinear-calculation/coral69.yml	true	true	2.383982	2.4222929489997114	81.309696
float-nonlinear-calculation/coral71.yml	true	unknown	2.308963	2.3279190009998274	81.936384
float-nonlinear-calculation/coral72.yml	true	unknown	2.295747	2.299308931000269	78.991360
float-nonlinear-calculation/coral73.yml	true	unknown	2.428123	2.438136360000499	77.688832
float-nonlinear-calculation/coral74.yml	true	unknown	2.284705	2.3128520910004227	77.377536
float-nonlinear-calculation/coral75.yml	true	unknown	2.285544	2.3054689310001777	79.777792
float-nonlinear-calculation/coral76.yml	true	true	2.742276	2.7560855849997097	78.745600
float-nonlinear-calculation/coral77.yml	true	true	2.31895	2.3324525190000713	77.725696
float-nonlinear-calculation/coral79.yml	true	true	2.305789	2.320480817000316	77.819904
float-nonlinear-calculation/coral80.yml	true	true	2.355637	2.3857431200003703	77.049856
float-nonlinear-calculation/coral81.yml	true	unknown	2.375581	2.3899663960000908	78.131200
float-nonlinear-calculation/coral84.yml	true	unknown	2.796777	2.8050294240001676	78.970880
float-nonlinear-calculation/coral9.yml	true	unknown	2.343948	2.363028765999843	78.548992
float-nonlinear-calculation/coral91.yml	true	true	2.324637	2.422272024999984	88.326144
