tool		SPF Friday 15 August 2025 03:01:02 AM IST	SPF Friday 15 August 2025 03:01:02 AM IST	SPF Friday 15 August 2025 03:01:02 AM IST	SPF Friday 15 August 2025 03:01:02 AM IST
run set		SV-COMP25_runtime-exception.RuntimeException-Java	SV-COMP25_runtime-exception.RuntimeException-Java	SV-COMP25_runtime-exception.RuntimeException-Java	SV-COMP25_runtime-exception.RuntimeException-Java
sv-benchmarks/java/		status	cputime (s)	walltime (s)	memory (MB)
jayhorn-recursive/Ackermann01.yml	true	unknown	2.787514	2.802075182000408	111.501312
jayhorn-recursive/Addition.yml	true	true	3.642089	3.67098048599928	111.575040
jayhorn-recursive/InfiniteLoop.yml	true	unknown	1.716659	1.7472983819998262	101.048320
jayhorn-recursive/SatAckermann01.yml	true	true	237.746324	238.76713615900007	174.350336
jayhorn-recursive/SatAckermann02.yml	true	true	241.67062	243.0848954459998	167.514112
jayhorn-recursive/SatAckermann03.yml	true	true	244.094722	245.20178613999997	173.432832
jayhorn-recursive/SatAddition01.yml	true	true	3.8858	3.9121357129997705	105.684992
jayhorn-recursive/SatEvenOdd01.yml	true	unknown	2.459231	2.4753827240001556	101.412864
jayhorn-recursive/SatFibonacci01.yml	true	true	17.772797	18.547893530999318	131.186688
jayhorn-recursive/SatFibonacci02.yml	true	true	2.185469	2.1973281279997536	54.128640
jayhorn-recursive/SatFibonacci03.yml	true	true	21.733329	22.389717777000442	136.052736
jayhorn-recursive/SatGcd.yml	true	TIMEOUT	901.024501	902.567808666	165.335040
jayhorn-recursive/SatHanoi01.yml	true	true	96.375232	97.2233245159996	141.987840
jayhorn-recursive/SatMccarthy91.yml	true	true	220.67468	221.62007730099958	157.638656
jayhorn-recursive/SatMultCommutative01.yml	true	true	5.944008	5.958414303000609	117.084160
jayhorn-recursive/SatPrimes01.yml	true	unknown	275.578507	275.8266044289994	211.230720
jayhorn-recursive/UnsatAckermann01.yml	true	unknown	2.300952	2.3153426019998733	101.310464
jayhorn-recursive/UnsatAddition01.yml	true	unknown	2.742494	2.756830162999904	114.372608
jayhorn-recursive/UnsatAddition02.yml	true	true	5.116691	5.131568982000317	108.269568
jayhorn-recursive/UnsatEvenOdd01.yml	true	unknown	2.154391	2.1635876130003453	101.081088
jayhorn-recursive/UnsatFibonacci01.yml	true	unknown	3.200437	3.211296683999535	103.014400
jayhorn-recursive/UnsatFibonacci02.yml	true	unknown	7.901681	7.912859729000047	126.861312
jayhorn-recursive/UnsatMccarthy91.yml	true	unknown	2.529931	2.552070953999646	101.994496
jbmc-regression/ArithmeticException1.yml	true	unknown	2.143469	2.157425428999886	100.081664
jbmc-regression/ArithmeticException5.yml	true	true	1.828746	1.8484126109997305	53.153792
jbmc-regression/ArithmeticException6.yml	true	unknown	2.125391	2.1390857839996897	100.511744
jbmc-regression/ArrayIndexOutOfBoundsException1.yml	true	unknown	2.149307	2.153195864999361	102.936576
jbmc-regression/ArrayIndexOutOfBoundsException2.yml	true	unknown	2.235675	2.2471796959998755	100.847616
jbmc-regression/ArrayIndexOutOfBoundsException3.yml	true	unknown	2.235435	2.251209046999975	80.805888
jbmc-regression/BufferedReaderReadLine.yml	true	unknown	2.491496	2.5167105689997697	114.421760
jbmc-regression/CharSequenceBug.yml	true	unknown	2.257886	2.280789086999903	102.060032
jbmc-regression/CharSequenceToString.yml	true	true	2.186938	2.1916749390002224	100.454400
jbmc-regression/ClassCastException1.yml	true	unknown	1.812461	1.8262942379997185	52.809728
jbmc-regression/ClassCastException2.yml	true	true	1.840162	1.8542029709997223	54.435840
jbmc-regression/ClassCastException3.yml	true	unknown	1.879119	1.8925215970002682	54.558720
jbmc-regression/Class_method1.yml	true	true	2.091887	2.105772588000036	54.091776
jbmc-regression/Inheritance1.yml	true	true	1.839908	1.8528549089996886	52.854784
jbmc-regression/NegativeArraySizeException1.yml	true	unknown	1.858206	1.8811263980005606	53.596160
jbmc-regression/NegativeArraySizeException2.yml	true	unknown	1.85179	1.8656424109994987	53.731328
jbmc-regression/NullPointerException1.yml	true	true	1.854463	1.8775316820001535	54.710272
jbmc-regression/NullPointerException2.yml	true	unknown	1.870516	1.888105355999869	54.603776
jbmc-regression/NullPointerException3.yml	true	unknown	1.869308	1.891102451999359	54.341632
jbmc-regression/NullPointerException4.yml	true	unknown	1.909843	1.9258399039999858	53.751808
jbmc-regression/RegexMatches01.yml	true	true	1.846347	1.8693718080003237	53.260288
jbmc-regression/RegexMatches02.yml	true	true	1.898733	1.9215489429998343	55.242752
jbmc-regression/RegexSubstitution01.yml	true	true	2.382031	2.396861926999918	55.095296
jbmc-regression/RegexSubstitution02.yml	true	unknown	1.888524	1.9037026489995696	54.071296
jbmc-regression/RegexSubstitution03.yml	true	true	1.894899	1.9144454770002994	54.157312
jbmc-regression/StaticCharMethods01.yml	true	true	2.27345	2.281380301000354	55.140352
jbmc-regression/StaticCharMethods02.yml	true	unknown	2.284828	2.299710462000803	114.118656
jbmc-regression/StaticCharMethods03.yml	true	unknown	2.981928	3.003803618999882	113.590272
jbmc-regression/StaticCharMethods04.yml	true	unknown	1.809768	1.829888672999914	53.760000
jbmc-regression/StaticCharMethods05.yml	false	false	2.429445	2.443914832999326	55.418880
jbmc-regression/StaticCharMethods06.yml	true	true	2.343625	2.360885725999651	113.500160
jbmc-regression/StringBuilderAppend01.yml	true	true	2.390686	2.4145366510001622	56.430592
jbmc-regression/StringBuilderAppend02.yml	true	unknown	1.855446	1.869585129999905	55.443456
jbmc-regression/StringBuilderCapLen01.yml	true	true	1.781394	1.7937552510002206	54.579200
jbmc-regression/StringBuilderCapLen02.yml	true	unknown	2.748295	2.7627263989998028	93.245440
jbmc-regression/StringBuilderCapLen03.yml	true	unknown	1.842196	1.855834742999832	54.218752
jbmc-regression/StringBuilderCapLen04.yml	true	unknown	2.329396	2.343836263999947	54.804480
jbmc-regression/StringBuilderChars01.yml	true	true	1.886574	1.8991257800007588	53.923840
jbmc-regression/StringBuilderChars02.yml	true	unknown	2.716857	2.7235525149999376	81.260544
jbmc-regression/StringBuilderChars03.yml	false	unknown	1.847247	1.8585128790000454	54.317056
jbmc-regression/StringBuilderChars04.yml	true	unknown	1.836917	1.8544132079996416	53.432320
jbmc-regression/StringBuilderChars05.yml	false	unknown	2.349645	2.374015332000454	52.953088
jbmc-regression/StringBuilderChars06.yml	true	unknown	1.979564	2.0189189290003924	55.365632
jbmc-regression/StringBuilderConstructors01.yml	true	unknown	2.740057	2.757720354000412	100.573184
jbmc-regression/StringBuilderConstructors02.yml	true	unknown	1.819823	1.8358475519999047	53.284864
jbmc-regression/StringBuilderInsertDelete01.yml	true	true	2.475414	2.498381471999892	56.868864
jbmc-regression/StringBuilderInsertDelete02.yml	true	unknown	1.832557	1.8504321330001403	53.817344
jbmc-regression/StringBuilderInsertDelete03.yml	true	unknown	1.852325	1.8555459750004957	53.739520
jbmc-regression/StringCompare01.yml	true	true	2.331911	2.34313026899963	54.013952
jbmc-regression/StringCompare02.yml	true	unknown	1.760691	1.7833934399995997	54.984704
jbmc-regression/StringCompare03.yml	true	unknown	2.300062	2.3114236519995757	56.438784
jbmc-regression/StringCompare04.yml	true	unknown	1.82129	1.8418369330001951	55.152640
jbmc-regression/StringCompare05.yml	true	unknown	2.267316	2.2903282090001085	53.952512
jbmc-regression/StringConcatenation01.yml	true	true	2.187993	2.1924946629997066	80.568320
jbmc-regression/StringConcatenation02.yml	true	unknown	2.640636	2.657914876000177	81.158144
jbmc-regression/StringConcatenation03.yml	true	unknown	2.130423	2.1540225329999885	81.260544
jbmc-regression/StringConcatenation04.yml	true	unknown	2.658202	2.6721979559997635	81.424384
jbmc-regression/StringConstructors01.yml	true	true	2.014985	2.033946680000554	54.575104
jbmc-regression/StringConstructors02.yml	true	unknown	2.12892	2.132537169999523	80.515072
jbmc-regression/StringConstructors03.yml	true	unknown	2.661426	2.6866149210000003	81.551360
jbmc-regression/StringConstructors04.yml	true	unknown	2.029152	2.043192609000471	80.523264
jbmc-regression/StringConstructors05.yml	true	unknown	2.683382	2.707564897999873	82.030592
jbmc-regression/StringContains01.yml	true	unknown	2.076185	2.087423289999606	80.957440
jbmc-regression/StringContains02.yml	true	unknown	2.617525	2.632653849000235	83.976192
jbmc-regression/StringIndexMethods01.yml	true	true	1.815795	1.8196785280006225	53.800960
jbmc-regression/StringIndexMethods02.yml	true	unknown	2.156659	2.1600741539996307	103.030784
jbmc-regression/StringIndexMethods03.yml	true	unknown	2.631357	2.6358577490000243	98.865152
jbmc-regression/StringIndexMethods04.yml	true	TIMEOUT	901.051288	907.9538136929996	498.089984
jbmc-regression/StringIndexMethods05.yml	true	unknown	2.705201	2.7194504839999354	98.324480
jbmc-regression/StringMiscellaneous01.yml	true	true	2.5284	2.5369233769997663	53.325824
jbmc-regression/StringMiscellaneous02.yml	true	unknown	3.009957	3.015309890000026	117.239808
jbmc-regression/StringMiscellaneous03.yml	false	unknown	2.984054	2.9991350380005315	102.707200
jbmc-regression/StringMiscellaneous04.yml	true	true	2.435318	2.464113091999934	55.947264
jbmc-regression/StringStartEnd01.yml	true	true	2.378744	2.399496486999851	53.952512
jbmc-regression/StringStartEnd02.yml	true	unknown	2.878512	2.8934916629996223	81.940480
jbmc-regression/StringStartEnd03.yml	true	unknown	2.896251	2.910529838000002	81.694720
jbmc-regression/StringValueOf01.yml	true	true	2.499098	2.514811154999734	53.424128
jbmc-regression/StringValueOf02.yml	false	unknown	1.601071	1.6161189379999996	52.969472
jbmc-regression/StringValueOf03.yml	false	unknown	2.557987	2.6068103249999695	55.922688
jbmc-regression/StringValueOf04.yml	true	unknown	2.779921	2.8105447160005497	82.157568
jbmc-regression/StringValueOf05.yml	true	unknown	3.011271	3.0740469270003814	101.302272
jbmc-regression/StringValueOf06.yml	true	unknown	2.911735	2.927525441999933	85.389312
jbmc-regression/StringValueOf07.yml	true	unknown	2.423652	2.445581081000455	53.776384
jbmc-regression/StringValueOf08.yml	false	unknown	2.671842	2.6857666850000896	77.647872
jbmc-regression/StringValueOf09.yml	false	unknown	2.841522	2.851813884999501	79.630336
jbmc-regression/StringValueOf10.yml	true	unknown	2.755632	2.7799896030001037	82.460672
jbmc-regression/SubString01.yml	true	true	2.371049	2.3818748700005017	56.463360
jbmc-regression/SubString02.yml	false	unknown	2.800382	2.8247554169993236	81.510400
jbmc-regression/SubString03.yml	false	unknown	2.869326	2.8896044690000053	81.002496
jbmc-regression/TokenTest01.yml	true	true	2.466574	2.4889800619994276	54.771712
jbmc-regression/TokenTest02.yml	true	unknown	2.442131	2.4606902109999282	55.693312
jbmc-regression/Validate01.yml	true	true	2.450142	2.4724061389997587	55.259136
jbmc-regression/Validate02.yml	true	unknown	2.581897	2.596960503000446	52.862976
jbmc-regression/aastore_aaload1.yml	true	unknown	2.860531	2.865435271000024	100.347904
jbmc-regression/array1.yml	true	unknown	3.146669	3.151426266999806	100.528128
jbmc-regression/array2.yml	true	true	3.389478	3.411032534999322	113.553408
jbmc-regression/arraylength1.yml	true	unknown	3.247561	3.2754838549999477	100.605952
jbmc-regression/arrayread1.yml	true	unknown	2.912459	2.9290030249994743	101.445632
jbmc-regression/assert1.yml	true	true	3.19229	3.2084147770001437	108.879872
jbmc-regression/assert2.yml	true	unknown	2.845814	2.865780308000467	100.655104
jbmc-regression/assert3.yml	true	unknown	2.968314	2.996763550000651	101.101568
jbmc-regression/assert4.yml	true	unknown	2.948286	2.9629778959997566	121.163776
jbmc-regression/assert5.yml	true	true	2.299642	2.327702780000436	113.565696
jbmc-regression/assert6.yml	true	true	3.007052	3.0203613450003104	100.306944
jbmc-regression/astore_aload1.yml	true	true	1.927242	1.9433234150001226	56.713216
jbmc-regression/athrow1.yml	true	unknown	2.187707	2.2090819880004346	54.067200
jbmc-regression/basic1.yml	true	true	2.31242	2.321488880999823	54.448128
jbmc-regression/bitwise1.yml	true	unknown	2.200219	2.205805393000446	98.525184
jbmc-regression/boolean1.yml	true	true	2.157294	2.1723652410000795	100.589568
jbmc-regression/boolean2.yml	true	true	2.577294	2.594522669000071	100.315136
jbmc-regression/bug-test-gen-095.yml	true	unknown	2.20086	2.2496090000004187	80.248832
jbmc-regression/bug-test-gen-119-2.yml	true	true	1.884016	1.9217102379998323	55.689216
jbmc-regression/bug-test-gen-119.yml	true	unknown	2.835206	2.9018754950002403	102.154240
jbmc-regression/calc.yml	true	unknown	2.249385	2.3345817970002827	101.367808
jbmc-regression/cast1.yml	true	unknown	2.940795	2.9671412839998084	117.264384
jbmc-regression/catch1.yml	true	true	1.878039	1.905582172999857	55.975936
jbmc-regression/char1.yml	true	unknown	2.179126	2.1950673930004996	102.481920
jbmc-regression/charArray.yml	true	unknown	2.463402	2.493563381000058	101.888000
jbmc-regression/classtest1.yml	true	true	2.29512	2.3236346200001208	53.354496
jbmc-regression/const1.yml	true	true	2.11012	2.1286033430005773	52.953088
jbmc-regression/constructor1.yml	true	true	1.964472	1.981509496000399	57.700352
jbmc-regression/enum1.yml	true	true	2.128711	2.142609079000067	53.002240
jbmc-regression/exceptions1.yml	true	unknown	2.054059	2.0756477580007413	59.387904
jbmc-regression/exceptions10.yml	true	unknown	2.280185	2.3195607900006507	54.812672
jbmc-regression/exceptions11.yml	true	unknown	1.986652	2.007950312000503	54.968320
jbmc-regression/exceptions12.yml	true	unknown	2.188007	2.2022574769998755	54.685696
jbmc-regression/exceptions13.yml	true	unknown	2.054531	2.0753347330000906	55.824384
jbmc-regression/exceptions14.yml	true	true	1.876794	1.9060214809996978	53.932032
jbmc-regression/exceptions15.yml	true	true	2.340112	2.3768545650000306	52.641792
jbmc-regression/exceptions16.yml	true	unknown	2.259265	2.295897076000074	55.951360
jbmc-regression/exceptions18.yml	true	true	2.224751	2.2506194060006237	53.694464
jbmc-regression/exceptions2.yml	true	unknown	2.081815	2.129695596999227	53.710848
jbmc-regression/exceptions3.yml	true	unknown	1.898589	1.922205355999722	54.005760
jbmc-regression/exceptions4.yml	true	true	2.33986	2.4176909009993324	53.334016
jbmc-regression/exceptions5.yml	true	true	2.016535	2.044043736999811	56.082432
jbmc-regression/exceptions6.yml	true	unknown	2.130107	2.149907770000027	52.875264
jbmc-regression/exceptions7.yml	true	unknown	2.017605	2.025870161999592	53.706752
jbmc-regression/exceptions8.yml	true	unknown	1.950112	1.966616859000169	53.485568
jbmc-regression/exceptions9.yml	true	true	2.012862	2.0332253460001084	53.465088
jbmc-regression/fcmpx_dcmpx1.yml	true	true	2.127472	2.1523271409996596	53.813248
jbmc-regression/iarith1.yml	true	true	2.17542	2.1897954519999985	54.702080
jbmc-regression/iarith2.yml	true	true	2.1055	2.119948712000223	55.869440
jbmc-regression/if_acmp1.yml	true	true	2.017531	2.029684121000173	56.123392
jbmc-regression/if_expr1.yml	true	true	2.414452	2.4663210939997953	100.507648
jbmc-regression/if_icmp1.yml	true	true	2.926028	3.0041970759994	102.662144
jbmc-regression/ifxx1.yml	true	true	2.008146	2.0692002490004597	53.723136
jbmc-regression/instanceof1.yml	true	true	2.151051	2.1792938610005876	54.861824
jbmc-regression/instanceof2.yml	true	true	1.885569	1.9496461640001144	53.489664
jbmc-regression/instanceof3.yml	true	true	2.056894	2.068335199000103	53.858304
jbmc-regression/instanceof4.yml	true	true	1.948645	1.96529058500073	53.481472
jbmc-regression/instanceof5.yml	true	true	2.141735	2.1708324000001085	53.633024
jbmc-regression/instanceof6.yml	true	true	1.946262	1.9711437619998833	56.451072
jbmc-regression/instanceof7.yml	true	true	2.321681	2.3518506820000766	54.259712
jbmc-regression/instanceof8.yml	true	true	1.93739	1.9632281079993845	53.547008
jbmc-regression/interface1.yml	true	unknown	2.224583	2.23970199499945	56.066048
jbmc-regression/java_append_char.yml	true	unknown	2.327623	2.3444658899998103	101.113856
jbmc-regression/lazyloading4.yml	true	true	2.259347	2.2794458030002716	55.205888
jbmc-regression/list1.yml	true	unknown	2.960243	2.9775714759998664	107.294720
jbmc-regression/long1.yml	true	true	1.825945	1.8464025789999141	53.760000
jbmc-regression/lookupswitch1.yml	true	true	3.531283	3.5524676750001163	114.806784
jbmc-regression/multinewarray.yml	true	true	1.879484	1.8965919700003724	53.616640
jbmc-regression/overloading1.yml	true	true	2.19255	2.2176376430006712	53.989376
jbmc-regression/package1.yml	true	true	2.009148	2.0314125650002097	53.055488
jbmc-regression/putfield_getfield1.yml	true	true	2.326215	2.355958677999297	54.910976
jbmc-regression/putstatic_getstatic1.yml	true	true	1.911604	1.9358417220000774	54.824960
jbmc-regression/recursion2.yml	true	true	2.092158	2.111828019999848	54.833152
jbmc-regression/return1.yml	true	unknown	1.727334	1.7403502589995696	53.600256
jbmc-regression/return2.yml	true	unknown	2.087607	2.101526730999467	100.499456
jbmc-regression/store_load1.yml	true	true	2.223574	2.23617230400032	53.882880
jbmc-regression/swap1.yml	true	true	1.688589	1.7099226350001118	54.239232
jbmc-regression/synchronized.yml	true	true	2.070358	2.091375879000225	53.760000
jbmc-regression/tableswitch1.yml	true	true	2.901828	2.9056696739999097	102.518784
jbmc-regression/uninitialised1.yml	true	true	1.63655	1.6594255979998707	53.018624
jbmc-regression/virtual1.yml	true	true	1.633511	1.6471186079998006	53.747712
jbmc-regression/virtual2.yml	true	unknown	2.235823	2.2417769210005645	53.264384
jbmc-regression/virtual4.yml	true	true	2.116589	2.1371624860003067	54.235136
jbmc-regression/virtual_function_unwinding.yml	true	true	1.73267	1.7562324219998118	54.018048
jpf-regression/ExDarko_false.yml	true	unknown	2.193638	2.2049716829997124	100.696064
jpf-regression/ExDarko_true.yml	true	true	2.152785	2.1859336130000884	101.093376
jpf-regression/ExException_false.yml	false	unknown	2.61947	2.6290116899999703	99.418112
jpf-regression/ExException_true.yml	true	true	2.478578	2.4841768520000187	100.589568
jpf-regression/ExGenSymExe_false.yml	true	unknown	1.749098	1.7645953440005542	54.300672
jpf-regression/ExGenSymExe_true.yml	true	true	1.729797	1.7541438960006417	54.603776
jpf-regression/ExLazy_false.yml	true	unknown	1.998627	2.021002056000725	101.789696
jpf-regression/ExLazy_true.yml	true	true	2.060826	2.0642482579996795	100.937728
jpf-regression/ExMIT_false.yml	true	unknown	2.659991	2.6770838500005993	101.691392
jpf-regression/ExMIT_true.yml	true	true	2.519965	2.528498331999799	100.962304
jpf-regression/ExSymExe10_false.yml	true	unknown	2.00616	2.017522292999274	101.924864
jpf-regression/ExSymExe10_true.yml	true	true	1.966533	1.9703839849998985	100.032512
jpf-regression/ExSymExe11_false.yml	true	unknown	1.676449	1.6898389149992	52.957184
jpf-regression/ExSymExe11_true.yml	true	true	1.918542	1.9254540550000456	101.404672
jpf-regression/ExSymExe12_false.yml	true	unknown	2.773329	2.7950887960005275	101.543936
jpf-regression/ExSymExe12_true.yml	true	true	2.537439	2.5546037730000535	101.359616
jpf-regression/ExSymExe13_false.yml	true	unknown	2.062812	2.0883968899997853	102.084608
jpf-regression/ExSymExe13_true.yml	true	true	2.036975	2.0403310210003838	111.325184
jpf-regression/ExSymExe14_false.yml	true	unknown	2.000154	2.0123604780001187	109.330432
jpf-regression/ExSymExe14_true.yml	true	true	2.130511	2.133658849999847	116.625408
jpf-regression/ExSymExe15_false.yml	true	unknown	2.506199	2.519147518999489	101.335040
jpf-regression/ExSymExe15_true.yml	true	true	2.651582	2.665464527999575	101.437440
jpf-regression/ExSymExe16_false.yml	true	unknown	1.714662	1.7340834999995423	53.305344
jpf-regression/ExSymExe16_true.yml	true	true	1.63495	1.6474439429994163	52.944896
jpf-regression/ExSymExe17_false.yml	true	unknown	1.658583	1.6767886130000988	53.006336
jpf-regression/ExSymExe17_true.yml	true	true	1.636376	1.6583559269993202	55.234560
jpf-regression/ExSymExe18_false.yml	true	unknown	2.502098	2.5250564349998967	100.851712
jpf-regression/ExSymExe18_true.yml	true	true	2.238689	2.2622537399993234	53.465088
jpf-regression/ExSymExe19_false.yml	true	unknown	2.048667	2.0711146349995033	102.146048
jpf-regression/ExSymExe19_true.yml	true	unknown	2.151236	2.176868600000489	126.472192
jpf-regression/ExSymExe1_false.yml	true	unknown	2.1249	2.1400521850000587	124.604416
jpf-regression/ExSymExe1_true.yml	true	true	1.780297	1.8039575559996592	54.820864
jpf-regression/ExSymExe20_false.yml	true	unknown	5.204223	5.247482867999679	165.818368
jpf-regression/ExSymExe20_true.yml	true	true	2.179498	2.219429871000102	55.316480
jpf-regression/ExSymExe21_false.yml	true	unknown	2.353645	2.372692724999979	125.898752
jpf-regression/ExSymExe21_true.yml	true	true	1.832156	1.8614257919998636	53.190656
jpf-regression/ExSymExe25_false.yml	true	unknown	2.127577	2.1576159129999724	101.031936
jpf-regression/ExSymExe25_true.yml	true	true	2.096223	2.1123054170002433	53.014528
jpf-regression/ExSymExe26_false.yml	true	unknown	3.098867	3.102919015000225	134.877184
jpf-regression/ExSymExe26_true.yml	true	true	1.764102	1.787416520000079	54.620160
jpf-regression/ExSymExe27_false.yml	true	unknown	2.266934	2.2953347809998377	99.405824
jpf-regression/ExSymExe27_true.yml	true	true	2.160171	2.1822876539999925	55.263232
jpf-regression/ExSymExe28_false.yml	true	unknown	2.81542	2.855671693999284	102.092800
jpf-regression/ExSymExe28_true.yml	true	true	2.079355	2.0976469509996605	55.025664
jpf-regression/ExSymExe29_false.yml	true	unknown	2.731683	2.746052860000418	165.064704
jpf-regression/ExSymExe29_true.yml	true	true	1.956871	1.9643653049997738	54.636544
jpf-regression/ExSymExe2_false.yml	true	unknown	2.730592	2.741148197000257	129.994752
jpf-regression/ExSymExe2_true.yml	true	true	1.844914	1.8642424239997126	56.639488
jpf-regression/ExSymExe3_false.yml	true	unknown	2.533183	2.5585205630004566	100.487168
jpf-regression/ExSymExe3_true.yml	true	true	2.130698	2.1627238959999886	54.222848
jpf-regression/ExSymExe4_false.yml	true	unknown	2.35889	2.373741891999998	127.938560
jpf-regression/ExSymExe4_true.yml	true	true	1.779719	1.7979579319999175	54.009856
jpf-regression/ExSymExe5_false.yml	true	unknown	2.513498	2.530189991000043	100.225024
jpf-regression/ExSymExe5_true.yml	true	true	2.141529	2.1640391470000395	55.218176
jpf-regression/ExSymExe6_false.yml	true	unknown	2.035046	2.0502689539998755	97.570816
jpf-regression/ExSymExe6_true.yml	true	true	2.060126	2.091800555000191	52.764672
jpf-regression/ExSymExe7_false.yml	true	unknown	2.449509	2.462243001000388	125.878272
jpf-regression/ExSymExe7_true.yml	true	unknown	2.302484	2.316224002999661	133.087232
jpf-regression/ExSymExe8_false.yml	true	unknown	2.500806	2.5130431540001155	128.299008
jpf-regression/ExSymExe8_true.yml	true	true	2.086017	2.1118886200001725	53.116928
jpf-regression/ExSymExe9_false.yml	true	unknown	1.770485	1.7950610649995724	53.477376
jpf-regression/ExSymExe9_true.yml	true	true	2.060791	2.0943207070004064	53.043200
jpf-regression/ExSymExeArrays_false.yml	true	unknown	1.749782	1.7748060140002053	53.403648
jpf-regression/ExSymExeArrays_true.yml	true	true	1.938728	1.9746867200001361	54.538240
jpf-regression/ExSymExeBool_false.yml	true	unknown	2.049393	2.1439250399998855	53.420032
jpf-regression/ExSymExeBool_true.yml	true	true	1.841543	1.879681798999627	53.338112
jpf-regression/ExSymExeComplexMath_false.yml	true	unknown	2.080757	2.11033221300022	53.063680
jpf-regression/ExSymExeComplexMath_true.yml	true	true	2.085622	2.1163856260000102	53.207040
jpf-regression/ExSymExeD2I_false.yml	true	unknown	1.724713	1.80159771200033	53.977088
jpf-regression/ExSymExeD2I_true.yml	true	true	1.832883	1.8568259330004366	78.974976
jpf-regression/ExSymExeD2L_false.yml	true	true	2.297199	2.3149921530002757	78.344192
jpf-regression/ExSymExeD2L_true.yml	true	true	1.854644	1.9284225460005473	78.168064
jpf-regression/ExSymExeF2I_false.yml	true	unknown	2.051549	2.074092550000387	56.406016
jpf-regression/ExSymExeF2I_true.yml	true	true	2.119462	2.145030769999721	79.822848
jpf-regression/ExSymExeF2L_false.yml	true	true	1.704354	1.7181001700000706	77.930496
jpf-regression/ExSymExeF2L_true.yml	true	true	1.657875	1.6609913359998245	76.967936
jpf-regression/ExSymExeFNEG_false.yml	true	true	1.690029	1.708384357999421	81.195008
jpf-regression/ExSymExeFNEG_true.yml	true	true	2.155806	2.1688931200005754	77.074432
jpf-regression/ExSymExeGetStatic_false.yml	true	unknown	2.075403	2.098560561999875	53.534720
jpf-regression/ExSymExeGetStatic_true.yml	true	true	1.549092	1.5706880509997063	53.157888
jpf-regression/ExSymExeI2D_false.yml	true	true	2.372179	2.375465379000161	101.093376
jpf-regression/ExSymExeI2D_true.yml	true	true	1.989979	1.9928512259994022	114.892800
jpf-regression/ExSymExeI2F_false.yml	true	unknown	1.574958	1.5974018050001177	55.279616
jpf-regression/ExSymExeI2F_true.yml	true	true	1.807541	1.820216672999777	100.245504
jpf-regression/ExSymExeLCMP_false.yml	true	unknown	2.430712	2.435235092999392	101.957632
jpf-regression/ExSymExeLCMP_true.yml	true	true	2.395569	2.3993889799994577	101.728256
jpf-regression/ExSymExeLongBytecodes_false.yml	true	unknown	1.858018	1.8609490829994684	101.109760
jpf-regression/ExSymExeLongBytecodes_true.yml	true	true	2.920672	2.929122412999277	111.824896
jpf-regression/ExSymExeResearch_false.yml	true	unknown	2.085964	2.0891299860004438	123.879424
jpf-regression/ExSymExeResearch_true.yml	true	true	2.172559	2.176572789000602	110.256128
jpf-regression/ExSymExeSimple_false.yml	true	unknown	1.971341	2.0046117829997456	100.466688
jpf-regression/ExSymExeSimple_true.yml	true	true	2.594206	2.606590931000028	101.396480
jpf-regression/ExSymExeSuzette_false.yml	true	unknown	2.909344	2.9332857169993076	114.360320
jpf-regression/ExSymExeSuzette_true.yml	true	true	2.088938	2.1074570070004484	109.977600
jpf-regression/ExSymExeSwitch_false.yml	true	unknown	2.570946	2.6178081909993125	100.724736
jpf-regression/ExSymExeSwitch_true.yml	true	true	2.067363	2.091346887999862	100.913152
jpf-regression/ExSymExeTestAssignments_false.yml	true	unknown	2.162245	2.1733866399999897	100.392960
jpf-regression/ExSymExeTestAssignments_true.yml	true	true	2.567452	2.573798417999569	100.782080
jpf-regression/ExSymExeTestClassFields_false.yml	true	unknown	2.098527	2.1105235250006444	100.610048
jpf-regression/ExSymExeTestClassFields_true.yml	true	true	2.723528	2.743051196000124	108.441600
jpf-regression/ExSymExe_false.yml	true	unknown	2.19514	2.2138806839993777	54.943744
jpf-regression/ExSymExe_true.yml	true	true	2.225842	2.24277376200007	53.219328
jpf-regression/TestLazy_false.yml	true	unknown	2.207733	2.2299551159994735	100.675584
jpf-regression/TestLazy_true.yml	true	true	1.934755	1.952954129000318	100.503552
java-ranger-regression/TCAS_prop1.yml	true	unknown	12.920024	12.954587031999836	132.268032
java-ranger-regression/TCAS_prop2.yml	true	true	68.20542	68.29494788800002	146.173952
java-ranger-regression/TCAS_prop3.yml	true	true	53.349453	53.55209754599946	153.460736
java-ranger-regression/apachecli_eqchk.yml	true	true	471.338731	473.51504648900027	178.475008
java-ranger-regression/schedule_eqchk.yml	true	true	48.884991	49.044870016999994	137.256960
java-ranger-regression/WBS/WBS_prop1.yml	true	unknown	2.632893	2.6471118740000747	102.047744
java-ranger-regression/WBS/WBS_prop2.yml	true	true	49.977855	50.2970647380007	137.043968
java-ranger-regression/WBS/WBS_prop3.yml	true	unknown	3.774887	3.789865255999757	103.583744
java-ranger-regression/WBS/WBS_prop4.yml	true	unknown	60.821891	60.91257056700033	133.726208
java-ranger-regression/alarm/Alarm_prop1.yml	true	true	3.307047	3.325387347999822	110.125056
java-ranger-regression/alarm/Alarm_prop10.yml	true	true	3.105838	3.116550699000072	103.178240
java-ranger-regression/alarm/Alarm_prop2.yml	true	true	3.09095	3.102106919999642	109.178880
java-ranger-regression/alarm/Alarm_prop3.yml	true	true	3.229269	3.2397488970000268	116.957184
java-ranger-regression/alarm/Alarm_prop4.yml	true	true	3.177527	3.1958468889997675	106.663936
java-ranger-regression/alarm/Alarm_prop5.yml	true	true	3.105688	3.122312181999405	107.048960
java-ranger-regression/alarm/Alarm_prop6.yml	true	true	3.337315	3.3649411360001977	117.018624
java-ranger-regression/alarm/Alarm_prop8.yml	true	true	3.147742	3.163201392000701	105.558016
java-ranger-regression/alarm/Alarm_prop9.yml	true	true	3.111247	3.116390356000011	104.566784
java-ranger-regression/infusion/Infusion_prop1.yml	true	true	3.045191	3.05358241400063	102.604800
java-ranger-regression/infusion/Infusion_prop10.yml	true	true	2.916757	2.924006534999535	102.572032
java-ranger-regression/infusion/Infusion_prop11.yml	true	true	2.812124	2.8262370150005154	103.841792
java-ranger-regression/infusion/Infusion_prop12.yml	true	true	2.814616	2.8278485319997344	104.026112
java-ranger-regression/infusion/Infusion_prop13.yml	true	true	2.827475	2.840716908000104	102.490112
java-ranger-regression/infusion/Infusion_prop2.yml	true	true	2.976967	2.989205986000343	118.423552
java-ranger-regression/infusion/Infusion_prop3.yml	true	true	2.758115	2.762083098000403	108.261376
java-ranger-regression/infusion/Infusion_prop4.yml	true	true	3.661066	3.6698418830001174	103.710720
java-ranger-regression/infusion/Infusion_prop5.yml	true	true	2.811509	2.8217061489995103	103.219200
java-ranger-regression/infusion/Infusion_prop6.yml	true	true	2.816979	2.8278050290000465	103.813120
java-ranger-regression/infusion/Infusion_prop7.yml	true	true	3.093263	3.108812817999933	109.453312
java-ranger-regression/infusion/Infusion_prop8.yml	true	true	3.624565	3.656904864000353	105.181184
java-ranger-regression/infusion/Infusion_prop9.yml	true	true	2.983194	3.0018683369999053	104.263680
java-ranger-regression/siena_eqchk/siena_prop1.yml	true	unknown	33.635424	33.750706738999725	139.825152
java-ranger-regression/siena_eqchk/siena_prop2.yml	true	unknown	20.139519	20.185523875999934	130.076672
java-ranger-regression/replace5_eqchk/replace5_prop1.yml	true	true	109.220918	109.69861089900041	139.968512
java-ranger-regression/replace5_eqchk/replace5_prop2.yml	true	unknown	3.82839	3.9077424670003893	103.964672
java-ranger-regression/nanoxml_eqchk/nanoxml_prop1.yml	false	unknown	3.766439	3.7813523920003718	101.216256
java-ranger-regression/nanoxml_eqchk/nanoxml_prop2.yml	false	unknown	4.070811	4.095955739999226	110.751744
java-ranger-regression/nanoxml_eqchk/nanoxml_prop3.yml	false	unknown	3.835003	3.8585250650003218	101.122048
java-ranger-regression/printtokens_eqchk/printtokens_prop1.yml	true	unknown	3.226906	3.25706411200008	101.744640
java-ranger-regression/printtokens_eqchk/printtokens_prop2.yml	true	unknown	3.488629	3.5009864579997156	114.290688
MinePump/spec1-5_product1.yml	true	unknown	3.534129	3.5441608709998036	106.618880
MinePump/spec1-5_product10.yml	true	unknown	3.94527	3.9697369309997157	116.707328
MinePump/spec1-5_product11.yml	true	unknown	15.303907	15.371598558999722	118.120448
MinePump/spec1-5_product12.yml	true	unknown	4.403298	4.407966609999676	109.563904
MinePump/spec1-5_product13.yml	true	unknown	2.986191	2.992820381000456	106.418176
MinePump/spec1-5_product14.yml	true	unknown	3.011946	3.030307069000628	118.456320
MinePump/spec1-5_product15.yml	true	unknown	14.937182	14.961417845000142	115.892224
MinePump/spec1-5_product16.yml	true	unknown	3.497684	3.5048794320000525	109.592576
MinePump/spec1-5_product17.yml	true	unknown	3.332256	3.356351526000253	107.061248
MinePump/spec1-5_product18.yml	true	unknown	3.058636	3.076772548000008	117.387264
MinePump/spec1-5_product19.yml	true	unknown	15.004998	15.015622898000402	125.222912
MinePump/spec1-5_product2.yml	true	unknown	2.919329	2.927808968000136	117.518336
MinePump/spec1-5_product20.yml	true	unknown	3.650171	3.6553708060000645	109.731840
MinePump/spec1-5_product21.yml	true	unknown	3.22894	3.235938673000419	116.830208
MinePump/spec1-5_product22.yml	true	unknown	3.415177	3.4397447510000347	106.729472
MinePump/spec1-5_product23.yml	true	unknown	11.511006	11.525487218999842	121.667584
MinePump/spec1-5_product24.yml	true	unknown	3.648517	3.6636849860005896	109.965312
MinePump/spec1-5_product25.yml	true	unknown	3.380296	3.393461159999788	106.049536
MinePump/spec1-5_product26.yml	true	unknown	2.752716	2.780417314999795	106.459136
MinePump/spec1-5_product27.yml	true	unknown	15.346136	15.383451041000626	125.685760
MinePump/spec1-5_product28.yml	true	unknown	3.339673	3.35769816300035	109.764608
MinePump/spec1-5_product29.yml	true	unknown	3.364931	3.3796827649994157	107.380736
MinePump/spec1-5_product3.yml	true	unknown	10.660835	10.67043256299985	117.219328
MinePump/spec1-5_product30.yml	true	unknown	2.661848	2.6700111609998203	107.040768
MinePump/spec1-5_product31.yml	true	unknown	15.14922	15.163184283000191	126.025728
MinePump/spec1-5_product32.yml	true	unknown	3.386886	3.4065156799997567	109.367296
MinePump/spec1-5_product33.yml	true	unknown	2.899449	2.9165246970005683	101.769216
MinePump/spec1-5_product34.yml	true	unknown	2.473978	2.536511401000098	100.683776
MinePump/spec1-5_product35.yml	true	unknown	9.658208	9.7802769179998	115.703808
MinePump/spec1-5_product36.yml	true	unknown	4.379848	4.426307134000126	119.775232
MinePump/spec1-5_product37.yml	true	unknown	2.515025	2.534261052000147	102.772736
MinePump/spec1-5_product38.yml	true	unknown	2.316487	2.3376506439999503	101.941248
MinePump/spec1-5_product39.yml	true	unknown	13.612638	13.628541987999597	116.150272
MinePump/spec1-5_product4.yml	true	unknown	4.278314	4.28891114399994	109.690880
MinePump/spec1-5_product40.yml	true	unknown	3.297242	3.364616315000603	109.641728
MinePump/spec1-5_product41.yml	true	unknown	2.706322	2.7586832020006113	105.512960
MinePump/spec1-5_product42.yml	true	unknown	3.481731	3.4882144329994844	107.155456
MinePump/spec1-5_product43.yml	true	unknown	10.984574	10.99963807199947	121.810944
MinePump/spec1-5_product44.yml	true	unknown	3.260784	3.2758479979993353	109.617152
MinePump/spec1-5_product45.yml	true	unknown	4.051892	4.0697952710006575	108.072960
MinePump/spec1-5_product46.yml	true	unknown	3.209833	3.225252411999463	108.150784
MinePump/spec1-5_product47.yml	true	unknown	15.435311	15.468770161000066	127.045632
MinePump/spec1-5_product48.yml	true	unknown	4.271592	4.279809819000548	109.432832
MinePump/spec1-5_product49.yml	true	unknown	2.354235	2.368376162000459	102.166528
MinePump/spec1-5_product5.yml	true	unknown	2.629419	2.6408480480004073	106.356736
MinePump/spec1-5_product50.yml	true	unknown	2.35902	2.4201874119999047	100.782080
MinePump/spec1-5_product51.yml	true	unknown	14.290291	14.383381476000068	124.182528
MinePump/spec1-5_product52.yml	true	unknown	3.130593	3.143348087999584	109.232128
MinePump/spec1-5_product53.yml	true	unknown	2.355855	2.3639401370000996	101.687296
MinePump/spec1-5_product54.yml	true	unknown	2.705659	2.7336169529999097	101.457920
MinePump/spec1-5_product55.yml	true	unknown	10.913907	11.098537576000126	114.167808
MinePump/spec1-5_product56.yml	true	unknown	3.659653	3.6662408459997096	109.760512
MinePump/spec1-5_product57.yml	true	true	123.907679	124.00809967700025	137.613312
MinePump/spec1-5_product58.yml	true	true	99.607098	100.14193131899992	139.509760
MinePump/spec1-5_product59.yml	true	true	127.281238	127.46257483299996	139.976704
MinePump/spec1-5_product6.yml	true	unknown	2.724542	2.7390770100000736	105.775104
MinePump/spec1-5_product60.yml	true	true	99.917498	100.44618330999947	140.316672
MinePump/spec1-5_product61.yml	true	true	102.854257	103.45590534999974	140.980224
MinePump/spec1-5_product62.yml	true	true	103.847389	104.27655733999927	141.549568
MinePump/spec1-5_product63.yml	true	true	98.885497	99.46412292399964	140.210176
MinePump/spec1-5_product64.yml	true	true	99.105403	99.5014259489999	139.993088
MinePump/spec1-5_product7.yml	true	unknown	16.769757	16.807747028999984	126.029824
MinePump/spec1-5_product8.yml	true	unknown	4.818092	4.846613603999685	109.740032
MinePump/spec1-5_product9.yml	true	unknown	3.9381	3.9535083869996015	106.323968
algorithms/BellmanFord-FunSat01.yml	true	unknown	3.116838	3.1277118900006826	109.690880
algorithms/BellmanFord-FunSat02.yml	true	unknown	3.009018	3.0287179739998464	116.621312
algorithms/BellmanFord-FunUnsat01.yml	true	unknown	3.153324	3.1649321370005055	110.739456
algorithms/BellmanFord-FunUnsat02.yml	true	unknown	3.002352	3.017832253999586	109.228032
algorithms/BellmanFord-MemSat01.yml	true	unknown	3.109676	3.119885146999877	109.842432
algorithms/BellmanFord-MemSat02.yml	true	unknown	3.056384	3.071020006999788	111.456256
algorithms/BellmanFord-MemUnsat01.yml	true	unknown	3.124746	3.1344666599998163	110.010368
algorithms/BellmanFord-MemUnsat02.yml	true	unknown	2.999036	3.0076294439995763	100.974592
algorithms/BinaryTreeSearch-FunSat01.yml	true	true	36.982138	37.035014357000364	136.617984
algorithms/BinaryTreeSearch-FunUnsat01.yml	true	unknown	4.663631	4.671275366999907	119.943168
algorithms/BinaryTreeSearch-MemSat01.yml	true	true	42.562488	42.612755637999726	145.403904
algorithms/BinaryTreeSearch-MemUnsat01.yml	true	unknown	3.282632	3.303707425000539	101.756928
algorithms/BinaryTreeSearch-MemUnsat02.yml	true	unknown	2.958606	2.968685005000225	102.137856
algorithms/InsertionSort-FunSat01.yml	true	unknown	3.173843	3.1896097310000187	113.614848
algorithms/InsertionSort-FunSat02.yml	true	unknown	3.156056	3.1715166120002323	114.110464
algorithms/InsertionSort-FunUnsat01.yml	true	unknown	2.857534	2.867819559000054	101.974016
algorithms/InsertionSort-MemSat01.yml	true	unknown	2.727821	2.73577163400023	101.281792
algorithms/InsertionSort-MemUnsat01.yml	true	unknown	2.858796	2.8745847959999082	101.580800
algorithms/MergeSortIterative-FunSat01.yml	true	unknown	2.404617	2.422404022999217	100.737024
algorithms/MergeSortIterative-FunSat02.yml	true	unknown	2.747081	2.7540245560003314	103.776256
algorithms/MergeSortIterative-FunUnsat01.yml	true	unknown	2.270345	2.2776753860007375	101.453824
algorithms/MergeSortIterative-MemSat01.yml	true	unknown	2.793515	2.803903093000372	100.958208
algorithms/MergeSortIterative-MemUnsat01.yml	true	unknown	2.580304	2.5866885410005125	102.174720
algorithms/RedBlackTree-FunSat01.yml	true	true	5.36372	5.3767412280003555	111.009792
algorithms/RedBlackTree-FunUnsat01.yml	true	unknown	4.195501	4.22600993100059	108.507136
algorithms/RedBlackTree-MemSat01.yml	true	true	34.229095	34.27114449799956	146.272256
algorithms/RedBlackTree-MemUnsat01.yml	true	unknown	5.513683	5.531887099000414	113.176576
algorithms/SortedListInsert-FunSat01.yml	true	true	29.896537	29.923747889999504	145.010688
algorithms/SortedListInsert-FunSat02.yml	true	true	33.075151	33.124906051000835	139.399168
algorithms/SortedListInsert-FunUnsat01.yml	true	unknown	4.204903	4.228997745000015	119.508992
algorithms/SortedListInsert-MemSat01.yml	true	true	14.056222	14.082766911999897	135.008256
algorithms/SortedListInsert-MemUnsat01.yml	true	unknown	2.371462	2.3990120629996454	101.056512
algorithms/Trie-FunSat01.yml	true	true	2.473953	2.493055083999934	100.331520
algorithms/Trie-FunUnsat01.yml	true	unknown	2.624775	2.63854178100064	113.524736
algorithms/Trie-MemSat01.yml	true	true	2.199737	2.223106401000223	100.724736
algorithms/Trie-MemUnsat01.yml	true	unknown	2.234083	2.2582412589999876	101.011456
algorithms/Tsp-FunSat01.yml	true	unknown	2.314014	2.3275526839997838	113.152000
algorithms/Tsp-FunUnsat01.yml	true	unknown	2.20003	2.2047508169998764	100.368384
algorithms/Tsp-MemSat01.yml	true	unknown	2.442751	2.4834717670000828	101.048320
algorithms/Tsp-MemUnsat01.yml	true	unknown	2.437528	2.5422898329998134	106.180608
juliet-java/CWE369_Divide_by_Zero__float_connect_tcp_divide_01_bad.yml	true	unknown	2.427717	2.4485921810000946	55.898112
juliet-java/CWE369_Divide_by_Zero__float_connect_tcp_divide_01_bad_version2.yml	true	unknown	2.460302	2.4880244349997156	54.009856
juliet-java/CWE369_Divide_by_Zero__float_connect_tcp_divide_01_good.yml	true	unknown	2.169196	2.223363144999894	54.591488
juliet-java/CWE369_Divide_by_Zero__float_connect_tcp_divide_81a_bad.yml	true	unknown	2.361898	2.3850274309997985	54.927360
juliet-java/CWE369_Divide_by_Zero__float_connect_tcp_divide_81a_bad_version2.yml	true	unknown	2.176917	2.1988603499994497	55.578624
juliet-java/CWE369_Divide_by_Zero__float_connect_tcp_divide_81a_good.yml	true	unknown	2.124742	2.1529064679998555	53.714944
juliet-java/CWE369_Divide_by_Zero__float_console_readLine_divide_54_bad.yml	true	unknown	2.767038	2.8009176229998047	78.368768
juliet-java/CWE369_Divide_by_Zero__float_console_readLine_divide_54_bad_version2.yml	true	unknown	2.815253	2.8355977450000864	87.715840
juliet-java/CWE369_Divide_by_Zero__float_console_readLine_divide_54_good.yml	true	unknown	2.123457	2.1287129299998924	78.340096
jdart-regression/OverapproximationString01.yml	true	unknown	1.985091	2.007814863999556	80.793600
jdart-regression/URLDecoder01.yml	false	unknown	2.236342	2.2496384439991743	57.151488
jdart-regression/URLDecoder02.yml	false	unknown	2.132157	2.156499378999797	57.417728
jdart-regression/addition01.yml	true	true	2.878453	2.893788291000419	112.635904
jdart-regression/array-iteration01.yml	true	unknown	2.070412	2.07380422299957	110.051328
jdart-regression/boundcheck100.yml	true	unknown	7.970154	7.99246542200035	112.955392
jdart-regression/boundcheck200.yml	true	unknown	19.927045	19.94524801999978	122.118144
jdart-regression/boundcheck30.yml	true	unknown	5.134897	5.148962700999618	105.451520
jdart-regression/double2long.yml	true	true	1.868111	1.8807904719997168	78.123008
jdart-regression/float.yml	true	true	1.850952	1.8548998629994458	77.869056
jdart-regression/list2.yml	true	true	283.657909	284.127670844	181.628928
jdart-regression/radians.yml	true	false	1.832632	1.8414485250004873	53.047296
jdart-regression/shifting.yml	true	unknown	2.126576	2.1401992239998435	109.461504
jdart-regression/shifting2.yml	true	unknown	2.578503	2.5932234749998315	108.716032
jdart-regression/shifting3.yml	true	unknown	2.032317	2.0378476200003206	110.637056
jdart-regression/startswith.yml	true	true	2.022443	2.034921415000099	80.769024
securibench/Aliasing1.yml	true	unknown	4.262887	4.290678721999939	88.817664
securibench/Aliasing2.yml	true	true	3.009208	3.030307740000353	56.737792
securibench/Aliasing3.yml	true	true	3.121753	3.1409024889999273	64.380928
securibench/Aliasing4.yml	true	unknown	3.346047	3.3600758819993644	82.788352
securibench/Aliasing5.yml	true	unknown	4.27254	4.2973432510007115	83.013632
securibench/Aliasing6.yml	true	unknown	3.638269	3.6524884259997634	83.132416
securibench/Arrays1.yml	true	unknown	3.43777	3.464674071000445	85.475328
securibench/Arrays10.yml	false	false	3.403742	3.4224029139995764	81.801216
securibench/Arrays2.yml	true	unknown	4.526495	4.544234651999432	101.642240
securibench/Arrays3.yml	true	unknown	3.264529	3.2894057049998082	86.749184
securibench/Arrays4.yml	true	unknown	4.404657	4.418740621000325	82.546688
securibench/Arrays5.yml	true	true	3.101656	3.117298557999675	56.578048
securibench/Arrays6.yml	true	unknown	4.360789	4.375529892000486	82.624512
securibench/Arrays7.yml	true	unknown	3.225813	3.2398775640003805	81.989632
securibench/Arrays8.yml	true	unknown	3.60944	3.634042196000337	86.056960
securibench/Arrays9.yml	true	unknown	4.587785	4.602737815000182	87.154688
securibench/Basic1.yml	true	unknown	3.986341	4.0015145819998	82.280448
securibench/Basic10.yml	true	unknown	4.77835	4.805409556000086	82.436096
securibench/Basic11.yml	true	unknown	3.593001	3.633125115000439	54.702080
securibench/Basic12.yml	true	unknown	4.894691	4.927215562999663	107.294720
securibench/Basic15.yml	true	unknown	3.906428	3.9398182249997262	83.759104
securibench/Basic16.yml	true	unknown	4.586661	4.592689425000572	82.292736
securibench/Basic17.yml	true	unknown	4.089181	4.1183089280002605	83.107840
securibench/Basic18.yml	true	unknown	3.83393	3.8615602910003872	89.948160
securibench/Basic19.yml	true	unknown	4.413011	4.429247334000138	83.021824
securibench/Basic2.yml	true	unknown	3.503312	3.513508780999473	103.145472
securibench/Basic20.yml	true	unknown	4.475146	4.492600960000345	83.148800
securibench/Basic21.yml	true	unknown	3.327205	3.342150190999746	62.648320
securibench/Basic24.yml	true	unknown	4.417061	4.44076400799986	60.055552
securibench/Basic25.yml	true	unknown	3.36926	3.373817087000134	62.533632
securibench/Basic26.yml	true	unknown	4.548713	4.554107429000396	86.867968
securibench/Basic27.yml	true	unknown	3.859766	3.8872035309996136	82.313216
securibench/Basic28.yml	true	true	3.618835	3.683696491999399	58.077184
securibench/Basic29.yml	true	unknown	4.645583	4.6827715580002405	82.784256
securibench/Basic3.yml	true	unknown	4.275004	4.314461080000001	59.392000
securibench/Basic30.yml	true	unknown	4.073424	4.118476910999561	89.452544
securibench/Basic31.yml	true	unknown	4.023929	4.063982012999986	87.678976
securibench/Basic32.yml	true	unknown	4.560429	4.581260008000754	83.058688
securibench/Basic33.yml	true	unknown	4.682504	4.707872203000079	82.341888
securibench/Basic34.yml	true	unknown	3.900389	3.9121574410000903	82.731008
securibench/Basic35.yml	true	unknown	4.242564	4.256625543999689	87.420928
securibench/Basic37.yml	true	unknown	4.827327	4.843348291000439	103.178240
securibench/Basic38.yml	true	unknown	3.95205	3.9579503439999826	101.990400
securibench/Basic39.yml	true	unknown	4.791805	4.809428532000311	102.027264
securibench/Basic4.yml	true	unknown	4.878667	4.91844221700012	106.995712
securibench/Basic5.yml	true	unknown	3.657334	3.6812623300002087	55.177216
securibench/Basic6.yml	true	unknown	4.126555	4.1396012240002165	55.697408
securibench/Basic7.yml	true	unknown	3.256019	3.2707814039995355	55.521280
securibench/Basic8.yml	true	true	3.382559	3.417771294999511	55.570432
securibench/Basic9.yml	true	unknown	4.602412	4.611737449999964	102.887424
securibench/Collections1.yml	true	unknown	4.374413	4.448741221000091	84.045824
securibench/Collections10.yml	true	unknown	3.972846	4.02029407200007	86.003712
securibench/Collections12.yml	true	unknown	4.641446	4.657667730999492	82.378752
securibench/Collections13.yml	true	true	3.635411	3.67714038000031	57.290752
securibench/Collections14.yml	true	unknown	5.666286	5.741185107999627	92.078080
securibench/Collections2.yml	true	unknown	4.519124	4.533060820000173	82.563072
securibench/Collections3.yml	true	unknown	3.882875	3.894490434000545	82.546688
securibench/Collections4.yml	true	unknown	3.848322	3.8722467210000104	82.001920
securibench/Collections5.yml	true	unknown	4.665316	4.683811799999603	88.334336
securibench/Collections6.yml	true	unknown	4.589593	4.619619176999549	82.522112
securibench/Collections7.yml	true	unknown	3.825048	3.8459179999999833	82.358272
securibench/Collections8.yml	true	true	4.379366	4.460969093999665	58.572800
securibench/Collections9.yml	false	false	3.916236	3.952428577000319	82.661376
securibench/Datastructures1.yml	true	unknown	4.799658	4.813608826999371	95.522816
securibench/Datastructures2.yml	true	unknown	3.793423	3.8483688690002964	82.808832
securibench/Datastructures3.yml	true	unknown	4.692649	4.711666003000573	95.383552
securibench/Datastructures4.yml	true	true	3.585145	3.6429179389997444	56.885248
securibench/Datastructures5.yml	true	unknown	4.340334	4.428652822000004	55.037952
securibench/Datastructures6.yml	true	unknown	6.122647	6.158266466999521	105.652224
securibench/Factories1.yml	true	unknown	3.516424	3.539547142999254	60.329984
securibench/Factories2.yml	true	unknown	4.07418	4.088325114999861	95.903744
securibench/Factories3.yml	true	unknown	4.626782	4.645019094999952	83.107840
securibench/Inter1.yml	true	unknown	4.49858	4.54230501299935	83.505152
securibench/Inter10.yml	true	unknown	3.361857	3.38371277799979	55.586816
securibench/Inter11.yml	true	unknown	3.403248	3.4174153339999975	56.946688
securibench/Inter12.yml	true	unknown	4.637994	4.661594084999706	95.424512
securibench/Inter13.yml	true	unknown	4.634415	4.648117464000279	89.210880
securibench/Inter14.yml	true	unknown	5.21622	5.250198077999812	87.826432
securibench/Inter2.yml	true	unknown	3.526271	3.541812726999524	83.124224
securibench/Inter3.yml	true	unknown	3.881956	3.8857831450004596	96.874496
securibench/Inter4.yml	true	unknown	4.381958	4.405194862999451	82.665472
securibench/Inter5.yml	true	unknown	4.005686	4.029050295000161	55.357440
securibench/Inter6.yml	true	unknown	3.420521	3.4388770420000583	82.227200
securibench/Inter7.yml	true	unknown	4.494364	4.530884456000422	87.060480
securibench/Inter8.yml	true	unknown	3.449944	3.4796292270002596	82.649088
securibench/Inter9.yml	true	unknown	3.116326	3.134366749000037	56.614912
securibench/Pred1.yml	true	true	3.914609	3.9376410579998264	55.894016
securibench/Pred2.yml	true	unknown	4.508414	4.53135176700016	104.587264
securibench/Pred3.yml	true	true	3.454705	3.47819126900049	101.867520
securibench/Pred4.yml	true	unknown	4.446427	4.470193322999876	82.354176
securibench/Pred5.yml	true	unknown	3.357826	3.361424168000667	83.611648
securibench/Pred6.yml	true	true	3.976622	3.9995952780000152	56.004608
securibench/Pred7.yml	true	true	4.06376	4.0768644760000825	56.860672
securibench/Pred8.yml	true	unknown	3.38896	3.4089667990001544	82.690048
securibench/Pred9.yml	true	true	4.521954	4.543469985999764	83.206144
securibench/Refl1.yml	true	unknown	3.363009	3.4104813060002925	82.169856
securibench/Refl2.yml	true	true	4.005225	4.021672355000192	59.129856
securibench/Refl3.yml	true	unknown	3.596124	3.6345759929999986	95.465472
securibench/Refl4.yml	true	unknown	4.339317	4.357585966999977	86.872064
securibench/Sanitizers1.yml	true	TIMEOUT	900.659548	901.0021836119995	1996.910592
securibench/Sanitizers2.yml	true	OUT OF MEMORY	331.941381	332.271132502	2999.996416
securibench/Sanitizers3.yml	true	unknown	3.485751	3.5153217079996466	64.512000
securibench/Sanitizers4.yml	true	TIMEOUT	900.875804	901.0026687699992	963.633152
securibench/Sanitizers5.yml	true	unknown	4.554122	4.5689906540001175	62.525440
securibench/Sanitizers6.yml	true	true	18.264123	18.29143101000045	181.891072
securibench/Session1.yml	true	unknown	4.656923	4.667642221999813	83.939328
securibench/Session2.yml	true	unknown	4.486593	4.49970975999986	83.382272
securibench/Session3.yml	true	unknown	4.713048	4.737266615000408	87.883776
securibench/StrongUpdates1.yml	true	true	4.286735	4.301702366999962	58.363904
securibench/StrongUpdates2.yml	true	true	3.202828	3.22567362800055	57.774080
securibench/StrongUpdates3.yml	true	true	3.763244	3.767414341999938	58.327040
securibench/StrongUpdates4.yml	true	true	3.132068	3.1458705249997365	55.664640
securibench/StrongUpdates5.yml	false	false	3.259041	3.303622804999577	55.664640
float-nonlinear-calculation/Bessel.yml	true	true	2.390188	2.4152046290000726	77.594624
float-nonlinear-calculation/Conflict.yml	true	true	2.641283	2.6575733979998404	79.237120
float-nonlinear-calculation/EulerMethod.yml	true	unknown	2.012617	2.0210753979999936	80.740352
float-nonlinear-calculation/MathSin.yml	true	unknown	3.085311	3.0964508480001314	55.017472
float-nonlinear-calculation/Optimization1.yml	true	unknown	2.49795	2.51140183500047	77.803520
float-nonlinear-calculation/Optimization2.yml	true	unknown	2.409905	2.4293907720002608	77.770752
float-nonlinear-calculation/Optimization3.yml	true	true	2.865341	2.8862835410000116	81.571840
float-nonlinear-calculation/Optimization4.yml	true	unknown	2.356727	2.369477594000273	77.803520
float-nonlinear-calculation/Optimization5.yml	true	unknown	2.948969	2.9548966269994708	78.573568
float-nonlinear-calculation/Optimization6.yml	true	unknown	2.372801	2.385313173999748	77.500416
float-nonlinear-calculation/PartitionEx.yml	true	true	2.297933	2.302016192999872	78.680064
float-nonlinear-calculation/TurnLogic.yml	true	true	1.837152	1.8606250900002124	53.616640
float-nonlinear-calculation/coral1.yml	true	unknown	2.955707	2.9702328430003035	78.340096
float-nonlinear-calculation/coral10.yml	true	unknown	2.377746	2.406694561000222	78.106624
float-nonlinear-calculation/coral11.yml	true	unknown	2.916222	2.926879846999327	78.315520
float-nonlinear-calculation/coral12.yml	true	unknown	2.408041	2.429857457000253	77.656064
float-nonlinear-calculation/coral13.yml	true	unknown	2.493655	2.5079745289995117	78.467072
float-nonlinear-calculation/coral14.yml	true	unknown	3.208327	3.2195904130003328	79.085568
float-nonlinear-calculation/coral15.yml	true	unknown	2.558551	2.571881785000187	77.991936
float-nonlinear-calculation/coral16.yml	true	true	3.312978	3.3374726749998445	80.601088
float-nonlinear-calculation/coral17.yml	true	unknown	2.474006	2.4890405199994348	78.737408
float-nonlinear-calculation/coral18.yml	true	unknown	3.134133	3.144844649999868	79.429632
float-nonlinear-calculation/coral19.yml	true	unknown	2.514306	2.5200849220000237	78.065664
float-nonlinear-calculation/coral2.yml	true	unknown	3.029165	3.043427796999822	78.807040
float-nonlinear-calculation/coral20.yml	true	unknown	2.986064	2.9970645749999676	78.098432
float-nonlinear-calculation/coral21.yml	true	unknown	2.588771	2.6085613949999242	88.866816
float-nonlinear-calculation/coral22.yml	true	unknown	2.985344	3.0010256870000376	79.499264
float-nonlinear-calculation/coral23.yml	true	true	2.471794	2.489338186999703	77.742080
float-nonlinear-calculation/coral26.yml	true	true	3.243952	3.2587114660000225	77.721600
float-nonlinear-calculation/coral27.yml	true	unknown	3.006977	3.03413208100028	79.953920
float-nonlinear-calculation/coral28.yml	true	unknown	2.53164	2.5527726899999834	78.315520
float-nonlinear-calculation/coral29.yml	true	unknown	3.248081	3.2534362249998594	77.684736
float-nonlinear-calculation/coral3.yml	true	true	3.044251	3.069111334999434	79.646720
float-nonlinear-calculation/coral30.yml	true	unknown	2.450173	2.464332954999918	56.442880
float-nonlinear-calculation/coral31.yml	true	true	3.255668	3.2758460230006676	78.569472
float-nonlinear-calculation/coral32.yml	true	unknown	2.645908	2.6584659909995025	78.458880
float-nonlinear-calculation/coral33.yml	true	unknown	2.900297	2.906620963000023	79.134720
float-nonlinear-calculation/coral34.yml	true	unknown	3.273825	3.2816636560000916	81.092608
float-nonlinear-calculation/coral35.yml	true	unknown	2.742876	2.758109300000797	78.417920
float-nonlinear-calculation/coral36.yml	true	unknown	3.059661	3.073370253999201	56.913920
float-nonlinear-calculation/coral38.yml	true	unknown	2.71822	2.7294925799997145	78.475264
float-nonlinear-calculation/coral39.yml	true	unknown	3.268893	3.2768420329994115	79.810560
float-nonlinear-calculation/coral4.yml	true	unknown	3.212276	3.2304246820003755	77.668352
float-nonlinear-calculation/coral40.yml	true	unknown	2.677018	2.697084112999619	78.123008
float-nonlinear-calculation/coral41.yml	true	unknown	2.928441	2.9378176919999532	78.368768
float-nonlinear-calculation/coral42.yml	true	unknown	3.055033	3.063622036999732	77.783040
float-nonlinear-calculation/coral43.yml	true	unknown	2.653638	2.666382285000509	78.405632
float-nonlinear-calculation/coral44.yml	true	unknown	3.103154	3.1208601610005644	78.118912
float-nonlinear-calculation/coral45.yml	true	unknown	3.302928	3.3351440510004977	78.467072
float-nonlinear-calculation/coral46.yml	true	unknown	2.907829	2.9468945339995116	78.872576
float-nonlinear-calculation/coral48.yml	true	true	3.392886	3.41140642100072	78.467072
float-nonlinear-calculation/coral49.yml	true	unknown	3.536229	3.5609652849998383	78.827520
float-nonlinear-calculation/coral5.yml	true	true	2.687558	2.712768768999922	79.433728
float-nonlinear-calculation/coral50.yml	true	unknown	2.977017	2.9912045000000944	78.102528
float-nonlinear-calculation/coral51.yml	true	unknown	2.627214	2.644428345000051	80.150528
float-nonlinear-calculation/coral52.yml	true	unknown	3.468443	3.48326970800008	79.093760
float-nonlinear-calculation/coral53.yml	true	unknown	3.072941	3.0903718409999783	81.170432
float-nonlinear-calculation/coral54.yml	true	unknown	2.707127	2.763965563000056	79.507456
float-nonlinear-calculation/coral55.yml	true	true	3.287316	3.383494054000039	77.479936
float-nonlinear-calculation/coral56.yml	true	true	3.1056	3.122673386000315	78.598144
float-nonlinear-calculation/coral57.yml	true	true	2.726678	2.771712277000006	77.553664
float-nonlinear-calculation/coral58.yml	true	true	3.295073	3.30244644800041	78.151680
float-nonlinear-calculation/coral59.yml	true	true	2.589801	2.605190741000115	78.606336
float-nonlinear-calculation/coral6.yml	true	unknown	3.011939	3.023592999000357	78.524416
float-nonlinear-calculation/coral60.yml	true	true	3.21629	3.2419440209996537	83.390464
float-nonlinear-calculation/coral61.yml	true	true	2.381502	2.3941119339997385	77.881344
float-nonlinear-calculation/coral62.yml	true	true	2.991444	3.0028123190004408	78.958592
float-nonlinear-calculation/coral63.yml	true	true	2.294364	2.2983520750003663	77.778944
float-nonlinear-calculation/coral64.yml	true	true	3.03213	3.045351810000284	78.966784
float-nonlinear-calculation/coral65.yml	true	true	3.002908	3.0086698300001444	78.802944
float-nonlinear-calculation/coral66.yml	true	true	2.368824	2.378591480999603	78.520320
float-nonlinear-calculation/coral67.yml	true	true	3.019036	3.0321104140002717	78.979072
float-nonlinear-calculation/coral68.yml	true	true	3.032169	3.048542714999712	78.163968
float-nonlinear-calculation/coral69.yml	true	true	2.49128	2.500312911999572	78.475264
float-nonlinear-calculation/coral71.yml	true	unknown	2.787117	2.7923602689998006	78.389248
float-nonlinear-calculation/coral72.yml	true	unknown	2.926713	2.934112566999829	78.090240
float-nonlinear-calculation/coral73.yml	true	unknown	2.420006	2.427416398999412	79.667200
float-nonlinear-calculation/coral74.yml	true	unknown	2.928614	2.9411223859997335	78.106624
float-nonlinear-calculation/coral75.yml	true	unknown	2.521238	2.5472387790005087	78.344192
float-nonlinear-calculation/coral76.yml	true	true	2.925529	2.938946415999453	78.766080
float-nonlinear-calculation/coral77.yml	true	true	3.266928	3.275525691999974	79.892480
float-nonlinear-calculation/coral79.yml	true	true	2.438207	2.451381073000448	79.216640
float-nonlinear-calculation/coral80.yml	true	true	2.998466	3.0128556280005796	78.577664
float-nonlinear-calculation/coral81.yml	true	unknown	2.485044	2.499709000000621	78.176256
float-nonlinear-calculation/coral84.yml	true	unknown	3.219125	3.2364981669998087	80.814080
float-nonlinear-calculation/coral9.yml	true	unknown	2.992859	3.0111545780000597	79.400960
float-nonlinear-calculation/coral91.yml	true	true	2.424172	2.43867787399995	78.053376
